"Date","Shift","Focused Factory","Model","Line","Defect Description","Defect Q'ty","Defect Rate","Root Cause","Part number","Vendor","Picture","Corrective Action","Target Date","Status","Following By","5M1D","Material Category","PE PIC"
"4/24/2026","Night shift","EEC","130606033","C2-095","The CELL CONTACT STRAP was burnt at the welding spot process.","1","0.10%","The spot welding machine got trouble then check jig clamp cell was found dirt => created burnt strap cell.","N/A","N/A","Screenshot 2026-04-25 062417.png","Call PM come to fix machine and Jig clamp cell immediately","4/24/2026","Closed","PM","Machine issue","N/A","Nguyen Si Phu (VN.RYOBI-PIE)"
"4/24/2026","Night shift","High Mix","159159011","C2-031","The equipment is not functioning","2","0.50%","The operator dropped a foreign object into the motor.","N/A","N/A","Screenshot 2026-04-25 070024 159.jpg","The operator will be retrained to verify all steps after completing the operation.","4/25/2026","Closed","Prod","Man issue","N/A","Nguyen Minh Hieu (VN.RYOBI-PIE)"
"4/24/2026","Night shift","High Mix","011390001","C2-008","Process visual inspection found the height adjustment knob reversed.","10","1.50%","The process operator installed the adjustment knob in reverse.","N/A","N/A","Screenshot 2026-04-25 070959 159.jpg","N/A","4/24/2026","Closed","Prod","Man issue","N/A","Tran Minh Kha (VN.RYOBI-PIE)"
"4/24/2026","Night shift","High Mix","011245002","C2-001","Visual NG","12","1.00%","Insufficient plastic in housing","545704001 / 545705001"," REDSUN INDUSTRIAL CO., LIMITED","Screenshot 2026-04-25 071213.jpg","GOOD VIEW ASIA MANUFACTURING COMPANY","4/24/2026","Closed","SQE","Material issue","Plastic","Tran Quoc Kiet (VN.RYOBI-PIE)"
"4/23/2026","Day shift","High Volume","096882001DG9","C1-09","The blower is blowing in the opposite direction.","1","1.00%","  The PCBA phase wiring is incorrect.","281335123","DS","826_10_1.jpg","Feedback to SQE for improvement","4/23/2026","Closed","SQE","Material issue","PCBA","Tran Duy Quat (VN.RYOBI-PIE)"
"4/23/2026","Day shift","EEC","130606091","C2-098","The strap cell has burnt at the spot welding machine","1","0.90%","Machine issue: The spot welding machine got trouble due to welding electrode position offset","N/A","N/A","2026-04-23_16h36_37.png","Call PM come to fix machine immediately.","4/23/2026","Closed","PM","Machine issue","N/A","Nguyen Ngoc Dinh (VN.RYOBI-PIE)"
"4/23/2026","Day shift","High Volume","011204025","C1-66","The charger indicator does not light up","1","1.00%","The capacitor lead on the charger's PCBA has insufficient solder.","140457007","Honor","204_66_2.jpg","Feedback to SQE for improvement","4/23/2026","Closed","SQE","Material issue","PCBA","Tran Duy Quat (VN.RYOBI-PIE)"
"4/23/2026","Day shift","High Mix","062034002","C2-054","Tool can not run","1","1.00%","Solder fell onto PCBA components.","N/A","N/A","Screenshot 2026-04-23 1736561.png","Retrain the operator to follow the WI, check after soldering again","4/23/2026","Closed","Prod","Man issue","N/A","Luu Hoang Nhan (VN.RYOBI-PIE)"
"4/23/2026","Day shift","High Mix","062034002","C2-054","Cannot assembly","46","1.30%","The material NG dim#11 , spec (1.87~2.2mm) act 1.72 mm","357029001","Jin he","Screenshot 2026-04-23 1747431.png","The supplier has sorted the good materials and will improve in the next lot","4/23/2026","Closed","SQE","Material issue","Plastic","Le Song Toan (VN.RYOBI-PIE)"
"4/23/2026","Day shift","High Mix","095834102","C2-025","Fail function test","1","0.02%","Missing the material (seal)","N/A","N/A","Screenshot 2026-04-23 1755161.png","Retraining the operator to follow the WI","4/23/2026","Closed","Prod","Man issue","N/A","Le Song Toan (VN.RYOBI-PIE)"
"4/23/2026","Night shift","High Volume","095898302","C1-05","The safety trigger is release slowly","5","0.79%","The safety trigger is deformed and failed at dimension 14","541725000-02","Ming Shing","truong134.jpg","Feedback to SQE team for improving","4/24/2026","Closed","SQE","Material issue","Plastic","Kien Minh Truong (VN.RYOBI-PIE)"
"4/23/2026","Night shift","High Volume","011228022"," C1-043","Impact stop line: The shaft is stuck in the fixture","2","0.40%","The output shaft is failed at dimension 17","625017001-02","Hưng Phú Sâm","truong135.jpg","Feedback to SQE team for improving","4/24/2026","Closed","SQE","Material issue","Metal","Kien Minh Truong (VN.RYOBI-PIE)"
"4/23/2026","Night shift","High Volume","095251202","C1-15","The adjustment knob can not assembly into the shaft","5","1.50%","The adjustment knob's thread is NG ","527411001-01","Kim Long","truong136.jpg","Feedback to SQE team for improving","4/24/2026","Closed","SQE","Material issue","Plastic","Kien Minh Truong (VN.RYOBI-PIE)"
"4/23/2026","Night shift","High Volume","095251202","C1-15","The oil tank is leaking air bubbles ","20","50.00%","Man issue: Have 2 case:  1. The oil tank is deform at outside => Operator use tool to push the oil pipe leads the oil tank deform; 2. The oil pipe can not fully release => Must train to operator to rotate the oil pipe after fully pushing ","N/A ","N/A","truong137.jpg","Feedback to Production team to improving","4/24/2026","Closed","Prod","Man issue","Plastic","Kien Minh Truong (VN.RYOBI-PIE)"
"4/22/2026","Day shift","High Mix","095241001","C2-021","Visual NG","3","0.20%","Housing missing material","318349001","Jinhua","Screenshot 2026-04-22 134429.png","The supplier has sorted the good materials and will improve in the next lot","4/22/2026","Closed","SQE","Material issue","Plastic","Le Song Toan (VN.RYOBI-PIE)"
"4/22/2026","Day shift","High Mix","095241010","C2-021","The tool is operating abnormally.","8","0.30%","Blade magnet installed in reverse","220777001","JINHUA","Screenshot 2026-04-22 135752.png","The supplier has sorted the good materials and will improve in the next lot","4/22/2026","Closed","SQE","Material issue","Metal","Le Song Toan (VN.RYOBI-PIE)"
"4/22/2026","Day shift","High Mix","062034002","C2-054","Tool can not run","1","0.05%","Reversed polarity on power terminals","N/A","N/A","Screenshot 2026-04-22 140718.png","Retrain the operator to follow the WI","4/22/2026","Closed","Prod","Man issue","N/A","Le Song Toan (VN.RYOBI-PIE)"
"4/22/2026","Day shift","High Volume","095633301","C1-26","The tool run intermittently","5","5.00%","Travel distance exceeds the specification: max 2.2 mm vs. actual 2.3–2.5 mm.  Insufficient differential travel (0.02 mm) in the defective switch, leading to unstable contact and intermittent operation","HUAJIAN","292250001","image5.png","Feedback to SQE for improvement","4/22/2026","Closed","SQE","Material issue","Switch","Tran Duy Quat (VN.RYOBI-PIE)"
"4/22/2026","Day shift","High Mix","030247012","C2-032","The product has an issue with the label peeling off and not adhering properly.","10","1.80%"," Operator’s hands were contaminated with carbon dust and touched the label application area when taking the product from the fixture out.","N/A","N/A","Screenshot 2026-04-22 170144.png","Remind the operator to follow the WI at station 5, step C21.4 correctly.","4/22/2026","Closed","Prod","Man issue","N/A","Ha Thanh Dien (VN.RYOBI-PIE)"
"4/22/2026","Day shift","High Volume","096003001DG9","C1-33","Cannot load firmware","6","10.00%","Operation error damaged the switch pin","N/A","N/A","Image (29)1.jpg","The leader retrains the workers","4/22/2026","Closed","Prod","Man issue","N/A","Nguyen Phu Quoc (VN.RYOBI-PIE)"
"4/22/2026","Night shift","High Mix","030218010","C2-051","At the functional testing station, after the machine has been fully tested and stops operating, the rotor has come to a complete stop; however, the door blade continues to rotate continuously and produces an abnormal noise.","3","0.70%","At station G07, the wrench has not been tightened to the correct torque, resulting in loose nuts and the helical gear not being properly secured.","N/A","N/A","Screenshot 2026-04-22 221808.jpg","Inform the LINE leader to recheck small tools and materials, retrain the operation according to the Work Instruction (WI), and perform a recheck after assembly is completed.","4/22/2026","Closed","Prod","Man issue","N/A","Dong Dinh Chanh (VN.RYOBI-PIE)"
"4/22/2026","Night shift","High Volume","095633301","C1-26","The gears cannot be fitted into the gearbox.","4","0.20%","The spacing between the locating pins is uneven.","622843007-01","Dongguan","144.png","Feedback to SQE for improvement","4/23/2026","Closed","SQE","Material issue","Metal","Le Hong Phong (VN.RYOBI-PIE)"
"4/22/2026","Night shift","High Mix","030333011"," C2-013","At the functional testing station, the machine vibrates during operation and produces an abnormal noise.","1","0.20%","At station G01, the bearing has not been pressed into the gearbox, causing the gearbox to operate roughly and produce an abnormal noise.","N/A","N/A","Screenshot 2026-04-23 033639.jpg","Reinstruct the operator to perform the procedure according to the WI and check before assembly.","4/22/2026","Closed","Prod","Man issue","N/A","Dong Dinh Chanh (VN.RYOBI-PIE)"
"4/22/2026","Night shift","High Mix","095173301","C2.025","The equipment operating current exceeds the specified value.","5","0.30%","The rubber on the gearbox cover protrudes above the cover surface.","N/A","N/A","Screenshot 2026-04-23 055205.jpg","The operator was reminded to follow the Work Instruction WI.","4/22/2026","Closed","Prod","Man issue","N/A","Nguyen Minh Hieu (VN.RYOBI-PIE)"
"4/22/2026","Night shift","High Mix","011235019","C2-002","The equipment produces abnormal noise during operation.","2","0.20%","The motor was incorrectly positioned in the stamping die by the operator.","N/A","N/A","Screenshot 2026-04-23 055421 K.jpg","Remind the machine operator to recheck before performing the operation.","4/22/2026","Closed","Prod","Man issue","N/A","Nguyen Minh Hieu (VN.RYOBI-PIE)"
"4/22/2026","Night shift","High Mix","011114021","C2-030","The gearbox assembly shaft is loose and not fixed after stamping.","2","0.10%","The operator forgot to press-fit the bearing into the gearbox head assembly.","N/A","N/A","Screenshot 2026-04-23 062845 k.jpg","The operator was guided to re-follow the WI.","4/22/2026","Closed","Prod","Man issue","N/A","Nguyen Minh Hieu (VN.RYOBI-PIE)"
"4/22/2026","Night shift","EEC","130597049","C2-147","The battery pack was found weak welding at spot welding inspection station","8","0.60%","Machine issue: The welding spot machine got trouble during tip electrode had had misalignment => cannot press dimple to the cell surface ","N/A","N/A","Screenshot 2026-04-23 063220.png","Call PM come to fix machine immediately","4/22/2026","Closed","PM","Machine issue","N/A","Nguyen Si Phu (VN.RYOBI-PIE)"
"4/22/2026","Night shift","EEC","130597249","C2-091","The cell holder was found difficult to assembly with cell battery","678","54.24%","Material issue(repeat issue) : The cell holder is NG #dim24, spec: 18.3-18.45mm, check by go-gauge 18.3mm => cell holder no go-gauge 18.3mm => NG","541327003","Công ty TNHH SX nhựa vỏ điện tử Yuen Fung VN","Screenshot 2026-04-23 062432.png","Inform to SQE team to work with supplier to prevent this issue, supplier sorting material to resume line","4/29/2026","Keep monitoring","SQE","Material issue","Plastic","Nguyen Si Phu (VN.RYOBI-PIE)"
"4/21/2026","Day shift","High Mix","030243009","C2-032","EOL detected that the product is not working.","2","0.44%","Workmanship issue: The operator overheated the part during manual rework soldering, causing the terminal to deform.","N/A","N/A","Screenshot 2026-04-21 140832.png","Inform the leader to check the solder joints; if solder is insufficient, call PM for repair, check the temperature, do not allow rework, and follow WI step 2 at station W02.","4/21/2026","Closed","Prod","Man issue","N/A","Ha Thanh Dien (VN.RYOBI-PIE)"
"4/21/2026","Day shift","EEC"," 130606086","c2-098","The strap cell has burnt at the spot welding machine.","1","0.90%","The black rubber pad on the fixture fell onto the strap, causing insufficient contact between the strap and the welding pin.","N/A","N/A","2026-04-21_16h14_56.png","Contact PM to check fixture.","4/21/2026","Closed","PM","Machine issue","N/A","Nguyen Ngoc Dinh (VN.RYOBI-PIE)"
"4/21/2026","Night shift","High Volume","011383017","C1-053","The housings of the tool is exposed","30","16.00%","The housings has burr in LED putting groove ","551611003-01 551612003-01","Jin He","truong130.jpg","Feedback to SQE team for improving","4/22/2026","Keep monitoring","SQE","Material issue","Plastic","Kien Minh Truong (VN.RYOBI-PIE)"
"4/21/2026","Night shift","High Volume","743039004","C1-70","The motor is failed when measuring at station 20.2","1","0.01%","The output shaft is failed at dimension 10","623361006","Bach Tung","truong131.jpg","Feedback to SQE team for improving","4/22/2026","Closed","SQE","Material issue","Metal","Kien Minh Truong (VN.RYOBI-PIE)"
"4/21/2026","Night shift","EEC","130858001DG9","C2-114","PCBA is damaged on PCBA soldering process - Fail in semi FGs testing process","1","0.10%","Machine issue:  The soldering machine got trouble then solder tip had misalignment at #PWR 18V position and #VT1 => created burnt fuse and scratched testpoint TP9 position","N/A","N/A","Screenshot 2026-04-22 035427.png","Call PM come to check and fix machine immediately","4/21/2026","Closed","PM","Machine issue","N/A","Nguyen Si Phu (VN.RYOBI-PIE)"
"4/21/2026","Night shift","High Mix","011118022","C2-010","The indicator is on, but the machine does not run.","8","1.60%","The motor soldering point touches the PCB heatsink surface, resulting in an electrical short circuit.","N/A","N/A","Screenshot 2026-04-22 044109.jpg","Improve the soldering condition to control solder volume and prevent solder from touching the PCB.","4/21/2026","Closed","PM","Machine issue","PCBA","Nguyen Minh Hieu (VN.RYOBI-PIE)"
"4/21/2026","Night shift","High Mix","095241010","C2-048","Rotate in the wrong direction","1","0.20%","Operator soldered to the wrong terminal (+/-)","N/A","N/A","Screenshot 2026-04-22 044304.png","Retrain the operator to follow the WI and verify correct polarity before assembly","4/21/2026","Closed","Prod","Man issue","N/A","Tran Quoc Kiet (VN.RYOBI-PIE)"
"4/21/2026","Night shift","High Mix","011294007","C2-055","Punching machine operator error.","3","0.50%","The operator installed the motor in the wrong orientation in the press mold.","N/A","N/A","Screenshot 2026-04-22 045713.jpg","The operator followed the WI again.","4/21/2026","Closed","Prod","Man issue","N/A","Tran Minh Kha (VN.RYOBI-PIE)"
"4/21/2026","Night shift","High Mix","011114021","C2-002","The part is cracked during the stamping process due to improper operator handling","1","0.20%","Incorrect operation during stamping process","N/A","N/A","Screenshot 2026-04-22 051131.png","Retrain the operator to follow the WI","4/21/2026","Closed","Prod","Man issue","N/A","Tran Quoc Kiet (VN.RYOBI-PIE)"
"4/21/2026","Night shift","EEC","130597185","C2-124","The screw teel is stucked at the PCBA automation screw process.","7","0.20%","Material issue: Mateial incoming NG #dim1 => spec 4.1-4.5mm, actual: 5.29mm","680201003","HONG VAN METAL WARE LIMITED COMPANY","Screenshot 2026-04-22 052806.png","Change Lot to resume the line then SQE work with supplier for the improvement","4/28/2026","Keep monitoring","SQE","Material issue","Metal","Nguyen Si Phu (VN.RYOBI-PIE)"
"4/21/2026","Night shift","High Volume","096712001","C1-24","The tool is operating and generating an overload current.","19","2.00%","Motor NG, shorted source and motor housing, motor's magnet is broken.","742440008-02","KANGPING","143.png","Sorting and feedback to SQE for improvement","4/22/2026","Closed","SQE","Material issue","Motor","Le Hong Phong (VN.RYOBI-PIE)"
"4/21/2026","Day shift","High Volume","011228007","C1-64","The shaft does not fit the balance bar.","10","2.00%","The outoput shaft out of dimension 15. Spec 8.007, Actual 8.060","625017001","Hung Phu Sam","228_64_3.jpg","Feedback to SQE for improvement","4/21/2026","Closed","SQE","Material issue","Metal","Tran Duy Quat (VN.RYOBI-PIE)"
"4/21/2026","Night shift","High Mix","0965322301","C2-021","The gear assembly produces abnormal noise during operation, accompanied by slight vibration","1","0.30%","Incorrect assembly of planetary gears","N/A","N/A","Screenshot 2026-04-23 054510.png","Retrain the operator to follow the Work Instruction (WI) and perform a recheck before assembly","4/21/2026","Closed","Prod","Man issue","N/A","Tran Quoc Kiet (VN.RYOBI-PIE)"
"4/21/2026","Night shift","High Volume","011399010","C1-046","The tool run with high current at EOL function testing machine","2","0.34%","The stator is failed at dimension 6","742692007-01","XIAN HUA","truong132.jpg","Feedback to SQE team for improving ","4/23/2026","Closed","SQE","Material issue","Motor","Kien Minh Truong (VN.RYOBI-PIE)"
"4/21/2026","Night shift","High Mix","159248011","C2-008","Visual NG","2","0.40%","Insufficient plastic in housing","371515001/543516001","GOOD VIEW ASIA MANUFACTURING COMPANY","Screenshot 2026-04-23 060843.png","The supplier sorted the materials to ensure OK parts for the line, and will improve in the next lot","4/21/2026","Closed","SQE","Material issue","Plastic","Tran Quoc Kiet (VN.RYOBI-PIE)"
"4/21/2026","Night shift","High Volume","095898206","C1-05","The hole of the housings is sink after screw shooting","742","100.00%","The hole at the sink position is bigger the specification, it is failed at dimension 52 ","543714002-01 543715002-01 543717002-01","Kim Diep","truong133.jpg","Feedback to SQE team for improving","4/23/2026","Open","SQE","Material issue","Plastic","Kien Minh Truong (VN.RYOBI-PIE)"
"4/21/2026","Night shift","High Mix","011245002","C2-001","Visual NG","3","0.60%","Insufficient plastic in housing","545704001 / 545705001","REDSUN INDUSTRIAL CO., LIMITED","Screenshot 2026-04-23 061621.png","The supplier sorted the materials to ensure OK parts for the line, and will improve in the next lot","4/21/2026","Closed","SQE","Material issue","Plastic","Tran Minh Kha (VN.RYOBI-PIE)"
"4/21/2026","Night shift","High Mix","011235019","C2-014","Visual NG","7","1.00%","Insufficient plastic in housing","544167003 / 544168003 / 544169004 / 544170004","REDSUN INDUSTRIAL CO., LIMITED","Screenshot 2026-04-23 062514.png","The supplier sorted the materials to ensure OK parts for the line, and will improve in the next lot","4/21/2026","Closed","SQE","Material issue","Plastic","Tran Minh Kha (VN.RYOBI-PIE)"
"4/20/2026","Day shift","High Mix","030333011","C2-013","EOL detected the product is not functioning.","2","0.44%","Workmanship issue: The switch screw was not properly fastened, and the wire was not secured.","N/A","N/A","Screenshot 2026-04-20 161903.png","Inform the leader and conduct training for the team to instruct operators to fasten the screw correctly, recheck the products, and follow WI step C12 at station 6.","4/20/2026","Closed","Prod","Man issue","N/A","Ha Thanh Dien (VN.RYOBI-PIE)"
"4/20/2026","Day shift","High Volume"," 011204008","C1-66","The tool is not working reliably.","3","1.00%","The motor commutator has a poor connection.","742734006","Rotong","204_66_1.jpg","Feedback to SQE for improvement","4/20/2026","Closed","SQE","Material issue","Motor","Tran Duy Quat (VN.RYOBI-PIE)"
"4/20/2026","Day shift","High Volume","096946001","C1-15","The connecting rod does not fit the moving assembly.","3","1.00%","The connecting rod out of dimension 4. Spec 32.00, actual 31.729","639141003","WONDERWARD","654_15_!.jpg","Feedback to SQE for improvement","4/20/2026","Closed","SQE","Material issue","Metal","Tran Duy Quat (VN.RYOBI-PIE)"
"4/20/2026","Day shift","High Volume","011383017","C1-53","The screwdriving machine stripped the housing","30","10.00%","The screwdriving machine not good. The fixture clamping force is too strong. ","N/A","N/A","383_53_1.jpg","Feedback to ME for improvement","4/20/2026","Closed","PM","Machine issue","N/A","Tran Duy Quat (VN.RYOBI-PIE)"
"4/20/2026","Day shift","High Volume","159196034","C1-57","There is an abnormal noise when power is supplied to the charger.","1","1.00%","The charger's PCBA board is broken, and electrical sparks occur at the fracture point.","140350029","GIGA","196_57_!.jpg","Feedback to SQE for improvement","4/20/2026","Closed","SQE","Material issue","PCBA","Tran Duy Quat (VN.RYOBI-PIE)"
"4/20/2026","Day shift","High Mix","011159011","C2-031","Can not assembly dummy blade for test","5","5.00%","ME provide wrong dummy blade","N/A","N/A","2026-04-20 1.jpg","Request ME provide correct dummy blade","4/20/2026","Closed","PM","Machine issue","N/A","Hoang Dinh Trung (VN.RYOBI-PIE)"
"4/20/2026","Day shift","High Volume","096561102","C1-14","The shaft is NG (No‑Go gauge) after gear pressing.","1","1.00%","The output shart out of dimension 18. Spec 66.32, Actual 65.94","623784001","Bach Tung","561_14_11.jpg","Feedback to SQE for improvement","4/20/2026","Closed","SQE","Material issue","Metal","Tran Duy Quat (VN.RYOBI-PIE)"
"4/20/2026","Day shift","High Mix","316292012","C2-016","Can not assembly","10","100.00%","Mateial 643355002 dont control dimension at assembly position -> It's bigger than other part => Can not assembly","643355002","Shunda","2026-04-20 21.jpg","Exchange to EI/OR part 643355004 to resume the line, working with NPI to add-in control dimension for better control from supplier","5/4/2026","Open","PIE/PST/NPI","Design issue","Metal","Hoang Dinh Trung (VN.RYOBI-PIE)"
"4/20/2026","Day shift","High Mix","011397003","C2-014","Tool run but cannot light the LED","3","0.10%","The LED wire was not properly placed in the housing slot, causing it to be pinched and broken","N/A","N/A","Screenshot 2026-04-20 190720.png","Retrain the operator to follow the WI","4/20/2026","Closed","Prod","Man issue","N/A","Le Song Toan (VN.RYOBI-PIE)"
"4/20/2026","Day shift","High Mix","011397003","C2-014","Equipment failure due to electrical issue","5","0.20%","The motor was not properly seated in the housing slot, causing rotor rubbing","N/A","N/A","Screenshot 2026-04-20 190825.png","Retrain the operator to follow the WI","4/20/2026","Closed","Prod","Man issue","N/A","Le Song Toan (VN.RYOBI-PIE)"
"4/20/2026","Night shift","High Mix","095248012","C2-048","The wires are connected in reverse polarity (+/-), leading to improper or no electrical function","1","0.20%","The operator did not verify polarity and connected the wires incorrectly, not following the WI","Retrain the operator to follow the WI and verify correct polarity before assembly","N/A","Screenshot 2026-04-21 060838.png","N/A","4/20/2026","Closed","Prod","Man issue","N/A","Tran Quoc Kiet (VN.RYOBI-PIE)"
"4/20/2026","Night shift","High Volume","011399011","C1-46","The gearbox cannot be fitted with bearings.","8","0.60%","Part "" GEAR CASE SUPPORT"" fail dim 25, spec: 28.001-28.022mm, Actual: 27.995mm","647261003-01","JINJUE","142.png","Supplier sorting and improment","4/21/2026","Closed","SQE","Material issue","Metal","Le Hong Phong (VN.RYOBI-PIE)"
"4/20/2026","Night shift","High Volume","095653008","C1-11","The motor assembly into the motor stator is stiff","30","15.00%","The rubber part is failed at dimension ","566770001","YOU QIANG ","truong128.jpg","Feedback to SQE team for improving ","4/21/2026","Keep monitoring","SQE","Material issue","Plastic","Kien Minh Truong (VN.RYOBI-PIE)"
"4/20/2026","Night shift","High Mix","095248012","C2-048","Excess solder (solder splash/ball) is present on the PCB, which may cause short circuit or poor electrical performance","1","0.20%","Improper soldering process or operator did not control solder amount and skipped inspection after soldering","N/A","N/A","Screenshot 2026-04-21 062417.png","Retrain the operator to follow the WI and control proper soldering technique and solder quantity","4/20/2026","Closed","Prod","Man issue","N/A","Tran Quoc Kiet (VN.RYOBI-PIE)"
"4/20/2026","Night shift","High Mix","095248012"," C2-048","Electronic component on the PCB is broken/damaged, affecting normal function","1","0.20%","Improper handling during assembly or excessive force applied, causing component damage","N/A","N/A","Screenshot 2026-04-21 063118.png","Retrain the operator to follow the WI and handle the PCB carefully during assembly","4/20/2026","Closed","Prod","Man issue","N/A","Tran Minh Kha (VN.RYOBI-PIE)"
"4/20/2026","Night shift","High Volume","011383019","C1-063","The tool run with abnormal noise","27","4.00%","The ring gear has metal ball ","615993002","WEIDA","truong129.jpg","Feedback to SQE team for improving","4/21/2026","Closed","SQE","Material issue","Metal","Kien Minh Truong (VN.RYOBI-PIE)"
"4/20/2026","Night shift","High Mix","095248012","C2-021","The battery terminal pins are bent, resulting in poor or no electrical contact, causing the tool to malfunction","1","0.20%","Improper handling or incorrect assembly caused the battery pins to be bent","N/A","N/A","Screenshot 2026-04-21 064040.png","Retrain the operator to follow the WI and handle/install the battery connector carefully to avoid bending the pins","4/20/2026","Closed","Prod","Man issue","N/A","Nguyen Minh Hieu (VN.RYOBI-PIE)"
"4/20/2026","Night shift","High Mix","030333011","C2-012"," During functional testing, it was found that products were not operating","10","2.20%"," the root cause was identified at process C12 (installation of the power wire into the switch). specifically, the power wire was not inserted into the correct standard position, resulting in a loose screw fastening.","N/A","N/A","Screenshot 2026-04-21 090002.png","Remind line leaders and operators at this station, should be check before passing WIP to next stations","4/20/2026","Closed","Prod","Man issue","N/A","Dong Dinh Chanh (VN.RYOBI-PIE)"
"4/18/2026","Day shift","High Volume","096878001","C1-22","Noise issue ","6","10.00%","Gear box deform ","647452001-02","Zhongtong","Image (27)1.jpg","Supplier sorting and improment","4/18/2026","Closed","SQE","Material issue","Metal","Nguyen Phu Quoc (VN.RYOBI-PIE)"
"4/18/2026","Day shift","High Volume","096561102","C1-14","Stamping dimension out of tolerance","2","1.00%","Shaft failed overall length dimension","623784001-03","Bach Tung","Image (28)1.jpg","Supplier sorting and improment ","4/18/2026","Closed","SQE","Material issue","Metal","Nguyen Phu Quoc (VN.RYOBI-PIE)"
"4/18/2026","Day shift","High Mix","096785202","C2-045","Tool can't  assembly","10","2.50%","The material has burr","548886002/548885002","Ming Shing","Screenshot 2026-04-18 173350.png","Suppliers sort good materials for the line and give feedback for improvement in the next lot.","4/18/2026","Closed","SQE","Material issue","Plastic","Le Song Toan (VN.RYOBI-PIE)"
"4/18/2026","Day shift","High Mix","095403201","C2-023","Tool run ,but no light led","2","0.25%","The PCB wire was not in the groove and was pinched, resulting in a broken wire","N/A","N/A","Screenshot 2026-04-18 174129.png","Retrain the operator to follow the WI","4/18/2026","Closed","Prod","Man issue","N/A","Le Song Toan (VN.RYOBI-PIE)"
"4/18/2026","Day shift","High Mix","095403201","C2-023","Visual NG","15","0.30%","The housing is missing material","544252001/544253001","Yuda","Screenshot 2026-04-18 175035.png","Suppliers sort good materials for the line and give feedback for improvement in the next lot","4/18/2026","Closed","SQE","Material issue","Plastic","Le Song Toan (VN.RYOBI-PIE)"
"4/18/2026","Day shift","High Mix","096785201","C2-045","The nozzle is leaking water","8","1.60%","The nozzle connection is not tightened properly","316622006","Long Bao","Screenshot 2026-04-18 180005.png","Suppliers sort good materials for the line and give feedback for improvement in the next lot","4/18/2026","Closed","SQE","Material issue","Plastic","Le Song Toan (VN.RYOBI-PIE)"
"4/18/2026","Night shift","High Mix"," 030426002","C2-053","At the nail shooting test station, the machine was unintentionally activated.","2","0.30%","At the air hole position (Dim #9), burrs were found, causing obstruction or disturbance of the airflow, leading to unintended activation.","686261001-01","CHANTING","Screenshot 2026-04-19 015335.jpg","Separate the defective materials, then replace them with good materials. SQE to provide feedback for improvement","4/18/2026","Closed","SQE","Material issue","Metal","Dong Dinh Chanh (VN.RYOBI-PIE)"
"4/18/2026","Night shift","High Volume","011217004","C1-48","Gap Houssing","10","3.00%","Part "",HOUSING COVER"" deform","542994004-01","Ming Sing","141.png","Feedbakc to SQE for improvement","4/18/2026","Closed","SQE","Material issue","Plastic","Le Hong Phong (VN.RYOBI-PIE)"
"4/18/2026","Night shift","High Mix","095403201","C2-023","The signal wire is pinched by the housing, resulting in loss of signal for mode switching","1","0.20%","The operator did not route the wire into the designated groove according to the WI, causing it to be pinched during assembly","N/A","N/A","Screenshot 2026-04-19 052743.png","Retrain the operator to follow the WI and ensure proper wire routing into the groove before assembly","4/18/2026","Closed","Prod","Man issue","N/A","Tran Quoc Kiet (VN.RYOBI-PIE)"
"4/18/2026","Night shift","High Mix","095923315","C2-041","The product is missing one component compared to the standard sample","2","0.40%","The operator did not follow the WI and missed installing the required component during assembly","N/A","N/A","Screenshot 2026-04-19 053944.png","Retrain the operator to follow the WI and ensure all components are installed before proceeding to the next step","4/18/2026","Closed","Prod","Man issue","N/A","Nguyen Minh Hieu (VN.RYOBI-PIE)"
"4/18/2026","Night shift","High Volume","095606301","C1-01","The housings can not shooting screw","10","19.00%","The screw boss of the housings is deformed ","311202004-05 311203004-05","KIM DIEP","truong126.jpg","Feedback to SQE team for improving","4/20/2026","Closed","SQE","Material issue","Plastic","Kien Minh Truong (VN.RYOBI-PIE)"
"4/18/2026","Night shift","High Mix","011415001","C2-003","The screw head slipped during tightening, resulting in scratches and damage to the plastic housing","1","0.20%","Improper screwdriving operation or incorrect alignment/torque caused the screw to slip and damage the housing","N/A","N/A","Screenshot 2026-04-19 060825.png","Retrain the operator to follow the WI and ensure correct alignment and torque during screw fastening","4/18/2026","Closed","Prod","Man issue","N/A","Tran Minh Kha (VN.RYOBI-PIE)"
"4/18/2026","Night shift","High Volume","011217016","C1-052","The pivoting shoe assembly into the die-casting","30","50.00%","pivoting shoe is failed at dimension 5 and 13","315185001-02","Xian Hua","truong127.jpg","Feedback to SQE team for improving","4/20/2026","Open","SQE","Material issue","Metal","Kien Minh Truong (VN.RYOBI-PIE)"
"4/18/2026","Night shift","EEC","130597296","C2-099","The screw teel is stucked at the PCBA automation screw process.","2964","100.00%","Material issue: Mateial incoming NG #dim1 => spec 4.1-4.5mm, actual: 5.14mm","660201003","HONG VAN METAL WARE LIMITED COMPANY","Screenshot 2026-04-19 055642.png","Change Lot to resume the line then SQE work with supplier for the improvement","4/25/2026","Keep monitoring","SQE","Material issue","Metal","Nguyen Si Phu (VN.RYOBI-PIE)"
"4/18/2026","Night shift","EEC","130585001DG9","C2-114","The battery pack cannot installed spring at C18.3 station process.","1","0.10%","Material issue: Mateial incoming NG during deform installed spring position.","547646001","547646001","Screenshot 2026-04-19 055919.png","single case, inform to SQE team keep follow issue","4/18/2026","Closed","SQE","Material issue","Plastic","Nguyen Si Phu (VN.RYOBI-PIE)"
"4/17/2026","Day shift","High Volume","096882301","C1-09","Motor not run","1","0.50%","Motor missing carbon brush","742510005-04","FDVN","Image (26)1.jpg","Supplier sorting and improment","4/17/2026","Closed","SQE","Material issue","Motor","Nguyen Phu Quoc (VN.RYOBI-PIE)"
"4/17/2026","Day shift","High Volume","096561102","C1-14","The shaft does not fit into the fixture.","1","1.00%","The shaft out of dimension 5. Spec 10.00, Actual 10.028.","623784001","Bach Tung","561.jpg","Feedbakc to SQE for improvement","4/17/2026","Closed","SQE","Material issue","Metal","Tran Duy Quat (VN.RYOBI-PIE)"
"4/17/2026","Day shift","High Volume","011363025","C1-49","The tool test function has RPM out of spec","15","5.00%","742236012","292020031","XIAN HUA VIET NAM","363_49_2.jpg","The rotor of the motor assembly fails the peak flux test.","4/17/2026","Closed","SQE","Material issue","Motor","Tran Duy Quat (VN.RYOBI-PIE)"
"4/17/2026","Day shift","High Mix","095504301","C2-045","Tool function failure","1","0.02%","Incorrect pin soldering on motor and switch","N/A","N/A","Screenshot 2026-04-17 173537.png","Retrain the operator to follow the WI","4/17/2026","Closed","Prod","Man issue","N/A","Le Song Toan (VN.RYOBI-PIE)"
"4/17/2026","Day shift","EEC","130597370","c2-099","Fail in semi FGs testing process - Failure mode #8 Sleep VSTB Voltage test.","2","1.60%","Machine issue: During Semi‑Auto Function Testing, the test probes are misaligned with the designated test locations on the PCBA.","N/A","N/A","2026-04-17_17h27_22.png","contact to PM fix and follow machine.","4/17/2026","Closed","PM","Machine issue","N/A","Nguyen Ngoc Dinh (VN.RYOBI-PIE)"
"4/17/2026","Night shift","High Volume","095581101","C1-39","The gear is cracked after pressing","1","0.20%","The output shaft is defect machining","622738001-01","Bach Tung","truong124.jpg","Feedback to SQE team for improving","4/18/2026","Closed","SQE","Material issue","Metal","Kien Minh Truong (VN.RYOBI-PIE)"
"4/17/2026","Night shift","High Volume","096946001","C1-15","The housings is white marked ","10","30.00%","Having white mark on incoming material ","553988001-03","RedSun","truong125.jpg","Feedback to SQE team for improving","4/18/2026","Closed","SQE","Material issue","Plastic","Kien Minh Truong (VN.RYOBI-PIE)"
"4/17/2026","Night shift","High Volume","096878001","C1-22","Rigid rotary gearbox","6","0.50%","The bearing is stamped into the gearbox but not flush with the surface.","NA","NA","140.png","Feedback to ME team to fix this case","4/18/2026","Closed","PM","Machine issue","N/A","Le Hong Phong (VN.RYOBI-PIE)"
"4/17/2026","Night shift","High Mix","159499003","C2-028","The machine produces abnormal noise during operation","1","0.20%","During the assembly process, the operator dropped a screw into the motor","N/A","N/A","Screenshot 2026-04-18 041558.png","Retrain the operator to follow the WI and verify the product before assembly","4/17/2026","Closed","Prod","Man issue","N/A","Tran Quoc Kiet (VN.RYOBI-PIE)"
"4/17/2026","Night shift","High Mix","095172302","C2-025","The device is unstable in operation. ","2","0.50%","The signal cable was not fully seated in the guiding groove, causing it to be pinched and broken, resulting in intermittent operation.","N/A","N/A","Screenshot 2026-04-18 042837.jpg","Instruct the operator to pay attention to this issue to prevent recurrence.","4/17/2026","Closed","Prod","Man issue","N/A","Nguyen Minh Hieu (VN.RYOBI-PIE)"
"4/17/2026","Night shift","High Mix","011213007","C2-011","Operator error: unable to proceed to the next step","1","0.20%","The operator incorrectly soldered two switches onto a single motor","N/A","N/A","Screenshot 2026-04-18 043226.png","Retrain the operator to follow the WI and verify the process before moving to the next step","4/17/2026","Closed","Prod","Man issue","N/A","Tran Quoc Kiet (VN.RYOBI-PIE)"
"4/17/2026","Night shift","High Mix","011114021","C2-30","The tool does not operate","3","0.60%","The connectors are not properly aligned and connected","N/A","N/A","Screenshot 2026-04-18 044407.png","Retrain the operator to follow the WI and check before assembly","4/17/2026","Closed","Prod","Man issue","N/A","Tran Minh Kha (VN.RYOBI-PIE)"
"4/17/2026","Night shift","High Mix","030426002"," C2-053","At the C35 stage (nail shooting test), an air leak was detected in the machine.","2","0.30%","At the C24 stage (piston groove), the washer was missing during assembly.","N/A","N/A","Screenshot 2026-04-18 044405.jpg","Reinstruct the operator to perform the procedure according to the WI and check before assembly.","4/17/2026","Closed","Prod","Man issue","N/A","Dong Dinh Chanh (VN.RYOBI-PIE)"
"4/17/2026","Night shift","High Mix","011229004","C2-029","The equipment vibrates and produces abnormal noise during operation.","2","0.50%","The fixing screw at the base plate was installed at an angle and not fully tightened.","N/A","N/A","Screenshot 2026-04-18 043207.jpg","Instruct the operator to check and ensure that all fixing screws are properly tightened before operation.","4/17/2026","Closed","Prod","Man issue","N/A","Nguyen Minh Hieu (VN.RYOBI-PIE)"
"4/17/2026","Night shift","High Mix","095403302","C2-043","The hole on the plastic product is blocked.","2","0.50%","Due to excess material during the plastic injection,molding process.","534106001/534107001","HONG NHAT RS","Screenshot 2026-04-18 050547.jpg","Scrap NG products, perform 100% inspection, and request the supplier to adjust the plastic injection molding process and add process controls to prevent recurrence.","4/17/2026","Closed","SQE","Material issue","Plastic","Tran Minh Kha (VN.RYOBI-PIE)"
"4/17/2026","Night shift","EEC","130597049","C2-147","The battery pack is pad peeling at PCBA soldering process","2","0.20%","Machine issue: The soldering machine got trouble then solder tip had misalignment Z coordinate offset => created pad peeling","N/A","N/A","6276272925996421636_121.jpg","Call PM come to line fix machine","4/17/2026","Closed","PM","Machine issue","N/A","Nguyen Si Phu (VN.RYOBI-PIE)"
"4/17/2026","Night shift","EEC","130690053","C2-096","The battery pack is detected NG at EOL testing process","1","0.10%","The cable is broken on the PCBA","280079037","TOPTEK VIETNAM","6276272925996421637_121.jpg","single case  Inform to SQE keep follow issue","4/17/2026","Closed","SQE","Material issue","PCBA","Nguyen Si Phu (VN.RYOBI-PIE)"
"4/17/2026","Night shift","EEC","130690053","C2-096","The battery pack is detected NG at EOL testing process","1","0.10%","The PCBA is missing component Q3","280079037","TOPTEK VIETNAM","Screenshot 2026-04-18 065532.png","Single case, Inform to SQE  keep follow issue","4/17/2026","Closed","SQE","Material issue","PCBA","Nguyen Si Phu (VN.RYOBI-PIE)"
"4/16/2026","Day shift","High Mix","030369004","C2-013","EOL detected AC voltage out of specification.","1","1.20%","The press-fit dimension of the eccentric shaft into the motor at station 2 (step M05) is out of specification (Spec: 28.0 mm +0.10 / -0.50; Actual: 28.40 mm).","N/A","N/A","Screenshot 2026-04-16 104208.png","Request PM to reconfirm the dimension and adjust the press machine in accordance with the specifications on the drawing.","4/16/2026","Closed","PM","Machine issue","N/A","Ha Thanh Dien (VN.RYOBI-PIE)"
"4/16/2026","Day shift","High Mix","011831004","C2-028","Tool feature failure","6","0.50%","The PCBA broken the component","N/A","N/A","Screenshot 2026-04-16 144913.png","Retrain the operator to follow the WI","4/16/2026","Closed","Prod","Man issue","N/A","Le Song Toan (VN.RYOBI-PIE)"
"4/16/2026","Day shift","EEC"," 130606098","c2-095","Fail in semi FGs testing process - Failure mode #8 Sleep VSTB Voltage test.","1","0.80%"," Material issue: Short between the solder joints of capacitor C35 on the PCBA.","280373192","CONG TY TNHH TIAN-POWER TECHNOLOGY (VIET NAM)","2026-04-16_14h24_59.png","Feed back to SQE team to work with supplier to improve this issue to do not repeat at the future.","4/16/2026","Closed","SQE","Material issue","PCBA","Nguyen Ngoc Dinh (VN.RYOBI-PIE)"
"4/16/2026","Day shift","High Mix","030369004","C2-013","At Station 6, step C19, it was found that the component assembly could not be fitted into the housing.","1","1.20%","Workmanship issue: Job processing error ,the component assembly was stamped on the wrong side of the A-shaped material.","N/A","N/A","Screenshot 2026-04-16 153554.png","The leader confirmed and returned the component assembly to the processing job for rework, and reminded operators to read, understand, and follow WI step C05.2 at Station 2 correctly.","4/16/2026","Closed","Prod","Man issue","N/A","Ha Thanh Dien (VN.RYOBI-PIE)"
"4/16/2026","Day shift","EEC","130597330","c2-091","Fail in semi FGs testing process - Failure mode #2","1","0.80%","Man issue: Strap is not installed at the correct solder position on the PCBA","N/A","N/A","2026-04-16_16h03_34.png","Line leader to retrain operators on WI step B6.1.","4/16/2026","Closed","Prod","Man issue","N/A","Nguyen Ngoc Dinh (VN.RYOBI-PIE)"
"4/16/2026","Day shift","High Mix","011200004","C2-004","Tool can not run","2","0.10%","The PCBA and motor don't sodering","N/A","N/A","Screenshot 2026-04-16 171851.png","Retrain the operator to follow the WI","4/16/2026","Closed","Prod","Man issue","N/A","Le Song Toan (VN.RYOBI-PIE)"
"4/16/2026","Day shift","High Mix","011206025","C2-001","The die-cut sheet cannot be folded","10","3.00%","The die-cut sheet is not fully cut.","930011428","BR VINA PACKING COMPANY LIMITED","die - cut sheet.jpg","SQE requires the supplier to implement for the improvement actions. ","4/16/2026","Closed","SQE","Material issue","Packing","Nguyen Trong Nhan (VN.RYOBI-PIE)"
"4/16/2026","Day shift","High Volume","011228022","C1-64","The shaft does not fit into the fixture.","2","1.00%","The shaft out of dimension 14. Spec 8.007, Actual 8.126","625017001","Hung Phu Sam","228_64_2.jpg","Feedback to SQE for improvement","4/16/2026","Closed","SQE","Material issue","Metal","Tran Duy Quat (VN.RYOBI-PIE)"
"4/16/2026","Day shift","High Volume","011363025","C1-46","The motor rotates, but the gearbox assembly does not rotate.","1","1.00%","The pinion motor out of dimension 10. Spec 3.99, Actual 4.00","614412004","YANGZHOU JUNENG METAL PRODUCTS TECHNOLOGY","363_49_1.jpg","Feedback to SQE for improvement","4/16/2026","Closed","SQE","Material issue","Metal","Tran Duy Quat (VN.RYOBI-PIE)"
"4/16/2026","Night shift","High Volume","159204027","C1-066","OBA issue: The gearbox housings of tool after jam testing is broken","1","0.01%","The ball of the screw holder is fall into the gearbox housings","N/A","N/A","truong116.jpg","Feedback to production team for improving","4/17/2026","Closed","Prod","Man issue","Plastic","Kien Minh Truong (VN.RYOBI-PIE)"
"4/16/2026","Night shift","High Volume","096882001DG9","C1-09","The rotor of the motor is shaking ","1","0.02%","The stator do not fixed with the rotor of the motor","742510005-04","Fang de","truong118.jpg","Feedback to SQE team for improving","4/17/2026","Closed","SQE","Material issue","Motor","Kien Minh Truong (VN.RYOBI-PIE)"
"4/16/2026","Night shift","High Volume","011363025","C1-049","The tool can not function","1","0.02%","One of 3 pin of pin of the phase of the motor do not connect into the wire coils","742237015-02","Xian Hua","truong119.jpg","Feedback to SQE to improve","4/17/2026","Closed","SQE","Material issue","Motor","Kien Minh Truong (VN.RYOBI-PIE)"
"4/16/2026","Night shift","High Volume","095898301","C1-15","The screw after shooting into the housings is sink","5","100.00%","One of 2 holes of the housing in this position is cut off the plastic","543714002-01 543715002-01 543717002-01","Kim Diep","truong120.jpg","Feedback to SQE team for improving","4/17/2026","Closed","SQE","Material issue","Plastic","Kien Minh Truong (VN.RYOBI-PIE)"
"4/16/2026","Night shift","High Volume","096689001 -- BLOWER"," C1-33","The PLASTIC STATOR is scratched after shooting screw on the fixture","10","100.00%","The fixture fit with the plastic stator too tight, actually the fixture just should fit the motor shaft for this case","N/A","N/A","truong121.jpg","Feedback to ME team to fix this case","4/17/2026","Closed","PM","Machine issue","Plastic","Kien Minh Truong (VN.RYOBI-PIE)"
"4/16/2026","Night shift","High Volume","011196058","C1-053","The redirect button is stiff when moving on holes of the housings","20","50.00%","The button is failed at dimension 5 and the housings is failed at go gauge checking","Button : 542708001-01 Housings: 542704006-01 305706006-01","MingShing","truong122.jpg","Feedback to SQE team for improving","4/17/2026","Closed","SQE","Material issue","Plastic","Kien Minh Truong (VN.RYOBI-PIE)"
"4/16/2026","Night shift","High Mix"," 030169026"," C2-012","At station C19, the black wire from the stator cannot be connected to the PCBA.","3","0.50%","The coating adhesive on the surface of the PCBA is sticking to the connector pins.","280024006-02","H&T INTELLIGENT CONTROL","Screenshot 2026-04-17 005911.jpg","Separate the defective materials, then replace them with good materials. SQE to provide feedback for improvement.","4/16/2026","Closed","SQE","Material issue","PCBA","Dong Dinh Chanh (VN.RYOBI-PIE)"
"4/16/2026","Night shift","High Volume","095719302","C1-22","The tool operates with a lot of noise.","2","0.20%","Part ""SPROCKET COVER"" have Excess plastic rubbing against the chain.","545906001-01","Mingsinh ","139.png","Feedback to SQE for improvement","4/17/2026","Closed","SQE","Material issue","Plastic","Le Hong Phong (VN.RYOBI-PIE)"
"4/16/2026","Night shift","High Mix","159163008","C2-027","The tool is not working.","2","0.30%","The solder spread over the MOSFET component.","N/A","N/A","Screenshot 2026-04-17 051405.png","Retrain the welding station operator to be more careful.","4/16/2026","Closed","Prod","Man issue","N/A","Nguyen Minh Hieu (VN.RYOBI-PIE)"
"4/16/2026","Night shift","High Volume","095712002","C1-36","The tool failed at the testing station ( led of the testing machine do not blink when put the male connector of machine into the female connector of the tool)","1","0.02%","The black wire is broken","281476001-01","LONGOOD","truong123.jpg","Feedback to SQE team for improving","4/17/2026","Closed","SQE","Material issue","PCBA","Kien Minh Truong (VN.RYOBI-PIE)"
"4/16/2026","Night shift","High Mix","010955047","C2-030","The nail gun fails to detect the signal","2","0.40%","During the assembly process, the operator pinched the signal wire","N/A","N/A","Screenshot 2026-04-17 064459.png","Retrain the operator to follow the WI and check before assembly","4/16/2026","Closed","Prod","Man issue","N/A","Tran Quoc Kiet (VN.RYOBI-PIE)"
"4/16/2026","Night shift","High Mix","095443301","C2-021","Slow response spring safety lever.","50","50.00%","NG material: Dimension #16 out of specification. Spec: 12.20–12.40 mm, Actual: <12.15 mm.","545539001","Hong Nhat RS","2026-04-16 .jpg","SQE 8D report for supplier to improve quality.","4/16/2026","Open","SQE","Material issue","Plastic","Tran Minh Kha (VN.RYOBI-PIE)"
"4/15/2026","Day shift","High Mix","030369004","C2-013","The part becomes loose and falls off after stamping at Station 1, step C01.","1","1.20%","Eccentric shaft NG Dimension #6 out of specification: Spec 5 mm (−0.02/−0.06), actual 4.99 mm.","621890001","WEIDA (VIETNAM)","Screenshot 2026-04-15 164233.png","Single case, inform SQE and continue follow up the line","4/15/2026","Closed","SQE","Material issue","Metal","Ha Thanh Dien (VN.RYOBI-PIE)"
"4/15/2026","Day shift","High Volume","095632301","C1-37","Battery foot deformed. making assembly difficult.","50","10.00%","Battery foot out of dimension 5, 6","292257002","Topband","632_37_1.jpg","Feedback to SQE for improvement","4/15/2026","Closed","SQE","Material issue","Motor","Tran Duy Quat (VN.RYOBI-PIE)"
"4/15/2026","Day shift","High Volume","011228022","C1-64","The bearing does not fit into the locating block.","3","1.00%","Bottom unbalance block  out of dimension 1. Spec 15mm, Actual 15.014","677115001","WEIDA","228_64_1.jpg","Feedback to SQE for improvement","4/15/2026","Closed","SQE","Material issue","Metal","Tran Duy Quat (VN.RYOBI-PIE)"
"4/15/2026","Night shift","High Mix","011230028","C2-003","The tool operates, but the LED does not light up","1","0.20%","During the wiring process, the operator did not route the wire into the groove, causing the wire to be pinched","N/A","N/A","Screenshot 2026-04-16 061543.png","Retrain the operator to follow the WI and recheck before assembly","4/15/2026","Closed","Prod","Man issue","N/A","Tran Quoc Kiet (VN.RYOBI-PIE)"
"4/15/2026","Night shift","High Mix","011230028","C2-003","The tool lights up but does not operate","1","0.20%","The operator did not route the wire into the correct groove, causing the wire to be pinched and broken","N/A","N/A","Screenshot 2026-04-16 063001.png","Retrain the operator to follow the WI and check before assembly","4/15/2026","Closed","Prod","Man issue","N/A","Tran Minh Kha (VN.RYOBI-PIE)"
"4/15/2026","Night shift","EEC","130597185","C2-124","The battery pack was found weak welding at spot welding inspection station","1","0.10%","Machine issue: The battery pack was found burnt strap during electrode tip is misalignment coordinate => created burnt strap","N/A","N/A","Screenshot 2026-04-16 063034.png","Call PM come to fix machine immediately","4/15/2026","Closed","PM","Machine issue","N/A","Nguyen Si Phu (VN.RYOBI-PIE)"
"4/15/2026","Night shift","High Mix","095809304","C2-043","The shaft does not fit into the plastic cap.","10","1.00%","Check result NG at dimension #8 (spec: 12.83–13.21, actual: 11.59).","518031004","KIM LONG","Screenshot 2026-04-16 063813.jpg",,"4/15/2026","Closed","SQE","Material issue","Plastic","Nguyen Minh Hieu (VN.RYOBI-PIE)"
"4/15/2026","Night shift","High Volume","011201013","C1-46","The tool operates with a loud noise.","1","0.10%","The gear has metal shavings inside.","610449107-01","KHGEARS","138.png","The tool operates with a loud noise.","4/16/2026","Closed","SQE","Material issue","Metal","Le Hong Phong (VN.RYOBI-PIE)"
"4/15/2026","Night shift","EEC","130597185","C2-124","The battery pack was found burnt strap at spot welding inspection station","50","5.00%","Material issue: The battery pack was found burnt strap during material incomming NG #dim23, spec: 1.15-1.25mm, actual: 0.71mm => NG","541327001","CÔNG TY TNHH QUỐC TẾ ĐẠI HÙNG (YUDA)","Screenshot 2026-04-16 063643.png","Action: supplier sorting material to resume line/ Long term: Inform to SQE team to work with supplier to improve this issue","4/22/2026","Open","SQE","Material issue","Plastic","Nguyen Si Phu (VN.RYOBI-PIE)"
"4/15/2026","Night shift","High Mix","011200001","C2-004","Appearance defect caused by missing material","2","1.00%","Incoming material NG: P/N 370480001 / 370481001 missing insert nut 680022003","370480001/370481001","GOOD VIEW ASIA MANUFACTURING COMPANY LIMITED","2026-04-15 200.jpg","Supplier sorting abd improment","4/15/2026","Closed","SQE","Material issue","Plastic","Tran Minh Kha (VN.RYOBI-PIE)"
"4/15/2026","Day shift","EEC","130597382","C2-117","The battery pack is detected NG #mode 8 at the Auto semi Function testing","1","0.80%","Machine issue: The PCBA is damaged during shorted 18V to GND at the PCBA soldering process","N/A","N/A","2026-04-16_13h21_39.png","Contact to PM fix and follow machine","4/15/2026","Closed","PM","Machine issue","PCBA","Nguyen Ngoc Dinh (VN.RYOBI-PIE)"
"4/15/2026","Day shift","High Mix","011206025","C2-001","Gear misaligned during press-fitting onto the shaft.","1","0.20%","The shaft failed dim #2 (spec: 7.997–8.008 mm; actual: 8.101 mm) due to burrs on the shaft.","621555006","FUJI SEIKO VIETNAM CO., LTD.","shaft.jpg","SQE requires the supplier to implement for the improvement actions. ","4/16/2026","Closed","SQE","Material issue","Metal","Nguyen Trong Nhan (VN.RYOBI-PIE)"
"4/14/2026","Day shift","EEC","130597291","c2--091","The battery pack fail test EOL, fail in test semi FGs mode #8","1","0.80%","MAN issue: The NTC lead was mechanically interfered with at the PCBA soldering station","N/A","N/A","2026-04-14_10h41_38.png","Retrain the Line Leader and operators at Steps 13–14","4/14/2026","Closed","Prod","Man issue","N/A","Nguyen Ngoc Dinh (VN.RYOBI-PIE)"
"4/14/2026","Day shift","High Mix","030243009","C2-013","The ball bearing part falls off after stamping at step 2 station M02.","2","3.50%","Rotor NG Dimension #8 out of specification: Spec 15 mm (+0.008), actual 14.95 mm.","290358004","ROTONG","Screenshot 2026-04-14 160743.png","Inform SQE to improve next Lot","4/14/2026","Closed","SQE","Material issue","Motor","Ha Thanh Dien (VN.RYOBI-PIE)"
"4/14/2026","Day shift","High Mix","001606242","C2-037","Charger defect does not meet specification requirements.","1","1.10%","The charger is missing the RIDGID logo label from the supplier.","140529001","VIETNAM HONOR HIGH TECH COMPANY LIMITED","Screenshot 2026-04-14 163023.png","Request the SQE team to ask the supplier to improve and ensure compliance with specifications for the next lot.","4/14/2026","Closed","SQE","Material issue","Packing","Ha Thanh Dien (VN.RYOBI-PIE)"
"4/14/2026","Day shift","High Mix","096727302","C2-025","Tool cannot light of turbo mode","7","1.10%","The operators at Station 5 and Station 9 failed to properly place the wires into the designated grooves, resulting in wire breakage.","N/A","N/A","Screenshot 2026-04-14 164531.png","Retrain the operator to follow the WI","4/14/2026","Closed","Prod","Man issue","N/A","Le Song Toan (VN.RYOBI-PIE)"
"4/14/2026","Day shift","High Volume","011201013","C1-26","LED does not light","6","12.00%","The solder joint is not qualified","292315002-01","H&T","Image (25)1.jpg","Supplier sorting and send 8D report","4/14/2026","Closed","SQE","Material issue","PCBA","Nguyen Phu Quoc (VN.RYOBI-PIE)"
"4/14/2026","Day shift","High Mix","011294009","C2-003","The die-casting part was deformed after pressing, causing it to be unable to be assembled.","15","7.50%","Base fixture was lower than the die-casting","N/A","N/A","2026-04-14 1.jpg","ME modified the fixture to fix the issue.","4/14/2026","Closed","PM","Machine issue","N/A","Mai Chieu Linh (VN.RYOBI-PIE)"
"4/14/2026","Night shift","EEC","130690042","C2-096","The battery pack is detected at the EOL station - Fail in performent test.","1","0.10%","Machine issue: The PCBA is shorted solder from #PWR 3.3V to GND during misalignment soldering => damaged PCBA","N/A","N/A","6266820978583211516_121.jpg","Call PM come to fix machine immediately","4/14/2026","Closed","PM","Machine issue","N/A","Nguyen Si Phu (VN.RYOBI-PIE)"
"4/14/2026","Night shift","High Mix","095817034","C2-025","The tool does not operate","1","0.20%","The component was broken during handling","N/A","N/.A","2026-04-15 054102.jpg","Retrain the operator to follow the WI","4/14/2026","Closed","Prod","Man issue","N/A","Tran Quoc Kiet (VN.RYOBI-PIE)"
"4/14/2026","Night shift","High Volume","096915003DG9","C1-15","The tool operates with high vibration levels.","12","1.00%","the pin pressing machine excessively goes through its stroke, causing the shaft head to bend.","NA","NA","137.png","PM adjusts the stamping stroke of the machine.","4/15/2026","Closed","PM","Machine issue","N/A","Le Hong Phong (VN.RYOBI-PIE)"
"4/14/2026","Night shift","High Mix","096532201","C2-021","The motor shaft is deformed","1","0.20%","The operator did not align the motor with the gear properly during the press‑fitting process.","N/A","N/A","Screenshot 2026-04-15 055742.png","Re-train the operator to ensure the product is properly fitted with the fixture before pressing the start button on the machine.","4/14/2026","Closed","Prod","Man issue","N/A","Tran Quoc Kiet (VN.RYOBI-PIE)"
"4/14/2026","Night shift","EEC","130597401","C2-085","The battery pack is failed in semi FGs testing process","1","0.10%","Machine issue: The PCBA is damaged at the PCBA soldering process during short solder from 18V+ to GND => PCBA damaged","N/A","N/A","6266820978583211517_121.jpg","Call PM come to fix machine immediately, clear solder tip ","4/14/2026","Closed","PM","Machine issue","N/A","Nguyen Si Phu (VN.RYOBI-PIE)"
"4/14/2026","Night shift","High Mix","095834102","C2-041","The product has visual defects.","3","0.60%","Insufficient injection pressure leading to short shot defect.","536200001/536201001","KIM DIEP","Screenshot 2026-04-15 060412.jpg","SQE requests suppliers to verify the quantity of acceptable products prior to shipment to the factory.","4/14/2026","Closed","SQE","Material issue","Plastic","Nguyen Minh Hieu (VN.RYOBI-PIE)"
"4/14/2026","Night shift","EEC","130597180","C2-124","The battery pack was found weak welding at spot welding inspection station","2","0.20%","Machine issue: The welding machine work unstable -> cannot press dimple to the cell surface","N/A","N/A","Screenshot 2026-04-15 060203.png","Call PM come to fix machine immediately","4/14/2026","Closed","PM","Machine issue","N/A","Nguyen Si Phu (VN.RYOBI-PIE)"
"4/14/2026","Night shift","High Mix","011474003","C2-052","Visually defective material","3","0.75%","The worker forgot to embroider the lettering.","904810001","THỊNH LỢI VN","Screenshot 2026-04-15 062056.jpg","SQE is required to strengthen supplier quality control.","4/15/2026","Closed","SQE","Material issue","Packing","Tran Minh Kha (VN.RYOBI-PIE)"
"4/14/2026","Night shift","EEC","130597396","C2-083","The battery pack cannot assembly top housing","1","0.10%","Material issue: The BAT(-) terminal is blocked during over solder on terminal support tower","280109544","TOPTEK VIETNAM","Screenshot 2026-04-15 062053.png","Single case, inform to SQE follow issue and feedback with supplier improvement","4/14/2026","Closed","SQE","Material issue","PCBA","Nguyen Si Phu (VN.RYOBI-PIE)"
"4/13/2026","Day shift","EEC","130597182","c2-123"," The battery pack fail test EOL, fail in test semi FGs mode #8","1","0.80%","Material issue: A short circuit occurred between MCU U6 pins on the PCBA.","280109651-02","LONGOOD INTELLIGENT ELECTRIC (Vietnam) CO., LIMITED","2026-04-13_18h03_08.png","Feed back to SQE team to work with supplier to improve this issue to do not repeat at the future","4/13/2026","Closed","SQE","Material issue","PCBA","Nguyen Ngoc Dinh (VN.RYOBI-PIE)"
"4/13/2026","Day shift","High Mix","030243009","C2-013","At EOL non-functional products were generated.","2","3.50%","Workmanship issue: Operator missed installing the carbon brush.","N/A","N/A","Screenshot 2026-04-13 181323.png","Request the leader to remind operators to avoid missing parts and prevent defects from escaping, and to strictly follow WI step C28 at station 2.","4/13/2026","Closed","Prod","Man issue","N/A","Ha Thanh Dien (VN.RYOBI-PIE)"
"4/13/2026","Day shift","High Mix","030290004","C2-012","At EOL, the product failed to meet the current specification. Production raise Line down Alarm","5","8.00%","The stator had glue residue inside and a steel defect: during operation it rubbed against the rotor causing burning odor and blue sparks.","741904006","ROTONG","Screenshot 2026-04-13 182412.png","SQE arrange sorting material to resume the line and continue to work with supplier for the improvement","4/13/2026","Closed","SQE","Material issue","Motor","Ha Thanh Dien (VN.RYOBI-PIE)"
"4/13/2026","Day shift","High Volume","095607118","C1_22","Fail pressure test","10","100.00%","The tank has step-> make gap with Tank Cap-> Air Leakage","580277001-04","KV","Image (24)1.jpg","Supplier sorting abd improment ","4/13/2026","Keep monitoring","SQE","Material issue","Plastic","Nguyen Phu Quoc (VN.RYOBI-PIE)"
"4/13/2026","Day shift","EEC","130597291","C2-091","The battery pack is detected NG #mode 8 at the semi-FGs process","1","0.80%","Material issue: The solder joint on capacitor C21 caused a short circuit of the C21 component on the PCBA."," 280109656","LONGOOD INTELLIGENT ELECTRIC (Vietnam) CO., LIMITED","2026-04-13_18h33_13.png","Feed back to SQE team to work with supplier to improve this issue to do not repeat at the future.","4/13/2026","Closed","SQE","Material issue","PCBA","Nguyen Ngoc Dinh (VN.RYOBI-PIE)"
"4/13/2026","Day shift","High Volume","095758102DG9","C1-01","The product has high current. Motor rotation is stiff.","30","10.00%","The shaft pressing station into the gearbox is out of dimension. Specification: 40.03–42 mm, Actual: 39.9 mm.","N/A","N/A","1_1.jpg","Feedback to ME for improvement","4/13/2026","Closed","PM","Machine issue","N/A","Tran Duy Quat (VN.RYOBI-PIE)"
"4/13/2026","Day shift","High Volume","096893006DG9","C1-03","The bushing press-fit into the gearbox is loose.","1","1.00%","The die casting out of dimension 27.","643677002","Thanh Cong Trading","893_3_11.jpg","Feedback to SQE for improvement","4/13/2026","Closed","SQE","Material issue","Metal","Tran Duy Quat (VN.RYOBI-PIE)"
"4/13/2026","Day shift","High Volume","096893006DG9","C1-03","The gearbox does not fit the fixture.","1","1.00%","The die casting out of dimension 22","643676002","Thanh Cong Trading","893_3_2.jpg","Feedback to SQE for improvement","4/13/2026","Closed","SQE","Material issue","Metal","Tran Duy Quat (VN.RYOBI-PIE)"
"4/13/2026","Day shift","High Mix","011292024","C2-001","The die casting cannot be assembled","575","80.00%","The die casting failed dim#21, spec: 5.2-5.4mm, actual: 4.77mm ","644645001-03","DONGGUAN TIANYAO HARDWARE INDUSTRIAL CO., LTD","die casting.jpg","SQE requires the supplier to implement the improvement actions. ","4/22/2026","Keep monitoring","SQE","Material issue","Metal","Nguyen Trong Nhan (VN.RYOBI-PIE)"
"4/13/2026","Night shift","High Mix","096727302","C2-025","Safety locking device.","5","2.50%","The operator routed the wire outside the housing groove.","N/A","N/A","Screenshot 2026-04-14 051556.jpg","The operator reviewed and followed the WI again. ","4/13/2026","Closed","Prod","Man issue","N/A","Nguyen Minh Hieu (VN.RYOBI-PIE)"
"4/13/2026","Night shift","High Mix","096785002","C2-045","The equipment is not running.","3","1.00%","The operator loosely inserted the jack connector into the switch.","N/A","N/A","Screenshot 2026-04-14 052127.jpg","The operator rechecked the product before completion.","4/13/2026","Closed","Prod","Man issue","N/A","Tran Minh Kha (VN.RYOBI-PIE)"
"4/13/2026","Night shift","EEC","130597401","C2-119","The battery pack was found poor soldering at PCBA inspection station","1","1.00%","Man issue: The terminal strap cell not been installed on the PCBA at #VT3 position.","N/A","N/A","6262337676971282336_121.jpg","single case, inform to line leader remind the operator at this station","4/13/2026","Closed","Prod","Man issue","N/A","Nguyen Si Phu (VN.RYOBI-PIE)"
"4/13/2026","Night shift","High Mix","096752301","c2-045","The equipment is not operating.","4","2.60%","The circuit board was shorted because the operator burned the switch during soldering.","N/A","N/A","Screenshot 2026-04-14 053019.jpg","The soldering operator was retrained. ","4/13/2026","Closed","Prod","Man issue","N/A","Tran Quoc Kiet (VN.RYOBI-PIE)"
"4/13/2026","Night shift","EEC","130597401","C2-085","Fail in semi FGs testing process - Failure mode #8 Sleep VSTB Voltage test","1","0.10%","Machine Issue: The PCBA is missing solder at #PWR 18V position => PCBA not work","N/A","N/A","6262337676971282338_121.jpg","Call PM come to fix machine immediately","4/13/2026","Closed","PM","Machine issue","N/A","Nguyen Si Phu (VN.RYOBI-PIE)"
"4/13/2026","Night shift","High Volume","095607118","C1-22","The female terminal of PCBA assembly into the male terminal of motor is loosen","5","1.70%","The mouth of female terminal of PCBA is wide lead loose","281335108-01","Longood","truong113.jpg","Feedback to SQE team for improving","4/14/2026","Closed","SQE","Material issue","PCBA","Kien Minh Truong (VN.RYOBI-PIE)"
"4/13/2026","Night shift","High Volume","095633306","C1-34","The head sweep can not assembly into the head sweep plate","2","0.67%","The head sweep plate is deformed","316544007","SU ZHOU","truong114.jpg","Feedback to SQE team for improving","4/14/2026","Closed","SQE","Material issue","Metal","Kien Minh Truong (VN.RYOBI-PIE)"
"4/13/2026","Night shift","High Volume","001457005","C1-061","The charger make the power supply is die","1","0.01%","The anode and cathode of charge is shorted","140457007-04","VietNam Honor","truong115.jpg","Feedback to SQE team for improving","4/14/2026","Closed","SQE","Material issue","PCBA","Kien Minh Truong (VN.RYOBI-PIE)"
"4/13/2026","Night shift","EEC","130597380","C2-118","The Operator found cell scratched after assembly","1176","100.00%","Material issue: The cell holder is NG #dim24, spec: 18.3-18.45mm, check by gauge, go-gauge 18.3mm => cell holder no go-gauge 18.3mm => NG","541327003","CÔNG TY TNHH SX nhựa vỏ điện tử YUEN FUNG VN","Screenshot 2026-04-14 045728.png","CE, Inform to SQE team to work with supplier to prevent this issue, supplier sorting material to resume line","4/20/2026","Keep monitoring","SQE","Material issue","Plastic","Nguyen Si Phu (VN.RYOBI-PIE)"
"4/13/2026","Night shift","High Mix","095834102","C2-041","Visual NG","3","0.50%","Insufficient plastic in housing","536200001/536201001","Kim Diep","2026-04-14 064627.jpg","The supplier has sorted the materials to supply OK parts to the production line and will improve in the next lot","4/13/2026","Closed","SQE","Material issue","Plastic","Tran Quoc Kiet (VN.RYOBI-PIE)"
"4/11/2026","Day shift","High Volume","159217002","C1-52","The tool is making strange noises.","2","0.30%","Gear deform","300308049-02","WEIDA","136.png","Feedback to SQE team to work with supplier for improving","4/12/2026","Closed","SQE","Material issue","Metal","Le Hong Phong (VN.RYOBI-PIE)"
"4/11/2026","Day shift","High Mix","030319004","C2-032","At the saw blade inspection station, it was found that the lever of the protective guard was loose and had not been securely fixed.","5","1.20%","At process V02, it was found that the screwdriver torque was out of specification. The standard spec is (23 ± 2 kgf·cm), while the actual torque measured on the line was (19.6 kgf·cm).","N/A","N/A","Screenshot 2026-04-11 130013.jpg","Report to the leader to separate the defective products first, then ask PM to recheck the screwdriver torque according to the instruction manual.","4/11/2026","Closed","PM","Machine issue","N/A","Dong Dinh Chanh (VN.RYOBI-PIE)"
"4/11/2026","Day shift","High Volume","011197032","C1-043","The tool run at drill and harmer mode is the same","15","100.00%","Man issue: the operator do not follow WI, at the 4. G09 require the operator put the spring into the groove of the output shaft but they do not follow","N/A","N/A","truong111.jpg","Feedback to group and line leader to improve","4/13/2026","Closed","Prod","Man issue","Metal","Kien Minh Truong (VN.RYOBI-PIE)"
"4/11/2026","Day shift","High Volume","096893006DG9","C1-29","The gear is cracked and broken","1","0.02%","The gear is machining defect","613965001-01","Pu Zhou","truong112.jpg","Feedback to SQE team for sorting and working with supplier for improving this case","4/13/2026","Closed","SQE","Material issue","Metal","Kien Minh Truong (VN.RYOBI-PIE)"
"4/11/2026","Night shift","High Mix","030227005","C2-013","EOL found a product cannot run"," 1","0.20%","Switch contact terminal was opened ","760476026","ZHEJIANG JIABEN ELECTRONICS CO., LTD.","Screenshot 2026-04-12 045554.png","Single case, inform SQE and continue follow up the line","4/11/2026","Closed","SQE","Material issue","Switch","Ha Thanh Dien (VN.RYOBI-PIE)"
"4/11/2026","Night shift","High Mix","030227005","C2-013","At EOL the product was found to fail in current switching mode.","1","0.20%","PCBA defect: Connector inserted in reverse orientation.","280089006","H&T INTELLIGENT CONTROL (BINH DUONG) ","Screenshot 2026-04-12 050842.png","Request the SQE team to ask the supplier to improve.","4/11/2026","Closed","SQE","Material issue","PCBA","Ha Thanh Dien (VN.RYOBI-PIE)"
"4/11/2026","Night shift","High Mix","011031034","C2-030","The tool produces abnormal noise during operation","1","0.20%","The speed control lever was not inserted into the slot of the speed adjustment gear","N/A","N/A","2026-04-12 051023.jpg","Retrain the operator to follow the WI and check before proceeding to the next step","4/11/2026","Closed","Prod","Man issue","N/A","Tran Quoc Kiet (VN.RYOBI-PIE)"
"4/11/2026","Night shift","High Mix","030227005","C2-013","At EOL the product was found not functioning.","1","0.20%","Wokr manship issue: The connector terminal inserted into the carbon brush was loose/disconnected.","N/A","N/A","Screenshot 2026-04-12 052003.png","Inform the leader and training team to instruct operators to follow WI step C10 and ensure inspection after operation to prevent recurrence.","4/11/2026","Closed","Prod","Man issue","N/A","Ha Thanh Dien (VN.RYOBI-PIE)"
"4/11/2026","Night shift","High Mix","096752001","C2-488","The indicator light is on, but the tool is not functioning","1","0.20%","The gear is jammed due to burrs","N/A","N/A","026-04-12 052347.jpg","Retrain the operator to follow the WI and check before proceeding to the next step","4/11/2026","Closed","Prod","Man issue","N/A","Tran Quoc Kiet (VN.RYOBI-PIE)"
"4/11/2026","Night shift","High Mix","011252017","C2-030","The device is not working.","2","0.10%","The operator incorrectly installs the switch.","N/A","N/A","Screenshot 2026-04-12 052413.jpg","The operator follows the WI again.","4/11/2026","Closed","Prod","Man issue","N/A","Nguyen Minh Hieu (VN.RYOBI-PIE)"
"4/11/2026","Night shift","High Mix","095834102","C2-041","External appearance defect.","7","1.20%","The plastic injection mold is warped","536200001/536201001","KIM DIEP","Screenshot 2026-04-12 053909.jpg","SQE conducts stricter incoming inspection.","4/11/2026","Closed","SQE","Material issue","Plastic","Tran Minh Kha (VN.RYOBI-PIE)"
"4/11/2026","Night shift","High Mix","011031034","C2-030","The equipment vibrates abnormally during operation.","2","0.10%","Missing gear in gearbox assembly.","N/A","N/A","Screenshot 2026-04-12 054722.jpg","The operator reviews the WI again.","4/11/2026","Closed","Prod","Man issue","N/A","Nguyen Minh Hieu (VN.RYOBI-PIE)"
"4/11/2026","Night shift","High Mix","011252017","C2-030","The equipment is not receiving any signal.","2","0.10%","The connector on the PCB has come loose.","N/A","N/A","Screenshot 2026-04-12 060207.jpg","The operator secures the connector plug more firmly.","4/11/2026","Closed","Prod","Man issue","N/A","Tran Minh Kha (VN.RYOBI-PIE)"
"4/11/2026","Night shift","High Volume","011201013","C1-46","The motor stopped due to overcurrent","1","0.50%","Operation error caused a ball to drop into the gearbox","N/A","N/A","Image (23)1.jpg","Leader re_training Operation ","4/11/2026","Closed","Prod","Man issue","N/A","Nguyen Phu Quoc (VN.RYOBI-PIE)"
"4/10/2026","Day shift","High Volume","095653008","C1-11","The tool can not off when put the button off","2","0.40%","The switch is failed at note 3, actual, the travel distance is shorter than specification at drawing","760629003-02",,"truong110.jpg","Feedback to SQE team to work with supplier for improving","4/11/2026","Closed","SQE","Material issue","Switch","Kien Minh Truong (VN.RYOBI-PIE)"
"4/10/2026","Day shift","High Volume","011210011","C1-55","High curent","1","0.10%","Part'' OUTPUT SPUR GEAR'' Fail dim 6, Spec: 14.95-15.01mm, Actual: 15.15mm","610388012-01","JINGDING","134.png","Feedback to SQE team to work with supplier for improving","4/11/2026","Closed","SQE","Material issue","Metal","Le Hong Phong (VN.RYOBI-PIE)"
"4/10/2026","Day shift","High Volume","011383017","C1-47","The shaft is mounted to the rigid rotating gearbox.","5","0.70%","Shaft not yet machined with chamfer","621676003-01","Hưng Phú Sâm","Image - 2026-04-10T175018.319.jpg","Feedback to SQE team to work with supplier for improving","4/11/2026","Closed","SQE","Material issue","Metal","Le Hong Phong (VN.RYOBI-PIE)"
"4/10/2026","Day shift","High Volume","011383017","C1-47","The shaft is mounted to the rigid rotating gearbox.","6","0.70%","Part ''GEAR HOUSING"" fail dim 17, Spec: 12-12.02mm, Actual: 11.98mm","319533006-02","Good mark ","135.png","Feedback to SQE team to work with supplier for improving","4/11/2026","Closed","SQE","Material issue","Plastic","Le Hong Phong (VN.RYOBI-PIE)"
"4/10/2026","Night shift","High Mix","030227005","C2-013","At EOL the product was found not functioning.","1","0.20%","The carbon brush holder was deformed causing the brush to jam and lose contact with the rotor commutator.","N/A","N/A","Screenshot 2026-04-11 014200.png","Request the leader to instruct operators to use pliers carefully when installing the terminal and follow WI step C10.","4/10/2026","Closed","Prod","Man issue","N/A","Ha Thanh Dien (VN.RYOBI-PIE)"
"4/10/2026","Night shift","High Volume","095581101","C1-39","The shaft cannot be pressed into the bearing","1","0.50%","The shaft fail dim #19","622738001-01","Bách Tùng","Image (22)1.jpg","The supplier improves","4/10/2026","Closed","SQE","Material issue","Metal","Nguyen Phu Quoc (VN.RYOBI-PIE)"
"4/10/2026","Night shift","High Mix","011364020","C2-055","The tool produces abnormal noise during operation","1","0.20%","During the gearbox assembly process, the operator misaligned the small washer.","N/A","N/A","2026-04-11 053403.jpg","Retrain the operator to follow the WI and verify the correct installation of the small washer before proceeding to the next step","4/10/2026","Closed","Prod","Man issue","N/A","Tran Quoc Kiet (VN.RYOBI-PIE)"
"4/10/2026","Night shift","High Mix","011393001","C2-031","The device’s indicator light is on, but it is not working.","3","1.00%","The operator at the motor pressing station placed the motor in an incorrect position, causing it to tilt during the pressing process.","N/A","N/A","2026-04-10 393.jpg","Retrain the station operator to follow the WI correctly.","4/10/2026","Closed","Prod","Man issue","N/A","Tran Minh Kha (VN.RYOBI-PIE)"
"4/10/2026","Night shift","High Mix","011093001","C2-031","At step G04.3, the gearbox housing cannot be assembled onto the shaft end","4","2.60%","Dimension #15 is out of specification (Spec: 13.39–13.40 mm, Actual: 14.410 mm)","620059015","WEIDA (VIETNAM) MANUFACTUING CO.,LTD (10861)","2026-04-11 064501.jpg","SQE requires the supplier to implement corrective actions","4/10/2026","Closed","SQE","Material issue","Metal","Tran Quoc Kiet (VN.RYOBI-PIE)"
"4/10/2026","Night shift","High Volume","096887002","C1-27","The bearing becomes tight after being press-fitted onto the shaft.","1","0.10%","The shaft out of dimension 21. Spec 10.008, Actual 10.12","622738003","Bach Tung","27.jpg","Feedback to SQE for improvement","4/10/2026","Closed","SQE","Material issue","Metal","Tran Duy Quat (VN.RYOBI-PIE)"
"4/10/2026","Night shift","High Mix","011114021","C2-006","The die-cast gearbox housing is cracked.","2","1.00%","The gearbox assembly station operator failed to assemble the parts in the correct orientation.","N/A","N/A","2026-04-10 114.jpg","Retrain the operator at the assembly station to make sure the parts are properly seated before fastening the screws.","4/10/2026","Closed","Prod","Man issue","N/A","Tran Minh Kha (VN.RYOBI-PIE)"
"4/9/2026","Day shift","High Mix","030247012","C2-013"," At the C35 stage, the automatic screw driving machine is incorrectly inserting screws into the plastic upper shell of the machine.","3","0.30%","The worker placed the part into the automatic screw machine but forgot to engage the lever to secure it in position.","N/A","N/A","Screenshot 2026-04-09 135236.png","Reinstruct the operator to perform the procedure according to the WI and check before assembly.","4/9/2026","Closed","Prod","Man issue","N/A","Dong Dinh Chanh (VN.RYOBI-PIE)"
"4/9/2026","Day shift","High Mix","030247012","C2-013","At the functional test station, the machine produced sparks and did not meet the standard speed specified in the check card.","3","0.30%","At station C05, the spacer inserted into the stator housing was not properly secured, causing the screw to be driven inward at an angle and resulting in deformation of the black plastic at the carbon brush mounting area.","N/A","N/A","Screenshot 2026-04-09 142057.jpg","Reinstruct the operator to perform the procedure according to the WI and check before assembly.","4/9/2026","Closed","Prod","Man issue","N/A","Dong Dinh Chanh (VN.RYOBI-PIE)"
"4/9/2026","Day shift","EEC","130597200","C2-082","The battery pack is detected NG #mode 10 at the semi-FG testing fucntion process","1","0.10%","Material issue: The component CF5 is cracked","280109544","TOPTEK VIETNAM","Screenshot 2026-04-09 162537.png","single case, inform to SQE keep follow issue","4/9/2026","Closed","SQE","Material issue","PCBA","Nguyen Si Phu (VN.RYOBI-PIE)"
"4/9/2026","Day shift","EEC","130597401","C2-085","The battery pack is detected NG #mode 8 at the semi-FGs process","2","0.15%","Machine issue: The PCBA is damaged during shorted 18V to GND at the PCBA soldering process.","N/A","N/A","Screenshot 2026-04-09 164800.png","call to PM fix macchine and keep follow issue","4/9/2026","Keep monitoring","PM","Machine issue","N/A","Nguyen Si Phu (VN.RYOBI-PIE)"
"4/9/2026","Day shift","High Volume","159217002","C1-52","Gap housing ","10","1.00%","Part '' HOUSING SUPPORT'' fail dim 14, spec 2.12-2.28mm","542995004-01","MingSing","133.png","Feedback to SQE and supplier for improvement","4/10/2026","Closed","SQE","Material issue","Plastic","Le Hong Phong (VN.RYOBI-PIE)"
"4/9/2026","Day shift","EEC","130540093","C2-098","The PCBA is missing screw at the PCBA auto screw machine process ","5","0.20%","Material issue: The masking tape is sealed hole screw, leading to auto screw machine cannot fighting screw => missing screw","280373210","Tian-Power technology VIETNAM","6249097199035813670_121.jpg","inform to SQE follow and feedback to supplier improve issue","4/9/2026","Closed","SQE","Material issue","PCBA","Nguyen Si Phu (VN.RYOBI-PIE)"
"4/9/2026","Day shift","High Mix","096779001","C2-047","Appearance defect","50","8.30%","The switch knob is scratched, exposing the white pain.","549025001","mingsing","Screenshot 2026-04-09 175512.jpg","SQE to improve control of incoming material quality.","4/9/2026","Closed","SQE","Material issue","Plastic","Luu Hoang Nhan (VN.RYOBI-PIE)"
"4/9/2026","Day shift","High Mix","159114030","C2-006","The gearbox assembly has a broken mounting lug.","5","0.90%","The operator fastened the bolts on the gearbox assembly, but they were not properly engaged.","N/A","N/A","Screenshot 2026-04-09 181355.jpg","The operator shall perform assembly more carefully when tightening the fixing bolts.","4/9/2026","Closed","Prod","Man issue","N/A","Nguyen Minh Hieu (VN.RYOBI-PIE)"
"4/9/2026","Night shift","High Mix","095834001","C2-041","Visual NG","7","0.20%","Insufficient plastic in housing","536200001/536201001","Kim Diep","Screenshot 2026-04-10 010134.png","The supplier has sorted the materials to supply OK parts to the production line and will improve in the next lot","4/9/2026","Closed","SQE","Material issue","Plastic","Le Song Toan (VN.RYOBI-PIE)"
"4/9/2026","Night shift","High Mix","011339002","C2-010","The tool indicator light is on, but the tool is not functioning","1","0.20%","During the soldering process, solder splash occurred and the operator skipped the solder joint inspection step","N/A","N/A","2026-04-10 024409.jpg","Retrain the operator to follow the WI and check the solder joints before assembly","4/9/2026","Closed","Prod","Man issue","N/A","Tran Quoc Kiet (VN.RYOBI-PIE)"
"4/9/2026","Night shift","High Mix","011114021","C2-005","Gearbox deformed","2","0.03%","The operator misaligned the bearing, causing deformation of the gearbox shaft during pressing","N/A","N/A","Screenshot 2026-04-10 024710.png","Retrain the operator to follow the WI","4/9/2026","Closed","Prod","Man issue","N/A","Le Song Toan (VN.RYOBI-PIE)"
"4/9/2026","Night shift","High Mix","011376009","C2-034","Tool can not run","3","0.04%","The PCBA pin is bent","N/A","N/A","Screenshot 2026-04-10 052153.png","Retrain the operator to ensure the test pin is properly inserted into the slot","4/9/2026","Closed","Prod","Man issue","N/A","Le Song Toan (VN.RYOBI-PIE)"
"4/9/2026","Night shift","High Mix","011243018","C2-052","The device is not working and the red light flashes 6 times.","2","0.50%","The soldering station operator soldered and caused a short circuit on the pin wires.","N/A","N/A","2026-04-09 243.jpg","Train the soldering station operator to check the work after soldering.","4/9/2026","Closed","Prod","Man issue","N/A","Tran Minh Kha (VN.RYOBI-PIE)"
"4/9/2026","Night shift","High Volume","095587101","C1-22","The chainsaw is not dispensing oil","2","1.00%","The oil line was damaged due to incorrect operator operation","N/A","N/A","Image (21)1.jpg","Leader retrain the operator ","4/9/2026","Closed","Prod","Man issue","N/A","Nguyen Phu Quoc (VN.RYOBI-PIE)"
"4/9/2026","Day shift","High Volume","095203102","C1-35","Pinion cracked after pressed into motor","1","0.20%","Material issue - Motor shaft too big - NG DIM 6#","742652005-01","Rotong","crack.jpeg","Sorting","4/30/2026","Closed","SQE","Material issue","Motor","Huge Ho Cong Minh Hieu (VN.RYOBI-PIE)"
"4/8/2026","Day shift","EEC","130597200","c2-084","The battery pack is detected NG at the appearance process","9","0.60%","Material Issue: The cell holder plastic is over mold => The battery pack has gap top housing at the auto screwing process","541183006","GOODMARK VIETNAM","Screenshot 2026-04-08 092621.png","Scrap, Inform to SQE follow issue and team to work with supplier to prevent this issue","4/8/2026","Closed","SQE","Material issue","Plastic","Nguyen Si Phu (VN.RYOBI-PIE)"
"4/8/2026","Day shift","High Volume","096561102","C1-14","The oil tank is leaking.","30","10.00%","Part ''OIL TANK CAP'' have burr and fail dim 25, spec: 6.2-6.4mm, actual: 6.41mm","531002002","MingShing","131.png","Feedback to SQE and supplier for improvement","4/9/2026","Keep monitoring","SQE","Material issue","Plastic","Le Hong Phong (VN.RYOBI-PIE)"
"4/8/2026","Day shift","High Mix","095799001","C2-045","The speed control rotary knob exceeded its travel limit.","2","0.30%","The operator rotated the knob beyond its allowable travel.","N/A","N/A","Screenshot 2026-04-08 181519.jpg","The operator was reminded to be more careful during operation.","4/8/2026","Closed","Prod","Man issue","N/A","Luu Hoang Nhan (VN.RYOBI-PIE)"
"4/8/2026","Day shift","High Mix","011114030","C2-002","The device produces unusual noise when operating.","3","0.20%","  The thread pitch detail has not been mechanically machined.","614770002","HUNAN JINCHENG TRADE","Screenshot 2026-04-08 184023.jpg","Require the SQE to improve supplier quality control.","4/8/2026","Closed","SQE","Material issue","Metal","Nguyen Minh Hieu (VN.RYOBI-PIE)"
"4/8/2026","Day shift","High Volume","096561102","C1-14","The connector is fitted into the steel tube pipe in a non-aligned position.","30","8.00%","Part ''STEEL TUBE'' fail dim 5, Spec:11.3-11.6mm Actual 12.8mm","687264001-03","ZHONGHENG","1321.png","Feedback to SQE and supplier for improvement","4/9/2026","Closed","SQE","Material issue","Metal","Le Hong Phong (VN.RYOBI-PIE)"
"4/8/2026","Night shift","EEC","130597396","c2-082","The operator found part has wrong label","1","0.80%","Material issue: The left-side panel has extra text ‘2Ah’ on the warning label.","316599021-01","GOOD MARK INDUSTRIAL VIETNAM COMPANY LIMITED","2026-04-09_03h09_21.png","Single case, record the issue then continue follow up since this case same as some cases OQC finding in EEC ","4/15/2026","Keep monitoring","SQE","Material issue","Plastic","Nguyen Ngoc Dinh (VN.RYOBI-PIE)"
"4/8/2026","Night shift","High Mix","011393001","C2031","The tool does not operate.","2","0.40%","During the assembly process, the operator installed the battery terminal clamp with the wrong polarity","N/A","N/A","2026-04-09 052355.jpg","Retrain the operator to follow the WI and verify the correct polarity before installing the battery terminal clamp","4/8/2026","Closed","Prod","Man issue","N/A","Tran Quoc Kiet (VN.RYOBI-PIE)"
"4/8/2026","Night shift","EEC","130597197","C2-120","Parts missing label","2","1.60%","Material issue: Missing warning label on the left-side panel","316599011","GOOD MARK INDUSTRIAL VIETNAM COMPANY LIMITED","2026-04-09_05h20_151.png","Inform to SQE team to work with supplier to prevent this issue.","4/8/2026","Closed","SQE","Material issue","Plastic","Nguyen Ngoc Dinh (VN.RYOBI-PIE)"
"4/8/2026","Night shift","High Mix","011203004","C2-001","Visual NG","6","0.20%","Insufficient plastic in housing","543890001/543891001","Good view","Screenshot 2026-04-09 053352.png","The supplier sorted the materials to ensure OK parts for the line, and will improve in the next lot","4/8/2026","Closed","SQE","Material issue","Plastic","Le Song Toan (VN.RYOBI-PIE)"
"4/8/2026","Night shift","High Mix","010898007","C2-030","The equipment is not functioning","1","1.00%","The operator at the wire routing station placed the wire in the wrong position, resulting in wire interference","N/A","N/A","2026-04-08 898.jpg","Guide the operator at the wiring station to work in compliance with the WI","4/8/2026","Closed","Prod","Man issue","N/A","Tran Minh Kha (VN.RYOBI-PIE)"
"4/8/2026","Night shift","High Volume","011092059","C1-44","This part cannot be assembled  (Repeat issue)","1","0.50%","Die casting fail dim #34","644187001-01","Toan Luc","Image (20)2.jpg","Supplier sorting and improment","4/8/2026","Closed","SQE","Material issue","Metal","Nguyen Phu Quoc (VN.RYOBI-PIE)"
"4/8/2026","Night shift","High Volume","011092016","C1-44","The bearing pressed into the die casting is loose","1","1.00%","The die casting out of dimension 48. Spec 27.955, Actual 28.030","644187001","Toan Luc JSC","092_44_1.jpg","Feedback to SQE For Improvement","4/8/2026","Closed","SQE","Material issue","Metal","Tran Duy Quat (VN.RYOBI-PIE)"
"4/8/2026","Night shift","High Volume","011399011","C1-46","The bearing does not fit into the die casting.","2","1.00%","The die casting out of dimension 25. Spec 28.001, Actual 27.975","647261003","JINJUE","399_46_1.jpg","Feedback to SQE for improvement","4/8/2026","Closed","SQE","Material issue","Metal","Tran Duy Quat (VN.RYOBI-PIE)"
"4/8/2026","Night shift","High Volume","095898302","C1-15","The gearbox is hard to rotate.","2","1.00%","The ring gear is deformed.","614670001","Powder metall","898_15_1.jpg","Feedback to SQE for improvement","4/8/2026","Closed","SQE","Material issue","Metal","Tran Duy Quat (VN.RYOBI-PIE)"
"4/7/2026","Night shift","High Mix","011249010","C2-033","Tool can not run","3","0.02%","The screw damaged and cut the PCBA wire.","N/A","N/A","Screenshot 2026-04-07 064523.png","Retrain the operator to follow the WI","4/7/2026","Closed","Prod","Man issue","N/A","Le Song Toan (VN.RYOBI-PIE)"
"4/7/2026","Day shift","High Mix","011235019","C2-002","The tool shows an error and cannot run.","3","0.30%","Bonding two solder pins together.","N/A","N/A","Screenshot 2026-04-07 131830.jpg","The operator rechecks after completion.","4/7/2026","Closed","Prod","Man issue","N/A","Luu Hoang Nhan (VN.RYOBI-PIE)"
"4/7/2026","Day shift","High Mix","010924002","C2-055","The equipment over-travels; the shaft is stuck and does not rotate.","10","1.50%","The equipment has a broken signal wire; the locking clamp lacks the magnet required to receive the circuit signal.","N/A","N/A","Screenshot 2026-04-07 132347.jpg","The operator rechecks the tool after completion to avoid forgetting. ","4/7/2026","Closed","Prod","Man issue","N/A","Nguyen Minh Hieu (VN.RYOBI-PIE)"
"4/7/2026","Day shift","High Volume","011420003","C1-053","The cam ass'y assembly is quite stiff after staping","10","5.00%","Stamping is wrong specifications","N/A","N/A","truong107.jpg","Feedback to ME team to fix this issues","4/7/2026","Closed","PM","Machine issue","Metal","Kien Minh Truong (VN.RYOBI-PIE)"
"4/7/2026","Day shift","High Mix","030247012","C2-013","During the testing process of the machine inactivity detection feature.","2","0.30%","At process C05, the pad was installed onto the stator in the wrong position, causing it to rub against the rotor’s copper part, leading to breakage and malfunction","N/A","N/A","Screenshot 2026-04-07 163507.jpg","Reinstruct the operator to perform the procedure according to the WI and check before assembly.","4/7/2026","Closed","Prod","Man issue","N/A","Dong Dinh Chanh (VN.RYOBI-PIE)"
"4/7/2026","Day shift","EEC","130597396","C2-083"," Fail in semi FGs testing process - Failure mode #10 Work VSTB Voltage test","1","0.10%","Material Issue: The component is missing soler on the pin NTC => Fail mode #10 at the semi FG testing process","280109544","TOPTEK VIETNAM","6244726666085207772_121.jpg","single case, inform to SQE continue follow issue","4/7/2026","Closed","SQE","Material issue","PCBA","Kai Ho Xuan Hau (VN.RYOBI-PIE)"
"4/7/2026","Day shift","High Volume","096202102DG9","C1-05","The axle cannot be fitted with brake pads.","1","0.10%","Part ''OUTPUT SHAFT'' fail dim 3, spec: 0-0.05mm, Actual:0.395mm","623265004-01","DONGGUAN","129.png"," Feedback to SQE and supplier for improvement","4/8/2026","Closed","SQE","Material issue","Metal","Le Hong Phong (VN.RYOBI-PIE)"
"4/7/2026","Day shift","High Mix","011231011","C2-028"," Cosmetic defect.","240","24.00%","The mold from the supplier is deformed.","543974003/543948003","mingsing","Screenshot 2026-04-07 172827.jpg"," SQE strengthens incoming quality control from suppliers.","4/7/2026","Closed","SQE","Material issue","Plastic","Nguyen Minh Hieu (VN.RYOBI-PIE)"
"4/7/2026","Day shift","High Mix","011339002","C2-053","The screws fixing the motor are not properly fastened.","5","1.00%","The operator operated without using a fixing jig between the two devices.","N/A","N/A","Screenshot 2026-04-07 174253.jpg","The operator rechecks and follows the correct operation procedure.","4/7/2026","Closed","Prod","Man issue","N/A","Luu Hoang Nhan (VN.RYOBI-PIE)"
"4/7/2026","Day shift","High Volume","095731305","C1-22","The tool run with abnormal noise","1","0.20%","The chain link of chainsaw is defect","682728001-01","OREGON","truong109.jpg","Feedback to SQE to improve","4/11/2026","Closed","SQE","Material issue","Metal","Kien Minh Truong (VN.RYOBI-PIE)"
"4/7/2026","Night shift","High Volume","011092059","C1-44","This part cannot be assembled","1","0.50%","Die casting fail dim #34","644187001-01","Toan Luc","Image (20)1.jpg","Supplier Improment ","4/7/2026","Closed","SQE","Material issue","Metal","Nguyen Phu Quoc (VN.RYOBI-PIE)"
"4/7/2026","Night shift","High Mix","010924002","C2-056","The tool operates, but it fails the functional test.","2","0.40%","The operator missed installing the plastic gear ring in the gearbox","N/A","N/A","2026-04-08 062556.jpg","Retrain the operator to follow the WI","4/8/2026","Closed","Prod","Man issue","N/A","Le Song Toan (VN.RYOBI-PIE)"
"4/7/2026","Night shift","High Mix","010924002","C2-056","The tool does not operate","2","0.40%","During the assembly process, the operator skipped the magnet installation step","N/A","N/A","2026-04-08 063701.jpg","Retrain the operator to follow the WI","4/7/2026","Closed","Prod","Man issue","N/A","Tran Quoc Kiet (VN.RYOBI-PIE)"
"4/7/2026","Day shift","High Volume","011504003DP-2616B-PS9","C1-54","Assembling the engine into the casing is quite difficult.","300","95.00%","Part ''MOTOR COVER'' Fail dim 6, Spec: 4.0-4.1mm, Actual :4.14mm","535770001-01","Good View","130.png"," Feedback to SQE and supplier for improvement","4/8/2026","Keep monitoring","SQE","Material issue","Plastic","Le Hong Phong (VN.RYOBI-PIE)"
"4/7/2026","Day shift","High Mix"," 011249010","C2-033","The tank fail operating force","1","0.20%","O-ring 565455001 has burr -> Air leakage","565455001","JIANGMEN ZHONG AN IMPORT AND EXPORT CO., LTD.","2026-04-07 1.jpg","Feedback SQE working with supplier for improvement","4/7/2026","Closed","SQE","Material issue","Plastic","Hoang Dinh Trung (VN.RYOBI-PIE)"
"4/7/2026","Day shift","High Mix","011249010","C2-033","The tank fail operating presure","1","0.20%","There is hair on the blade o-ring","N/A","N/A","2026-04-07 2.jpg","Feedback leader monitor at sub-line next job","4/7/2026","Keep monitoring","Prod","Man issue","N/A","Hoang Dinh Trung (VN.RYOBI-PIE)"
"4/6/2026","Day shift","EEC","130597370","C2-119"," Fail in semi FGs testing process - Failure mode #10 Work VSTB Voltage test","1","0.10%","Workmanship issue: The strap cell has broken during assembly => leading to unbalance battery on the U3 MCU, created block MCU U6=>Fail mode #10 ","N/A","N/A","Screenshot 2026-04-06 163806.png","Inform Line leader to remind the Operator immediately","4/6/2026","Closed","Prod","Man issue","N/A","Nguyen Si Phu (VN.RYOBI-PIE)"
"4/6/2026","Day shift","High Mix","095364312","C2-021","The device does not run on AC current.","1","0.20%","Broken wire at the electrical contact.","N/A","N/A","Screenshot 2026-04-06 165533.jpg","The operator checks the wire contact connection again after completing the operation.","4/6/2026","Closed","Prod","Man issue","N/A","Nguyen Minh Hieu (VN.RYOBI-PIE)"
"4/6/2026","Day shift","High Volume","096560102","C1-17","The shaft rotates rigidly after the bearing is stamped.","2","0.30%","The shaft  fail dim 28, spec: 12.000-12.009mm, Actual: 12.069mm","623769001-03","Bach tung","128.png"," Feedback to SQE and supplier for improvement","4/7/2026","Closed","SQE","Material issue","Metal","Le Hong Phong (VN.RYOBI-PIE)"
"4/6/2026","Day shift","High Mix","011339002","C2-053","The equipment is not functioning","2","0.50%","The operator installed the main switch in the wrong orientation.","N/A","N/A","Screenshot 2026-04-06 171532.jpg","The operator follows and rechecks the WI.","4/6/2026","Closed","Prod","Man issue","N/A","Luu Hoang Nhan (VN.RYOBI-PIE)"
"4/6/2026","Night shift","EEC","130597396","c2-83","Fail in semi FGs testing process - Failure mode #8 Sleep VSTB Voltage test.","2","1.60%","Machine issue: Lead solder balls from the PCBA soldering process fall onto components and cause damage.","N/A","N/A","2026-04-07_04h47_59.png","Call PM come to fix machine immediately.","4/6/2026","Closed","PM","Machine issue","PCBA","Nguyen Ngoc Dinh (VN.RYOBI-PIE)"
"4/6/2026","Night shift","High Volume","096887304","C1-27","Cannot be assembled","4","8.00%","The shaft fails the symmetry tolerance (spec 0.05mm) ","622738003-01","Bach Tung","Image (19)1.jpg","Supplier sorting and improment ","4/6/2026","Closed","SQE","Material issue","Metal","Nguyen Phu Quoc (VN.RYOBI-PIE)"
"4/6/2026","Night shift","High Mix","030227005","C2-013","1","At EOL, the product was found to operate at only one speed.","0.20%","Man issue: The PCBA wires were not properly arranged. After screw fastening, the wires were pinched, causing an open circuit.","N/A","N/A","Screenshot 2026-04-07 061034.png","Inform the leader to instruct operators to follow the correct method according to WI step C15.3, and perform regular checks to prevent defect occurrence.","4/6/2026","Closed","Prod","Man issue","N/A","Ha Thanh Dien (VN.RYOBI-PIE)"
"4/6/2026","Night shift","High Mix","011230028","C2-027","At station 5, step 08, the pin cannot be inserted into the saw bar hole","1","0.60%","Dimension #20 is out of specification (Spec: 5.97–6.00 mm, Actual: 5.954 mm)","622869003-01","FUJISEIKO VIET NAM","2026-04-07 061205.jpg","SQE requires the supplier to implement the improvement actions. ","4/6/2026","Closed","SQE","Material issue","Metal","Tran Quoc Kiet (VN.RYOBI-PIE)"
"4/6/2026","Night shift","High Mix","011230028","C2-027","At station 5, step 02, the saw bar cannot be placed into the fixture","1","0.60%","Dimension #6 is out of specification (Spec: 0–0.02 mm, Actual: 0.39 mm)","622869003-01","FUJISEIKO VIET NAM","2026-04-07 062847.jpg","SQE requires the supplier to implement the improvement actions. ","4/6/2026","Closed","SQE","Material issue","Metal","Tran Quoc Kiet (VN.RYOBI-PIE)"
"4/6/2026","Night shift","High Mix","095410109","C2-021","The operator at the cast iron head assembly station did not complete the full travel.","1","0.50%","The operator at the flower-shaped stamping station positioned it incorrectly, causing the tube to deform.","N/A","N/A","2026-04-06 410.jpg","Provide retraining to the operator at the tube positioning station to ensure the tube is correctly positioned before stamping, in accordance with the WI.","4/6/2026","Closed","Prod","Man issue","N/A","Tran Minh Kha (VN.RYOBI-PIE)"
"4/4/2026","Day shift","High Mix","030041030","C2-032","The machine is not operating at the functional test station.","2","0.30%","The red wire of the stator was not properly placed into the correct slot, leading to friction with the rotor and causing the wire to break.","N/A","N/A","Screenshot 2026-04-04 141409.png","Reinstruct the operator to route the wire into the correct position according to the WI and check before assembly.","4/4/2026","Closed","Prod","Man issue","N/A","Dong Dinh Chanh (VN.RYOBI-PIE)"
"4/4/2026","Day shift","EEC","130690039","C2-096","The battery pack not working, detect fail at the EOL station.","1","0.10%","Material issue: The component has misalignment at position fuse F1 on the PCBA => leading to open circuit with #PWR 3.3V+ => PCBA not working","280079037","TOPTEK VIETNAM","6233259236548873428_121.jpg","single case, inform to SQE continue follow line","4/4/2026","Closed","SQE","Material issue","PCBA","Nguyen Si Phu (VN.RYOBI-PIE)"
"4/4/2026","Day shift","High Mix","011309015","C2-008","Tool can not run","1","0.02%","PCBA broken the component","N/A","N/A","Screenshot 2026-04-04 165157.png","Retrain the operator to follow the WI","4/4/2026","Closed","Prod","Man issue","N/A","Nguyen Minh Hieu (VN.RYOBI-PIE)"
"4/4/2026","Day shift","High Mix","095364312","C2-041","Tool can not run","1","0.03%","The wire was cut by the PCBA due to interference","N/A","N/A","Screenshot 2026-04-04 170041.png","Retrain the operator to follow the WI","4/4/2026","Closed","Prod","Man issue","N/A","Luu Hoang Nhan (VN.RYOBI-PIE)"
"4/4/2026","Day shift","High Mix","011220034","C2-003","Die casting stamping NG","2","0.02%","The operator presses two bearings into the die-cast part","N/A","N/A","Screenshot 2026-04-04 170835.png","Retrain the operator to follow the WI, 5s WIP in line","4/4/2026","Closed","Prod","Man issue","N/A","Le Song Toan (VN.RYOBI-PIE)"
"4/4/2026","Day shift","High Volume","096764001DG9","C1-07","The bolt’s threads were stripped while tightening","10","100.00%","Bell failed at dim #37","552861001-01","TTH","Image (18)1.jpg","SQE contact supplier change part good","4/4/2026","Open","SQE","Material issue","Plastic","Nguyen Phu Quoc (VN.RYOBI-PIE)"
"4/4/2026","Night shift","High Volume","011232016","C1-043","The pushing button is sink","8","2.00%","Man issue: The operator don't use the fixture when screw shooting into the pushing button","N/A","N/A","truong105.jpg","Feedback to group and line leader to fix this issue","4/6/2026","Closed","Prod","Man issue","Plastic","Kien Minh Truong (VN.RYOBI-PIE)"
"4/4/2026","Night shift","High Volume","011232016","C1-043","The housings is exposed after screw shooting","15","9.00%","The groove of housings has excess plastic","370406004-01 370408004-01","Mingshing","truong106.jpg","Feedback to SQE for improving","4/6/2026","Closed","SQE","Material issue","Plastic","Kien Minh Truong (VN.RYOBI-PIE)"
"4/4/2026","Night shift","High Mix","011230002","C2-002","The tool does not operate.","1","0.20%","The operator skipped the soldering process.","N/A","N/A","2026-04-05 022731.jpg","Retrain the operator to follow the WI and check the solder joints before assembly.","4/4/2026","Closed","Prod","Man issue","N/A","Tran Quoc Kiet (VN.RYOBI-PIE)"
"4/4/2026","Night shift","High Mix","011230002","C2-002","The small shaft installed into the gearbox housing hole cannot be fixed securely.","1","1.10%","Failed dimension #25 (Spec: 4.95–5.00 mm, Actual: 5.030 mm).","644428001-02","SHUDA MOLD VN","2026-04-05 032935.jpg","SQE requires the supplier to implement the improvement actions. ","4/4/2026","Closed","SQE","Material issue","Metal","Tran Minh Kha (VN.RYOBI-PIE)"
"4/4/2026","Night shift","High Mix","011274007","C2-054","The small end of the gearbox cannot be assembled into the connector end","3","1.60%","Dimension #4 is out of specification (Spec: 18.855–18.900 mm, Actual: 18.929 mm)","318790001-02","Shenzhen Yuehuarui Har dware Products Co ., Ltd","2026-04-05 041118.jpg","SQE requires the supplier to implement the improvement actions. ","4/4/2026","Closed","SQE","Material issue","Metal","Tran Quoc Kiet (VN.RYOBI-PIE)"
"4/4/2026","Night shift","High Mix","0109229007","C2-001","The plastic housing cracked during screw fastening","7","1.40%","The screw hole has burrs, affecting the screw installation","541531001-01 . 541530001-01","MING SHING INDUSTRIAL LIMITED (9329)","2026-04-05 044256.jpg","SQE requires the supplier to implement the improvement actions. ","4/4/2026","Closed","SQE","Material issue","Plastic","Tran Minh Kha (VN.RYOBI-PIE)"
"4/4/2026","Night shift","High Mix","030227005","C2-013","At EOL, the product was found to be non-functional.","1","0.20%","The PCBA wire was not properly arranged and secured in place, causing it to be pinched and broken after housing assembly.","N/A","N/A","Screenshot 2026-04-05 071118.png","Report to the leader to instruct the operator to follow WI step C15.3 correctly to prevent defects.","4/4/2026","Closed","Prod","Man issue","N/A","Ha Thanh Dien (VN.RYOBI-PIE)"
"4/4/2026","Day shift","High Mix","011230008","C2-002","Tool cannot pass function machine","5","100.00%","LED sensor of function machine not work","N/A","N/A","2026-04-04 1.jpg","PM technician replace new sensor of function machine","4/4/2026","Closed","PM","Machine issue","N/A","Hoang Dinh Trung (VN.RYOBI-PIE)"
"4/4/2026","Day shift","High Mix","011274007","C2-054","Knob wwas stuck, can not rotare by hand","5","5.00%","Material 615536001 fail dim #15, spec: 15.05 - 15.10, act: 14.9645","615536001","Weida","2026-04-04 3.jpg","Feedback SQE sorting material to keep line run smoothly, SQE will working with suppiler to improve","4/4/2026","Closed","SQE","Material issue","Metal","Le Song Toan (VN.RYOBI-PIE)"
"4/4/2026","Day shift","High Mix","010686059","C2-008","T-Shaft dont hold the plunger","4","0.80%","Material 671562068 fail dim #12, spec: 3.95 - 4.11, act: 3.1516","671562068","CHUNG TA C.T. INDUSTRIAL CO.,LTD","2026-04-04 2.jpg","Feedback SQE working with supplier to improvement","4/4/2026","Closed","SQE","Material issue","Metal","Le Song Toan (VN.RYOBI-PIE)"
"4/3/2026","Day shift","High Volume","096899002","C1-34","Inserting the battery into the device can damage the battery.","7","0.20%","The wiring is not properly aligned with the grooves on the housing","NA","NA","126.png","Tranning operation follow wi","4/4/2026","Closed","Prod","Man issue","N/A","Le Hong Phong (VN.RYOBI-PIE)"
"4/3/2026","Day shift","High Mix","011231011","C2-002","Tool can not run","2","0.03%","Solder connection from the motor pin to the motor housing","N/A","N/A","Screenshot 2026-04-03 112132.png","Retrain the operator to follow WI, and check again the product after soldering","4/3/2026","Closed","Prod","Man issue","N/A","Luu Hoang Nhan (VN.RYOBI-PIE)"
"4/3/2026","Day shift","High Mix","000996127","C2-048A","The winding wire is tangled","10kg","0.60%","The material NG dim#2 spec 1.50~1.85mm,act :1.32mm","539894001","Speed north america","Screenshot 2026-04-03 114035.png","The supplier has sorted the materials and they are OK for the production line. Improvement will be made in the next lot","4/3/2026","Closed","SQE","Material issue","Plastic","Le Song Toan (VN.RYOBI-PIE)"
"4/3/2026","Day shift","EEC","130597185","C2-124","Weak welding","5","0.30%","The Welding machine work unstable  -> cannot press dimple to the cell surface","N/A","N/A","Screenshot 2026-04-03 123744.png","Call PM come to fix machine immediately","4/3/2026","Closed","PM","Machine issue","N/A","Nguyen Si Phu (VN.RYOBI-PIE)"
"4/3/2026","Day shift","EEC","130597284","C2-081","Fail in semi FGs testing process - Failure mode #8 Sleep VSTB Voltage test","1","0.10%","Material issue: The coating is outside the specified area then created solder ball  at the machine soldering process =>leading to shorted 18V with GND, damged PCBA.","280109691","LONGOOD INTELLIGENT ELECTRIC VIETNAM","Screenshot 2026-04-03 155833.png","single case, inform SQE and continue follow up the line","4/3/2026","Closed","SQE","Material issue","PCBA","Nguyen Si Phu (VN.RYOBI-PIE)"
"4/3/2026","Day shift","High Mix","030333011","C2-013","At stage C47 during the trial run, it was discovered that the machine produced sparks and emitted smoke, causing it to stop operating.","2","0.30%","Stage C16: Stator wiring was misrouted, rubbed against the rotor, causing burning and wire breakage, resulting in machine failure.","N/A","N/A","Screenshot 2026-04-03 163527.jpg","Reinstruct the operator to follow the entire procedure accurately according to the Work Instruction (WI) and ensure a thorough check of all steps before proceeding with assembly.","4/3/2026","Closed","Prod","Man issue","N/A","Dong Dinh Chanh (VN.RYOBI-PIE)"
"4/3/2026","Day shift","High Volume","096560102","C1-17","Tool can not run","1","1.00%","Firmware missed during operation","N/A","N/A","Image (17)1.jpg","Retrain the operator to follow the WI","4/3/2026","Closed","Prod","Man issue","N/A","Nguyen Phu Quoc (VN.RYOBI-PIE)"
"4/3/2026","Day shift","High Volume","096203102DG9","C1-05","The brake lever is engaged, but the chainsaw continues to operate.","1","0.20%","The signal wire connecting the brake and the PCBA is broken internally.","292747001","HAIXING","Image - 2026-04-03T180247.677.jpg","Feedback to SQE and supplier for improvement","4/4/2026","Closed","SQE","Material issue","Switch","Le Hong Phong (VN.RYOBI-PIE)"
"4/3/2026","Day shift","High Mix","030430001","C2-051","At station C24, the cylinder spacer could not be installed into the cylinder assembly.","1","0.20%","The cylinder spacer is out of specification for dimension #3.SPEC:34.1-0.05 mm .Actual: 33.92mm.","686855001-01","Jia xing","Screenshot 2026-04-03 181210.png","Separate the defective materials, then replace them with good materials. SQE to provide feedback for improvement","4/3/2026","Closed","SQE","Material issue","Metal","Dong Dinh Chanh (VN.RYOBI-PIE)"
"4/3/2026","Night shift","EEC","130597396","c2-083","Fail in Function  FGs testing process, Failure mode #5, OCP(70A).","2","1.60%","Machine issue: The test probe at the Function Testing station is unable to make contact, resulting in test failure.","N/A","N/A","2026-04-04_00h47_05.png","Contact to PM fix and follow machine","4/3/2026","Closed","PM","Machine issue","N/A","Nguyen Ngoc Dinh (VN.RYOBI-PIE)"
"4/3/2026","Night shift","High Mix","030227005","C2-013","After assembling the bottom housing to the dust cap and tightening the screws, the fan shaft is stuck and cannot rotate.","10","2.40%","The operator did not use the fixture to press the bearing before tightening the screws.","N/A","N/A","Screenshot 2026-04-04 025433.png","Report to the leader to train the operator to follow WI step G01.2 correctly to prevent defects.","4/3/2026","Closed","Prod","Man issue","N/A","Ha Thanh Dien (VN.RYOBI-PIE)"
"4/3/2026","Night shift","EEC","130597396","C2-085","PCBA circuit burn-out from CF1 to R40.","1","0.80%","Machine issue: Solder jam caused solder accumulation, resulting in solder shorting to components and causing circuit burn-out.","N/A","N/A","2026-04-04_03h21_40.png","Contact PM fix machine immediately.","4/3/2026","Closed","PM","Machine issue","PCBA","Nguyen Ngoc Dinh (VN.RYOBI-PIE)"
"4/3/2026","Night shift","High Volume","096320001DG9","C1-07","The tool no function after 2 seconds running","2","0.50%","The PCBA wire is wrong the order","281330050-03","Goodwin","truong104.jpg","Feedback to SQE team for improving","4/4/2026","Closed","SQE","Material issue","PCBA","Kien Minh Truong (VN.RYOBI-PIE)"
"4/3/2026","Night shift","High Mix","011238019","C2-054","The tool cannot operate.","1","0.20%","The operator did not route the motor wire into the groove, causing a short to ground.","N/A","N/A","2026-04-04 055544.jpg","Retrain the operator to follow the WI and check the product again after soldering","4/3/2026","Closed","Prod","Man issue","N/A","Tran Quoc Kiet (VN.RYOBI-PIE)"
"4/3/2026","Night shift","High Mix","011231011","C2-038","The gearbox cannot be assembled.","12","1.50%","The supplier pressed the bushing 613467004 in the wrong direction compared to the drawing.","317776003","REDSUN INDUSTRIAL CO., LIMITED","2026-04-04 061556.jpg","The supplier has sorted the materials and they are OK for the production line. Improvement will be made in the next lot","4/3/2026","Closed","SQE","Material issue","Plastic","Tran Minh Kha (VN.RYOBI-PIE)"
"4/3/2026","Night shift","High Mix","010894012","C2-027","Cannot assembly","3","1.00%","Material 622347001 bigger than spec","622347001 ","MMS","2026-04-03 2.jpg","Feed back SQE to work with supplier for improvement","4/3/2026","Closed","SQE","Material issue","Metal","Mai Chieu Linh (VN.RYOBI-PIE)"
"4/3/2026","Night shift","High Mix","011374020","C2-034","Tool no run","2","0.40%","Motor fail resistor","742339011","RTVN","2026-04-03 3.jpg","Feedback SQE working with supplier for improvement","4/3/2026","Closed","SQE","Material issue","Motor","Tran Quoc Kiet (VN.RYOBI-PIE)"
"4/3/2026","Day shift","High Mix","010686059","C2-008","Bearing fall out after pressing","2","0.40%","Cam shaft 671488075 fail dimension #8, spec 12 - 12.01, act: 11.90","671488075 ","Yuhuan","2026-04-03 1.jpg","Feedback SQE working with supplier to improve","4/3/2026","Closed","SQE","Material issue","Metal","Leon Phan Thanh Phong (VN.RYOBI-PIE)"
"4/2/2026","Day shift","High Mix","095364312","C2-021","The equipment is operating below the required speed","3","1.00%","The worker welded the equipment with reversed cable polarity.","N/A","N/A","Screenshot 2026-04-02 083046.jpg","Re-training operator follow WI when solder.","4/2/2026","Closed","Prod","Man issue","N/A","Nguyen Minh Hieu (VN.RYOBI-PIE)"
"4/2/2026","Day shift","High Mix","030402002","C2-051","At process C33, during the air leak test, leakage was detected at Group 1","9","1.40%","At process A07, improper assembly using a fingernail to fit the rubber ring into the groove caused tearing and air leakage.","N/A","N/A","Screenshot 2026-04-02 091102.jpg","Reinstruct the operator to perform the procedure according to the WI and check before assembly.","4/2/2026","Closed","Prod","Man issue","N/A","Dong Dinh Chanh (VN.RYOBI-PIE)"
"4/2/2026","Day shift","High Mix","011245002","C2-001","The output shaft is loose with the ball bearing.","2","1.00%","The output shaft failed dim#2, spec: 15.005-15.02mm, actual: 14.949mm","622007001-03","BACH TUNG TRAVEL CONSTRUCTION MECHANICAL COMPANY LIMITED","2026-04-02 1.jpg","SQE requires the supplier to implement the improvement actions. ","4/2/2026","Closed","SQE","Material issue","Metal","Nguyen Trong Nhan (VN.RYOBI-PIE)"
"4/2/2026","Day shift","High Mix","011220034","C2-003","Visual NG (diecasting broken)","2","0.03%","The punch/die pin height is insufficient.","N/A","N/A","Screenshot 2026-04-02 135115.png","Maintenance needs to fix the stamping die","4/2/2026","Closed","PM","Machine issue","N/A","Luu Hoang Nhan (VN.RYOBI-PIE)"
"4/2/2026","Day shift","High Mix","011231011","C2-002","Tool can not run","2","0.05%","The PCBA connector came loose from the pin","N/A","N/A","Screenshot 2026-04-02 141755.png","Retrain the operator to follow the WI","4/2/2026","Closed","Prod","Man issue","N/A","Nguyen Minh Hieu (VN.RYOBI-PIE)"
"4/2/2026","Day shift","High Mix","000996126","C2-047A","Unable to wind the wire","56kg","2.10%","The material Ng Dim#2 spec(1.85~2.15mm), act 2.53mm","534340001","Speed north america","Screenshot 2026-04-02 143436.png","Supplier sorted materials – OK for line. Improvement in next lot","4/2/2026","Closed","SQE","Material issue","Plastic","Le Song Toan (VN.RYOBI-PIE)"
"4/2/2026","Day shift","High Volume","011410008","C1-52","No funtion","1","0.10%","PCBA NG- Incorrect power supply connection","282239002-01","Genbyte","124.png","Feedback to SQE and supplier for improvement","4/3/2026","Closed","SQE","Material issue","PCBA","Le Hong Phong (VN.RYOBI-PIE)"
"4/2/2026","Night shift","High Mix","011374020","C2-029","The tool is not operating and the indicator light flashes 9 times.","2","0.50%","The operator at the welding station caused a short circuit on component RT1.","N/A","N/A","2026-04-02 374A.jpg","Retrain the operator at the welding station according to the WI.","4/2/2026","Closed","Prod","Man issue","N/A","Tran Minh Kha (VN.RYOBI-PIE)"
"4/2/2026","Night shift","High Mix","011374020","C2-029","The tool operates with high current.","3","1.00%","The operator at the motor assembly station dropped a washer inside.","N/A","N/A","2026-04-02 374.jpg","Instruct the operator at the station to visually check whether there is a washer inside the motor before assembly.","4/2/2026","Closed","Prod","Man issue","N/A","Tran Quoc Kiet (VN.RYOBI-PIE)"
"4/2/2026","Night shift","High Mix","011374020","C2-029","The tool operates intermittently.","2","0.50%","The operator at the station assembling the PCBA into the motor damaged a component on the PCBA.","N/A","N/A","2026-04-02 374B.jpg","Train the operator to work in compliance with the WI.","4/2/2026","Closed","Prod","Man issue","N/A","Mai Chieu Linh (VN.RYOBI-PIE)"
"4/2/2026","Night shift","High Mix","095628003","C2-043","The tool is not working.","5","2.00%","The operator pinched the wires, causing a short circuit between the motor wire and the PCBA negative wire.","N/A","N/A","2026-04-02 628.jpg","Request IE update WI to clear instruction for this point as it was not mension how to assembly this wire.Retrain the operator at the wiring station to prevent wire pinching.","4/2/2026","Closed","IE","Method issue","N/A","Tran Minh Kha (VN.RYOBI-PIE)"
"4/2/2026","Day shift","High Volume","011386013","C1-45","The EOL test failed.","3","0.20%","The EOL sensor on the device is not detecting the LED light.","NA","NA","125.png","Contact to PM fix sensor ","4/3/2026","Closed","PM","Machine issue","N/A","Le Hong Phong (VN.RYOBI-PIE)"
"4/2/2026","Day shift","High Volume","011252022","C1-57","Risk of magnet breakage","1","0.40%","Part ''DRIVE CYLINDER ASS'Y'' fail dim 4, spec:0.6-0.85mm, Actual: 1.16mm","315928004-01","Huarui","127.png"," Feedback to SQE and supplier for improvement","4/2/2026","Closed","SQE","Material issue","Metal","Le Hong Phong (VN.RYOBI-PIE)"
"4/2/2026","Day shift","High Mix","011249010","C2-011","The air tank is leaking","1","0.20%","The operator installed the rubber gasket misaligned.","N/A","N/A","misaligned the rubber gasket .jpeg","Retrain the operators to adhere to the WI ","4/2/2026","Closed","Prod","Man issue","N/A","Nguyen Trong Nhan (VN.RYOBI-PIE)"
"4/2/2026","Day shift","High Mix","011249010","C2-011","The air tank is leaking.","1","0.20%","The operator did not tighten the bottom screw fully.","N/A","N/A","did not tighten the screw fully.jpeg","Retrain the operators to adhere to the WI ","4/2/2026","Closed","Prod","Man issue","N/A","Nguyen Trong Nhan (VN.RYOBI-PIE)"
"4/2/2026","Day shift","High Mix","011249010","C2-011","The air tank is leaking","1","0.20%","The operator missed installing the hair clip part.","N/A","N/A","metal.jpg","Retrain the operators to adhere to the WI ","4/2/2026","Closed","Prod","Man issue","N/A","Nguyen Trong Nhan (VN.RYOBI-PIE)"
"4/1/2026","Day shift","High Mix","030333011","C2-013","At process C19.3, it is unable to attach/connect the stator wire to the switch.","30","5.00%","The white stator wire end is deformed and out of specification (NG). Spec: max 2.1 mm; actual: 2.49 mm","291209006-01","ROTONG","Screenshot 2026-04-01 131956.png","Separate the defective materials, then replace them with good materials. SQE to provide feedback for improvement","4/1/2026","Closed","SQE","Material issue","Motor","Dong Dinh Chanh (VN.RYOBI-PIE)"
"4/1/2026","Day shift","High Volume","095653008","C1-11","assembly not possible","5","10.00%","The guard part failed dimensional requirements(fail dim #6)","542243001-01","Ming Shing ","Image (16)1.jpg","Supplier sorting and improment","4/1/2026","Closed","SQE","Material issue","Plastic","Nguyen Phu Quoc (VN.RYOBI-PIE)"
"4/1/2026","Day shift","High Volume","011252022","C1-57","No Funtion","1","0.10%","Open circuit starter switch","282160207-01","GENBYTE","Image - 2026-04-01T181838.511.jpg"," Feedback to SQE and supplier for improvement","4/2/2026","Closed","SQE","Material issue","PCBA","Le Hong Phong (VN.RYOBI-PIE)"
"4/1/2026","Night shift","High Mix","030402002","C2-051","At EOL, the product failed in Group 1.","1","0.20%","The operator missed installing rubber ring.","N/A","N/A","Screenshot 2026-04-02 043424.png","Report to the leader to retrain the operator to ensure all parts are installed according to WI step F01.1.","4/1/2026","Closed","Prod","Man issue","N/A","Ha Thanh Dien (VN.RYOBI-PIE)"
"4/1/2026","Night shift","EEC","130597250","c2-090","Fail in semi FGs testing process - Failure mode #8 Sleep VSTB Voltage test.","1","1.00%","Machine issue: The test probe at positions TP2 and TP3 in the semi-FGs testing process is unable to make contact, causing the test to fail.","N/A","N/A","2026-04-02_04h43_05.png","Contact to PM fix and follow machine","4/1/2026","Closed","PM","Machine issue","N/A","Nguyen Ngoc Dinh (VN.RYOBI-PIE)"
"4/1/2026","Night shift","High Volume","096917001","C1-33","The housings is exposed after screw shooting","5","15.00%","The screw boss is extruded plastic","544185002-01 544186002-01","Minh Viet","truong103.jpg","Feedback to SQE team to improve","4/2/2026","Closed","SQE","Material issue","Plastic","Kien Minh Truong (VN.RYOBI-PIE)"
"3/31/2026","Day shift","High Mix","030384006","C2-051","At station C45, the unit failed the air leak test at Group 1","2","0.30%","The operator assembly rubber gasket of the switch valve cover is torn, causing the switch to leak air.","N/A","N/A","Screenshot 2026-03-31 094255.png","Reinstruct the operator to perform the procedure according to the WI and check before assembly.","3/31/2026","Closed","Prod","Man issue","N/A","Dong Dinh Chanh (VN.RYOBI-PIE)"
"3/31/2026","Day shift","EEC","130690040","C2-096","The PCBA has burnt","1","0.10%","Workmanship issue: : Operator remove cover paper PCBA at station 8.1, leading to point power and MCU touch together, created short circuit from 3.3V to output pin of MCU that burnt MCU component, PCBA damaged","N/A","N/A","Screenshot 2026-03-31 110401.png","contact to line leader retrain the operator at this station","3/31/2026","Closed","Prod","Man issue","N/A","Nguyen Si Phu (VN.RYOBI-PIE)"
"3/31/2026","Day shift","High Volume","096899301","C1-34","The motor is not running","1","0.50%","Assembly handling error caused the wire to break","N/A","N/A","Phương tiện truyền thông15.jpg","The leader provided retraining to the workers","3/31/2026","Closed","Prod","Man issue","N/A","Nguyen Phu Quoc (VN.RYOBI-PIE)"
"3/31/2026","Night shift","High Volume","096899301","C1-34","The tool run out the travel distance ","1","0.20%","Man issue: The wire is broken when the operator wiring","N/A","N/A","truong102.jpg","Feedback to Product team to improve this case","4/1/2026","Closed","Prod","Man issue","PCBA","Kien Minh Truong (VN.RYOBI-PIE)"
"3/31/2026","Night shift","EEC","130597396","C2-116","Housing Gap After Screw Fastening","1","1.20%","Machine issue: The screwdriver operates in an incorrect position and cannot properly tighten the screw near the machine housing.","N/A","N/A","2026-04-01_04h15_35.png","Contact PM fix machine immediately","3/31/2026","Closed","PM","Machine issue","N/A","Nguyen Ngoc Dinh (VN.RYOBI-PIE)"
"3/31/2026","Night shift","High Mix","011229004","C2-055","The operator at the station cannot install the motor drive shaft into the housing.","5","2.00%","The operator at the bearing pressing station pressed the bearing twice.","N/A","N/A","2026-04-31 229.jpg","Retrain the operator at the station on applying 5S to clearly separate semi-finished products from raw materials to avoid double pressing.","3/31/2026","Closed","Prod","Man issue","N/A","Tran Minh Kha (VN.RYOBI-PIE)"
"3/31/2026","Night shift","High Mix","095789401","C2-025","The operator on the line detected a surface scratch.","106","22.40%","Incoming raw material NG, P/N 685540001, was scratched inside the original carton from the supplier.","685540001","SHIJIN INTELLIGENT VIETNAM LIMITED COMPANY","2026-04-31 789.jpg","Feed back to SQE team to work with supplier to improve this issue","4/11/2026","Open","SQE","Material issue","Metal","Tran Minh Kha (VN.RYOBI-PIE)"
"3/31/2026","Night shift","High Mix","030247012","C2-032","High current was detected at level 6 during EOL testing.","1","0.20%","The bearing was pressed in the wrong orientation.","N/A","N/A","Screenshot 2026-04-01 061937.png","Report to the leader to retrain the operator to press correctly according to WI step MI04.","3/31/2026","Closed","Prod","Man issue","N/A","Ha Thanh Dien (VN.RYOBI-PIE)"
"3/30/2026","Day shift","High Mix","095877301","C2-043","The tool experienced an electrical wire break.","83","2.10%","The material NG dim #5, #6 (spec :110~130mm) act 108,22mm","292522003","Haixing technology","Screenshot 2026-03-30 105725.png","Supplier sorted the materials; acceptable for production line use. Corrective actions will be implemented for the next lot","3/30/2026","Closed","SQE","Material issue","N/A","Le Song Toan (VN.RYOBI-PIE)"
"3/30/2026","Day shift","High Mix","030384006","C2-051","At station C44, during the nail firing test, an air leak was detected at the top cap.","3","0.50%","At station C25, the oil seal was assembled in the wrong position, causing it to tear and deform, which led to air leakage.","N/A","N/A","Screenshot 2026-03-30 125205.jpg","Reinstruct the operator to perform the procedure according to the WI and check before assembly.","3/30/2026","Closed","Prod","Man issue","N/A","Dong Dinh Chanh (VN.RYOBI-PIE)"
"3/30/2026","Day shift","EEC","130597370","C2-119","The battery pack has NG appearance","2","0.10%","The right side panel missing mold","316707030","GOODMARK INDUSTRIAL VIETNAM","Screenshot 2026-03-30 145018.png","Scrap, record and continue follow up","3/30/2026","Closed","SQE","Material issue","Plastic","Nguyen Si Phu (VN.RYOBI-PIE)"
"3/30/2026","Day shift","EEC","130597049","C2-118","The battery pack fail test EOL, fail in test semi FGs mode #8","3","0.20%","The soldering machine got trouble, created solder ball => short circuit on the capacitor from +18V with GND,  damaged PCBA","N/A","N/A","Screenshot 2026-03-30 145128.png","contact to PM fix and follow machine","3/30/2026","Closed","PM","Machine issue","N/A","Nguyen Si Phu (VN.RYOBI-PIE)"
"3/30/2026","Day shift","High Mix","096752301","C2-021","Tool can not run","1","0.18%","PCBA damaged the components","N/A","N/A","Screenshot 2026-03-30 145902.png","Retrain the operator to follow the WI","3/30/2026","Closed","Prod","Man issue","N/A","Luu Hoang Nhan (VN.RYOBI-PIE)"
"3/30/2026","Day shift","High Mix","030409002","C2-053","At station C39, during the air leak test, an air leakage issue was detected","1","0.20%","A chipped area was found inside the tool body unit","318928001-02","JingJang shunda","Screenshot 2026-03-30 160218.png","Separate the defective materials, then replace them with good materials. SQE to provide feedback for improvement","3/30/2026","Closed","SQE","Material issue","Metal","Dong Dinh Chanh (VN.RYOBI-PIE)"
"3/30/2026","Day shift","High Volume","011232008","C1-51","After the screws were driven in, the trigger pin became deformed.","25","4.00%","fixture worn out","NA","NA","122.png","Maintenance department changes to new fixture","3/31/2026","Closed","PM","Machine issue","N/A","Le Hong Phong (VN.RYOBI-PIE)"
"3/30/2026","Day shift","High Mix","011163008","C2-034","Visual NG","1","0.02%","Two-gear stamping motor","N/A","N/A","Screenshot 2026-03-30 162022.png","Retrain the operator to follow the WI","3/30/2026","Closed","Prod","Man issue","N/A","Nguyen Minh Hieu (VN.RYOBI-PIE)"
"3/30/2026","Day shift","High Mix","011249026","C2-033","The air tank is leaking","3","1.50%","The operators assembled the bottom tank without a seal.","N/A","N/A","missing seal .jpeg","Retrain the operators to adhere to the WI ","3/30/2026","Closed","Prod","Man issue","N/A","Nguyen Trong Nhan (VN.RYOBI-PIE)"
"3/30/2026","Day shift","High Mix","319124001","C2-031","The ball is jammed and the knob cannot rotate","2","1.00%","The nose contact failed dim#2,spec: 2.55-2.65mm, actual: 2.82mm","643365001-02","WEIDA ","fail dim 2.jpeg","SQE requires the supplier to implement the improvement actions. ","3/30/2026","Closed","SQE","Material issue","Metal","Nguyen Trong Nhan (VN.RYOBI-PIE)"
"3/30/2026","Day shift","High Volume","095251137","C1-15","The sticker peeled off and doesn’t stick","10","10.00%","The issue is caused by deformation of the housing surface","532103001-04","Mingsing","Image (15)1.jpg","Supplier sorting and improment","3/30/2026","Closed","SQE","Material issue","Plastic","Nguyen Phu Quoc (VN.RYOBI-PIE)"
"3/30/2026","Night shift","High Mix","030333011","C2-013","Operator found the gear box abnormal during assembly","1","0.20%","The gear was missing machining step","613084002","HUNAN JINCHENG TRADE","Screenshot 2026-03-31 055722.png","Single case, MRCE and continue follow up the production line","3/30/2026","Closed","SQE","Material issue","Metal","Ha Thanh Dien (VN.RYOBI-PIE)"
"3/30/2026","Night shift","High Volume","011232018","C1-051","REPEAT ISSUES: The main trigger is release slowly ","30","21.00%","The main trigger of B2 tooling is failed #DIM2 and #DIM10, The dimension is biggest impacting","543413001-03","Ming Shing","truong101.jpg","Feed back to SQE team to work with supplier to improve this issue","3/31/2026","Open","SQE","Material issue","Plastic","Kien Minh Truong (VN.RYOBI-PIE)"
"3/30/2026","Night shift","High Mix","011153015","C2-056","The operator at the assembly station observed an NG appearance.","32","6.40%","Incoming raw materials NG (P/N 316648005 / 370282003) are NG; the actual specifications do not match the model’s design drawings.","316648005 / 370282003","HK DESHENG INT'L LIMITED","2026-03-30 153.jpg"," Feedback to SQE and supplier for improvement","3/30/2026","Closed","SQE","Material issue","Plastic","Tran Minh Kha (VN.RYOBI-PIE)"
"3/30/2026","Day shift","High Volume","096899301","C1-34","It is not possible to attach the gear to the shaft.","4","0.20%","Part ''output shaft'' fail dim 3: spec 0-0.05, Actual: 0.159mm","620793002-01","Minh Thu","123.png","Supplier sorting and improment.","3/31/2026","Closed","SQE","Material issue","Metal","Le Hong Phong (VN.RYOBI-PIE)"
"3/28/2026","Day shift","EEC","130597370","C2-118","Strap burnt after welding process","1","1.00%","Contamination found on the fixture of the heat pressing machine","N/A","N/A","2026-03-28_11h35_46.png","Clean the Heat-pressing fixture (previous station) to avoid contamination stick on the surface of cell before welding ","3/28/2026","Closed","Prod/PM","Machine issue","N/A","Nguyen Ngoc Dinh (VN.RYOBI-PIE)"
"3/28/2026","Day shift","High Volume","095606204","C1-01","Jammed safety lever","4","5.00%","Burr found on the trigger bar","525492001`-04","Hong Nhat","Image (14)1.jpg","Supplier sorting and improment ","3/28/2026","Closed","SQE","Material issue","Plastic","Nguyen Phu Quoc (VN.RYOBI-PIE)"
"3/28/2026","Night shift","High Mix","030227005","C2-032","At Station 15 during functional testing, found the product cannot work","3","5.00%","The Operator assemble stator's terminal with carbon brush incompletely -> the circuit opened","N/A","N/A","Screenshot 2026-03-29 030344.jpg","Reinstruct the operator to perform the procedure according to the WI and check before assembly.","3/28/2026","Closed","Prod","Man issue","N/A","Dong Dinh Chanh (VN.RYOBI-PIE)"
"3/28/2026","Night shift","High Mix","011385001","C2-031","The tool is not working.","2","0.50%","The operator at the pin leg assembly station assembled the part in the incorrect position.","N/A","N/A","2026-03-28 385.jpg","Retrain the operator at the station to install in the correct position according to the WI.","3/28/2026","Closed","Prod","Man issue","N/A","Tran Minh Kha (VN.RYOBI-PIE)"
"3/27/2026","Night shift","High Mix","011249026","C2-033","The air tank is leaking","1","0.30%","The operator pinched the gasket during assembly.","N/A","N/A","KIET .jpeg","Retrain the operators to adhere to the WI ","3/28/2026","Closed","Prod","Man issue","N/A","Tran Quoc Kiet (VN.RYOBI-PIE)"
"3/27/2026","Night shift","High Mix","011449002","C2-030","Blinking but not working","2","0.40%","The operator installed the magnetic sensor in the wrong direction.","N/A","N/A","ok3.jpg","Retrain the operators to adhere to the WI ","3/28/2026","Closed","Prod","Man issue","N/A","Tran Quoc Kiet (VN.RYOBI-PIE)"
"3/27/2026","Day shift","High Mix","011153015","C2-057","The tool feature failed","1","0.02%","The PCBA is installed backwards compared to the stator","N/A","N/A","Screenshot 2026-03-27 162205.png","Retrain the operator to follow the WI","3/27/2026","Closed","Prod","Man issue","N/A","Le Song Toan (VN.RYOBI-PIE)"
"3/27/2026","Day shift","High Mix","011249011","C2-011","Tool can not run","1","0.03%","A screw fell into the air chamber, causing the reed valve to jam","N/A","N/A","Screenshot 2026-03-27 164143.png","Retrain the operator to follow the WI","3/27/2026","Closed","Prod","Man issue","N/A","Luu Hoang Nhan (VN.RYOBI-PIE)"
"3/27/2026","Day shift","High Mix","001406006","C2-035","The product cannot be scanned.","6","0.60%","The charger has no supplier data recorded in the system.","140406001","CLICK TECHNOLOGY VIET NAM","Screenshot 2026-03-27 164500.png","Request SQE to improve supplier quality and arrange stock sorting to ensure better lot quality.","3/27/2026","Closed","SQE","Material issue","Packing","Ha Thanh Dien (VN.RYOBI-PIE)"
"3/27/2026","Day shift","High Mix","096725302","C2-050","The tool is operating intermittently.","1","0.02%","The tool is pinching the PCBA wire","N/A","N/A","Screenshot 2026-03-27 165346.png","Retrain the operator to follow the Wi","3/27/2026","Closed","Prod","Man issue","N/A","Nguyen Minh Hieu (VN.RYOBI-PIE)"
"3/27/2026","Day shift","High Mix","159404003","C2 - 009","The die-cast part cannot be assembled. ","6","10.00%","The die-cast failed dim#22 Spec: 7.94-7.965mm Actual: 8.043mm","647144001-01","TIAN YAO VIET NAM HARDWARE INDUSTRIAL CO., LTD","8.043.jpeg","SQE requires the supplier to implement for the improvement actions. ","3/27/2026","Closed","SQE","Material issue","Metal","Nguyen Trong Nhan (VN.RYOBI-PIE)"
"3/27/2026","Night shift","High Volume","096899301","C1-34","This tool is unstable.","3","0.20%","Solder the short-circuited power supply pins to the motor housing.","NA","NA","119.png","Retrain the operator to follow the WI","3/28/2026","Closed","Prod","Man issue","N/A","Le Hong Phong (VN.RYOBI-PIE)"
"3/27/2026","Night shift","High Volume","096893006DG9","c1-07","Rigid rotary gearbox assembly","15","3.00%","Part '' DIE CASTING '' Fail dim 35: spec: 18.48-18.56mm, Actual: 18.423mm","643676002-01","Donggguan","120.png","Feedback to SQE and  supplier for improvement","3/28/2026","Closed","SQE","Material issue","Metal","Le Hong Phong (VN.RYOBI-PIE)"
"3/27/2026","Night shift","High Mix","011390003","C2-009","Operator at the knob and shaft assembly station with tight fit","21","4.20%","Incoming raw material NG (P/N: 623444001) due to burrs caused by supplier machining process."," 623444001","YONG FENG HARDWARE (VIETNAM) COMPANY LIMITED","2026-03-26 390.jpg","SQE requires the supplier to implement for the improvement actions.","3/27/2026","Closed","SQE","Material issue","Metal","Tran Minh Kha (VN.RYOBI-PIE)"
"3/27/2026","Night shift","High Mix","011163028","C2-034","The die-cast front housing cannot be assembled into the product due to dimensional issues","1","0.30%","The die-cast front housing failed Dim #15. The thread specification TR34.3×8 (P4)-7e does not align with the mark on the gauge.","644274003","JIANGXI ADVICE METAL TECHNOLOGY CO., LTD","2026-03-28 064538.jpg","SQE requires the supplier to implement for the improvement actions. ","3/27/2026","Closed","SQE","Material issue","Metal","Tran Quoc Kiet (VN.RYOBI-PIE)"
"3/27/2026","Night shift","EEC","130597185","C2-124","EOL found the battery pack has NG appearance ","1","0.10%","The bottom housing has flash ","541327001","CÔNG TY TNhh QUỐC TẾ ĐẠI HÙNG ","6213195726322339456_120.jpg","single case, record and keep follow issue.","3/27/2026","Closed","SQE","Material issue","Plastic","Nguyen Si Phu (VN.RYOBI-PIE)"
"3/27/2026","Night shift","High Volume","096915003DG9 -- TRIMER","C1-22","The motor shaft connector stamping into the gear box is failed specification in WI","18 ","70.00%","The motor shaft connector is failed at major #DIM 2","620983002-02","Powder Metall","truong99.jpg","Feedback to SQE team to improving ","3/28/2026","Open","SQE","Material issue","Metal","Kien Minh Truong (VN.RYOBI-PIE)"
"3/27/2026","Day shift","High Volume","011383017","C1-47","noise issue","4","2.00%","gear tooth is chipped","615993002-01","Wieda","Image (13)1.jpg","Supplier sorting and improment","3/27/2026","Closed","SQE","Material issue","Metal","Nguyen Phu Quoc (VN.RYOBI-PIE)"
"3/27/2026","Night shift","High Volume","096007303","C1-05","Tool that operate with strong vibrations","2","0.10%","The motor shaft was deformed after stamping.","NA","NA","121.png","Retrain the operator to follow the WI","3/28/2026","Closed","Prod","Man issue","N/A","Le Hong Phong (VN.RYOBI-PIE)"
"3/27/2026","Night shift","High Volume","011416002"," C1-053","The dust adaptor assembly into the motor cover is difficult","15","3.00%","The motor cover has burrs","647478001-01","Dongguan","truong100.jpg","Feedback to SQE team to improve","3/30/2026","Closed","SQE","Material issue","Metal","Kien Minh Truong (VN.RYOBI-PIE)"
"3/26/2026","Night shift","High Mix","011443002","C2-033","The LED blinks but does not run.","1","0.20%","The signal wire is broken ","N/A","N/A","kiet .jpg","Retrain the operators to adhere to the WI ","3/26/2026","Closed","Prod","Man issue","N/A","Tran Quoc Kiet (VN.RYOBI-PIE)"
"3/26/2026","Day shift","High Mix","096752302","C2-025","Visual NG","3","0.04%","Housing parts are in shortage.","544417001/544418001","Ming Shing","Screenshot 2026-03-26 114152.png","The supplier sorts the materials, supplies only good parts, and implements improvements in subsequent lots","3/26/2026","Closed","SQE","Material issue","Plastic","Le Song Toan (VN.RYOBI-PIE)"
"3/26/2026","Day shift","High Mix","030383007","C2-051","At the EOL station, the product cannot do shooting in 1T mode.","15","18.70%","Workpiece Contact failed at Dim#20; spec: 7.4 mm ± 0.15.","637456001","SUN LUEN (H.K.)","Screenshot 2026-03-26 114339.png","SQE arrange sorting material to maintain production line and work with Supplier for the improvement","4/2/2026","Open","SQE","Material issue","Metal","Ha Thanh Dien (VN.RYOBI-PIE)"
"3/26/2026","Day shift","EEC","130597382","C2-092","The Operator found there's solder ball on PCBA, before input to the soldering process","1","0.80%","Incoming material issue","280109656","LONGOOD INTELLIGENT ELECTRIC (Vietnam) CO., LIMITED","2026-03-26_15h26_57.png","Single case, inform SQE and continue follow up production","3/26/2026","Closed","SQE","Material issue","PCBA","Nguyen Ngoc Dinh (VN.RYOBI-PIE)"
"3/26/2026","Day shift","High Volume","011159011","C1-57","Blink Led 6 time, no function, no operation","1","0.16%","Damaged FET","282160112","Long Good","Issue PCBA line 57.png","Retraining operator, carefully assembly ","3/26/2026","Closed","Prod","Man issue","PCBA","Nguyen Phu Quoc (VN.RYOBI-PIE)"
"3/26/2026","Day shift","High Volume","011159011","C1-57","Issue Damaged Variable Resistor because solder exceed ","1","0.16%","Material from supplier touchup solder","282160112","Long Good","Issue PCBA variable line 57.png","Highlight SQE to control solder from supplier","3/26/2026","Closed","SQE","Material issue","PCBA","Nguyen Phu Quoc (VN.RYOBI-PIE)"
"3/26/2026","Day shift","High Volume","011159011","C1-57","Led no light but unit still work","1","0.16%","Assembly Led to housing and make skew","282160112","Long Good","Issue PCBA Led damaged line 57.png","Highlight Leader to remind operator carefully assembly ","3/26/2026","Closed","Prod","Man issue","PCBA","Nguyen Phu Quoc (VN.RYOBI-PIE)"
"3/26/2026","Day shift","High Mix","011249026","C2-033","The air tank is leaking.","8","4.00%","The operator missed installing the bottom gasket.","N/A","N/A","x262.jpg","Retrain the operators to adhere to the WI ","3/26/2026","Closed","Prod","Man issue","N/A","Nguyen Trong Nhan (VN.RYOBI-PIE)"
"3/26/2026","Day shift","High Mix","011249026","C2-033","The air tank is leaking.","1","0.20%","The operator installed the bottom gasket incorrectly (misaligned).","N/A","N/A","misaligned.jpeg","Retrain the operators to adhere to the WI","3/26/2026","Closed","Prod","Man issue","N/A","Nguyen Trong Nhan (VN.RYOBI-PIE)"
"3/26/2026","Day shift","High Mix","011249026","C2-033","The screw connecting the die casting and cylinder is loose.","3","1.00%","The operator did not apply red glue when tightening the screw.","N/A","N/A","screw not tighten.jpeg","Retrain the operators to adhere to the WI","3/26/2026","Closed","Prod","Man issue","N/A","Nguyen Trong Nhan (VN.RYOBI-PIE)"
"3/26/2026","Day shift","High Mix","011249026","C2-033","The tool cannot operate.","7","3.00%","The operator installed the magnet with reversed polarity.","N/A","N/A","x263.jpg","Retrain the operators to adhere to the WI ","3/26/2026","Closed","Prod","Man issue","N/A","Nguyen Trong Nhan (VN.RYOBI-PIE)"
"3/26/2026","Day shift","High Mix","011249026","C2-033","Air cannot be pumped in.","6","2.00%","The operator installed the cam misaligned","N/A","N/A","LECH CAM .jpeg","Retrain the operators to adhere to the WI ","3/26/2026","Closed","Prod","Man issue","N/A","Nguyen Trong Nhan (VN.RYOBI-PIE)"
"3/26/2026","Night shift","High Mix","095297205DG9","C2-041","Tool with one operating mode","3","1.00%","Assembly station operator for the reverse direction changeover switch","N/A","N/A","2026-03-26 297.jpg","Instruct the operator to reassemble correctly in accordance with the WI.","3/26/2026","Closed","Prod","Man issue","N/A","Tran Minh Kha (VN.RYOBI-PIE)"
"3/26/2026","Night shift","High Mix","030409002","C2-053","At station C17, the screw cannot be driven down","1","0.20%","The screw hole on the aluminum housing has not been tapped","318928001-02","Jing Jang shunda","Screenshot 2026-03-27 042320.png","Separate the non-conforming products and use the conforming products. SQE will report for improvement","3/26/2026","Closed","SQE","Material issue","Metal","Dong Dinh Chanh (VN.RYOBI-PIE)"
"3/26/2026","Night shift","High Mix","030402002","C2-055","The tool leakaged air 120psi at the EOL test station","4","0.50%","The rubber ring has broken during assembly","N/A","N/A","Screenshot 2026-03-27 055615.png","Call Line leader come to train Operator again","3/26/2026","Closed","Prod","Man issue","N/A","Nguyen Si Phu (VN.RYOBI-PIE)"
"3/26/2026","Night shift","High Mix","011230028","C2-002","The spindle cannot be installed into the fixture.","1","0.19%","The spindle was out of spec dimension 6 (Spec: 0 - 0.25mm; Actual: 0.39mm).","622869003","FUJI SEIKO VIETNAM CO., LTD.","2026-03-26 11.jpg","The SQE required corrective actions from supplier to improve future lots.","3/26/2026","Closed","SQE","Material issue","Metal","Mai Chieu Linh (VN.RYOBI-PIE)"
"3/26/2026","Night shift","High Mix","316292006","C2-018","There is air leakage during the air‑pumping process.","1","0.10%","The die-casting was out of spec dimension Q5 (Spec: 11.28 - 11.72mm; Actual: 9.81mm).","643355004","SHUNDA MOLD (VIETNAM) COMPANY LIMITED","2026-03-25 2.jpg","The SQE required corrective actions from supplier to improve future lots.","3/26/2026","Closed","SQE","Material issue","Metal","Mai Chieu Linh (VN.RYOBI-PIE)"
"3/26/2026","Night shift","High Mix","0114443002","C2-011","The bearing slips out after being pressed into the plastic housing","8","2.70%","The plastic gear case failed dimension #27. The No-Go gauge can be inserted with a force of 0.5 kg","547506001","CHAOJUN PRECISION VIETNAM COMPANY LIMITED","2026-03-27 232614.jpg","SQE requires the supplier to implement for the improvement actions. ","3/26/2026","Closed","SQE","Material issue","Plastic","Tran Quoc Kiet (VN.RYOBI-PIE)"
"3/25/2026","Day shift","High Volume","010945024","C1-046","The nails are not flush.","1","1.00%","The metal part is incorrect according to the design","635642002","JOY PROSPER","945_46_2.jpg","Feedback to SQE for improvement","3/25/2026","Closed","SQE","Material issue","Metal","Tran Duy Quat (VN.RYOBI-PIE)"
"3/25/2026","Day shift","High Mix","030424002","C2-053","Cannot be fastened into the screw hole.","2","0.40%","Top cap defect the hole has not been tapped no thread.","644566001","Jing Jiang shunda","Screenshot 2026-03-25 120017.png","Request SQE to ask the supplier to improve and perform sorting to support line operation.","3/25/2026","Closed","SQE","Material issue","Metal","Ha Thanh Dien (VN.RYOBI-PIE)"
"3/25/2026","Day shift","EEC","130690054","c2-096","Failed  EOL testing process( LED test)","1","0.30%","The fuse component was found to be damaged","280079037-04","TOP-TEK TECHNOLOGY (VIETNAM) COMPANY LIMITED","2026-03-25_13h58_43.png","Feedback to SQE for the improvement","3/25/2026","Closed","SQE","Material issue","PCBA","Nguyen Ngoc Dinh (VN.RYOBI-PIE)"
"3/25/2026","Day shift","EEC","130690054","C2-096","Failed EOL testing process(LED test)","1","0.30%","The PCBA is missing solder on the NTC Pin and NTC open circuit","280079037-04","TOP-TEK TECHNOLOGY (VIETNAM) COMPANY LIMITED","2026-03-25_14h14_36.png","Feed back to SQE for the improvement","3/25/2026","Closed","SQE","Material issue","PCBA","Nguyen Ngoc Dinh (VN.RYOBI-PIE)"
"3/25/2026","Day shift","High Mix","011264019","C2-002","Tool cannot run","1","0.03%","The motor-to-PCBA wiring is incorrect","N/A","N/A","Screenshot 2026-03-25 155437.png","Retrain the operator to follow the WI","3/25/2026","Closed","Prod","Man issue","N/A","Le Song Toan (VN.RYOBI-PIE)"
"3/25/2026","Day shift","High Mix","011230030","C2-028","The tool is stuck","1","0.02%","The gearbox assembly is missing the bushing","N/A","N/A","Screenshot 2026-03-25 160539.png","Retrain the operator to follow the WI","3/25/2026","Closed","Prod","Man issue","N/A","Luu Hoang Nhan (VN.RYOBI-PIE)"
"3/25/2026","Day shift","High Volume","010945024","C1-46","The nail magazine has double‑fed nails and is jammed.","20","10.00%","The magazine (part number 315926003) is out of the 21 mm dimension specification.","315926003 313786003","SYF","945_46_3.jpg","Feedback to SQE for improvement","3/25/2026","Closed","SQE","Material issue","Metal","Tran Duy Quat (VN.RYOBI-PIE)"
"3/25/2026","Day shift","High Mix","011230030","C2-028","Tool can not run","1","0.02%","Over-tightened screws on the gearbox assembly.","N/A","N/A","Screenshot 2026-03-25 161433.png","Retrain the operator to follow the WI","3/25/2026","Closed","Prod","Man issue","N/A","Nguyen Minh Hieu (VN.RYOBI-PIE)"
"3/25/2026","Day shift","High Mix","062034002","C2-006","Tool can not light","1","0.04%","The light jack on the tool is disconnected","N/A","N/A","Screenshot 2026-03-25 162618.png","Retrain the operator to follow the WI ","3/25/2026","Closed","Prod","Man issue","N/A","Nguyen Minh Hieu (VN.RYOBI-PIE)"
"3/25/2026","Day shift","High Mix","062034002","C2-006","Tool can not light","2","0.09%","Solder dropped onto the PCBA.","N/A","N/A","Screenshot 2026-03-25 163551.png","Retrain the operator to follow the WI, and double check after soldering","3/25/2026","Closed","Prod","Man issue","N/A","Luu Hoang Nhan (VN.RYOBI-PIE)"
"3/25/2026","Day shift","High Mix","096752302","C2-050","Insufficient retention of the switch after staking","152","34.30%","The part number 544419001 NG dim#2,  Spec :2.50~2.70mm, act 3.55mm","5444199001","Ming Shing","Screenshot 2026-03-25 164708.png","The supplier sorts the materials, supplies only good parts, and implements improvements in subsequent lots","3/25/2026","Open","SQE","Material issue","Plastic","Le Song Toan (VN.RYOBI-PIE)"
"3/25/2026","Day shift","High Mix","305454009","C2-018","Visual NG","65","5.00%","The part number NG dimension 15.48mm","316677002","N/A","Screenshot 2026-03-25 182155.png","The supplier sorts the materials, supplies only good parts, and implements improvements in subsequent lots","3/25/2026","Closed","SQE","Material issue","Metal","Le Song Toan (VN.RYOBI-PIE)"
"3/25/2026","Night shift","High Volume","011159011","C1-057","The tool blink the light but do not run","1","0.15%","The operator drop the e-ring into the space between the rotor and the stator","N/A","N/A","truong98.jpg","Feedback to group and line leader for improving","3/26/2026","Closed","Prod","Man issue","Metal","Kien Minh Truong (VN.RYOBI-PIE)"
"3/25/2026","Night shift","EEC","130690054","C2-096","Fail in FGs testing led process","2","0.10%","The push button has high contact resistance when pressed => the button does not work on the PCBA => LED off","280079037","TOPTEK","Screenshot 2026-03-26 063023.png","Inform to SQE team to work with supplier to prevent this issue","3/25/2026","Closed","SQE","Material issue","PCBA","Nguyen Si Phu (VN.RYOBI-PIE)"
"3/25/2026","Night shift","High Mix","096863002","C2-045","The wheel assembly cannot be assembled","26","5.20%","The outer label is correct, but the materials inside are incorrect.","316712004","KIM DIEP MTV PRODUCTION TRADE PLASTICS COMPANY LIMITED","2026-03-26 1.jpg","The SQE arranged for the supplier to sort the good material to resume production line and required corrective action from supplier to improve future lots","3/25/2026","Closed","SQE","Material issue","Plastic","Mai Chieu Linh (VN.RYOBI-PIE)"
"3/24/2026","Day shift","High Mix","095248012","C2-045","Tool can not run","1","0.03%","cold solder joints on a PCBA","N/A","N/A","Screenshot 2026-03-24 124931.png","Retrain the operator to follow the WI","3/24/2026","Closed","Prod","Man issue","N/A","Le Song Toan (VN.RYOBI-PIE)"
"3/24/2026","Day shift","High Mix","010831004","C2-001","functional test failure","3","0.23%","PCBA switch assembled upside down (rib side down)","N/A","N/A","Screenshot 2026-03-24 130325.png","Retrain the operator to follow the WI","3/24/2026","Closed","Prod","Man issue","N/A","Luu Hoang Nhan (VN.RYOBI-PIE)"
"3/24/2026","Day shift","High Mix","096812001","C2-045","Tool can not run","2","0.04%","Operator crimped terminal causing wire break","N/A","N/A","Screenshot 2026-03-24 145255.png","Retrain the operator to follow the WI","3/24/2026","Closed","Prod","Man issue","N/A","Nguyen Minh Hieu (VN.RYOBI-PIE)"
"3/24/2026","Day shift","High Mix","030424002","C2-053","Air leakage defect (Group 1) was detected at EOL.","3","0.80%","A surface crack defect was found on the wall of the top cap.","644566001","Jingjiang shunda","Screenshot 2026-03-24 154544.png","SQE arrange sorting material and feedback supplier for the improvement","3/24/2026","Closed","SQE","Material issue","Metal","Ha Thanh Dien (VN.RYOBI-PIE)"
"3/24/2026","Day shift","High Mix","030424002","C2-053","An air leakage defect (Group 1) was identified at the EOL process.","1","0.20%","Die casting defect The part has a through-hole penetrating into the internal area.","318929001","JingJiang shunda","Screenshot 2026-03-24 160623.png","Request SQE to improve with the supplier.","3/24/2026","Closed","SQE","Material issue","Metal","Ha Thanh Dien (VN.RYOBI-PIE)"
"3/24/2026","Day shift","High Mix","317279001","C2-018","Visual NG","3","0.02%","The material NG dimension 21.7mm","698936001","SuZhou ChangZhi Precision","Screenshot 2026-03-24 180632.png","The supplier sorts and provides good parts to the production line and improves in the next lot","3/24/2026","Closed","SQE","Material issue","Metal","Nguyen Minh Hieu (VN.RYOBI-PIE)"
"3/24/2026","Day shift","High Mix","011399002","C2-031","Visual NG","116","23.20%","Insufficient housing material.","549117001/549118001","Ming Shing","Screenshot 2026-03-24 182712.png","The supplier sorts and provides good parts to the production line and improves in the next lot.","3/24/2026","Keep monitoring","SQE","Material issue","Plastic","Le Song Toan (VN.RYOBI-PIE)"
"3/24/2026","Day shift","High Mix","000996656","C2-049","Visual NG","7","0.23%","The saw blade is scratched.","656213001","Su Zhou Shi Zhen Yu Tool","Screenshot 2026-03-24 183659.png","The supplier sorts and provides good parts to the production line and improves in the next lot.","3/24/2026","Closed","SQE","Material issue","Metal","Luu Hoang Nhan (VN.RYOBI-PIE)"
"3/24/2026","Day shift","High Volume","010945024","C1-46","The staple gun magazine is jammed and cannot fire all the nails.","10","3.00%","The magazine is jammed due to a burr.","315926003 313786003","SYF Viet Nam","945_46_01.jpg","Feedback to SQE for improvement","3/24/2026","Closed","SQE","Material issue","Metal","Tran Duy Quat (VN.RYOBI-PIE)"
"3/24/2026","Day shift","High Volume","095632301","C1-33","The product has a high current issue.","200","10.00%","Part metal out of dimension 15.","614282002","YANGZHOU JUNENG METAL PRODUCTS TECHNOLOGY CO.,LTD","632_33_01.jpg","Feedback to SQE for improvement","3/24/2026","Closed","SQE","Material issue","Metal","Tran Duy Quat (VN.RYOBI-PIE)"
"3/24/2026","Day shift","High Volume","096561102","C1-14","The product cannot upload the firmware.","10","3.00%","The T2 signal pin on the PCBA is not good.","282200005","DS","651_12_01.jpg","Feedback to SQE for improvement","3/24/2026","Closed","SQE","Material issue","PCBA","Tran Duy Quat (VN.RYOBI-PIE)"
"3/24/2026","Night shift","High Volume","053915007","C1-57","The LED light is not turning on.","1","0.10%","Improper wiring installation into the housing caused the LED light switch to come loose.","NA","NA","118.png","Retrain the operator to follow the WI","3/25/2026","Closed","Prod","Man issue","N/A","Le Hong Phong (VN.RYOBI-PIE)"
"3/24/2026","Night shift","High Volume","096893006DG9","Line C1-07","The battery foot pin is loose when assembly into the housings","1","0.15%","Man issue: The operator wiring the electronic wire on the screw boss so the housings is exposed when shooting the screw","N/A","N/A","truong95.jpg","Feedback to group and line leader to know this issue and improve this case","3/25/2026","Closed","Prod","Man issue","Plastic","Kien Minh Truong (VN.RYOBI-PIE)"
"3/24/2026","Night shift","High Volume","095898301","C1-17","The motor rotate is stiff","1","0.15%","The plastic in motor is swelling","742082007-01","LS","truong96.jpg","Feedback to SQE team for improving","3/25/2026","Closed","SQE","Material issue","Motor","Kien Minh Truong (VN.RYOBI-PIE)"
"3/24/2026","Night shift","High Volume","095581101","C1-15","The tool run with abnormal sound","1","0.15%","The gear is defect machining","614673001-01","Hunan","truong97.jpg","Feedback to SQE team for improving","3/25/2026","Closed","SQE","Material issue","Metal","Kien Minh Truong (VN.RYOBI-PIE)"
"3/24/2026","Night shift","High Mix","011203004","C2-056","The operator is unable to assemble the washer onto the gear‑head.","3","0.50%","The incoming material for P/N 644456001 was out of specification at dimension 10 (spec 27.6–27.7, actual 28.3), resulting in NG parts being delivered to production.","644456001 ","WEIDA (VIETNAM) MANUFACTURING CO.,LTD","2026-03-24 203.jpg","Feedback to SQE for improvement","3/24/2026","Closed","SQE","Material issue","Metal","Mai Chieu Linh (VN.RYOBI-PIE)"
"3/24/2026","Night shift","High Mix","011325004","C2-002","The tool powers on but is not functioning.","1","0.20%","The door bar was installed in the wrong position by the operator, causing the gearbox to jam.","N/A","N/A","2026-03-25 065749.jpg","Retrain the operator to follow the WI and recheck before assembly.","3/24/2026","Closed","Prod","Man issue","N/A","Tran Quoc Kiet (VN.RYOBI-PIE)"
"3/24/2026","Night shift","High Mix","095443001","C2-045","The operator is not able to install the battery terminal into the designated slot.","384","76.60%","Incoming material is NG. P/N 522908002 has burrs on dimension 2, causing the hole to be blocked.","522908002","MING SHING (HONG KONG) COMPANY LIMITED","2026-03-24 443.jpg","The SQE team has directly engaged with the supplier to resolve this issue and requested corrective actions, including product quality improvement and submission of an 8D report.","4/4/2026","Open","SQE","Material issue","Plastic","Tran Minh Kha (VN.RYOBI-PIE)"
"3/24/2026","Night shift","High Mix","011278011","C2-052","The operator at the station is unable to insert the guide rod through the multi‑branch support frame.","235","47.00%","Incoming material is NG. P/N 536131001 – dimension #11 out of specification: spec 5.1–5.2, actual pin gauge 4.91 does not pass.","536131001","MING SHING (HONG KONG) COMPANY LIMITED","2026-03-24 278.jpg"," The SQE team has directly engaged with the supplier to resolve this issue and requested corrective actions, including product quality improvement and submission of an 8D report.","4/4/2026","Open","SQE","Material issue","Plastic","Tran Quoc Kiet (VN.RYOBI-PIE)"
"3/24/2026","Night shift","High Mix","011325004","C2-007","The flash‑tester device is not functioning.","2","1.00%","The operator at the PCBA screw‑fastening station damaged and severed the wire during the process of securing the PCBA to the motor.","N/A","N/A","2026-03-24 325.jpg","Retrain the operator at the station to perform the task in accordance with the WI.","3/24/2026","Closed","Prod","Man issue","N/A","Tran Minh Kha (VN.RYOBI-PIE)"
"3/24/2026","Day shift","High Mix","011249026","C2-011","Tool no run","3","0.50%","Operator assembly magnet in reverse way -> PCBA can not get right signal -> Tool no run","N/A","N/A","2026-03-24 11.jpg","Feedback line leader re-training operator.","3/24/2026","Closed","Prod","Man issue","N/A","Luu Hoang Nhan (VN.RYOBI-PIE)"
"3/23/2026","Day shift","High Mix","030289005","C2-032","EOL detected that the LED does not light up.","1","0.20%","no output at diode D1.","281226002","Bestek","Screenshot 2026-03-23 120532.png","Single case, just inform SQE then continue follow production","3/23/2026","Closed","SQE","Material issue","PCBA","Ha Thanh Dien (VN.RYOBI-PIE)"
"3/23/2026","Day shift","High Mix","030289005","C2-032","EOL detected LED not lighting up issue.","1","0.20%","PCBA has a solder ball on diode C4, causing a short circuit and no output.","281226002","Bestek","Screenshot 2026-03-23 131206.png","Inform SQE for further improvement from supplier","3/23/2026","Closed","SQE","Material issue","PCBA","Ha Thanh Dien (VN.RYOBI-PIE)"
"3/23/2026","Day shift","High Mix","095835104","C2-045","The device is not working.","2","0.50%","The operator damaged a component on the circuit board.","N/A","N/A","Screenshot 2026-03-23 182147.jpg","Remind the operator to work more carefully.","3/23/2026","Closed","Prod","Man issue","N/A","Luu Hoang Nhan (VN.RYOBI-PIE)"
"3/23/2026","Day shift","High Mix","159107004","C2-055","The smoke removal tool is not working.","10","1.70%","The operator installed the diode in reverse","N/A","N/A","Screenshot 2026-03-23 117.jpg","Instruct the operator to perform the task correctly according to the work instruction.","3/23/2026","Closed","Prod","Man issue","N/A","Nguyen Minh Hieu (VN.RYOBI-PIE)"
"3/23/2026","Day shift","High Mix","096797001","C2-021","The device is not working","5","1.60%","The operator broke the wire while tightening the screw because the wiring process was not fully placed into the wire groove.","N/A","N/A","Screenshot 2026-03-23 797.jpg","The operator should work more carefully when proceeding to the next station.","3/23/2026","Closed","Prod","Man issue","N/A","Le Song Toan (VN.RYOBI-PIE)"
"3/23/2026","Night shift","EEC","130597247","C2-090","The strap cell has burnt at the spot welding machine","3","0.10%","Machine issue: The spot welding machine got trouble due to welding electrode position offset","N/A","N/A","Screenshot 2026-03-24 045149.png","Call PM come to fix machine immediately","3/23/2026","Closed","PM","Machine issue","N/A","Nguyen Si Phu (VN.RYOBI-PIE)"
"3/23/2026","Night shift","High Volume","095719306","C1-22","No funtion","1","0.10%","Connector motor and pcba open","NA","NA","117.png","Training assemblers to identify errors.","3/24/2026","Closed","Prod","Man issue","N/A","Le Hong Phong (VN.RYOBI-PIE)"
"3/23/2026","Night shift","High Mix","011308002","C2-008","The operator at the station is unable to perform the assembly operation.","19","3.00%","“Incoming material is NG. P/N 639394003 – dimension #7 out of specification: spec 60.70–60.90, actual 60.13.","639394003","JOY PROSPER ENTERPRISE COMPANY LIMITED","2026-03-23 308.jpg","Supplier sortting and improment","3/23/2026","Closed","SQE","Material issue","Metal","Tran Quoc Kiet (VN.RYOBI-PIE)"
"3/23/2026","Night shift","High Mix","011393003","C2-010","The operator at the station is unable to assemble the motor into the housing.","8","2.00%","The issue occurred because the station operator assembled the motor and motor cover in an incorrect orientation, not in compliance with the WI.","N/A","N/A","2026-03-23 393.jpg","Provide re‑instruction to the operator at the assembly station in accordance with the WI.","3/23/2026","Closed","Prod","Man issue","N/A","Tran Minh Kha (VN.RYOBI-PIE)"
"3/23/2026","Night shift","High Mix","011264019","C2-001","The tool powers on but is not functioning.","1","0.20%","The connection pin was bent during installation by the operator.","N/A","N/A","2026-03-24 054515.jpg","Retrain the operator to follow the WI and recheck before assembly.","3/23/2026","Closed","Prod","Man issue","N/A","Tran Quoc Kiet (VN.RYOBI-PIE)"
"3/23/2026","Night shift","High Mix","011249012","C2-011","The operator at the pressure‑testing station did not apply sufficient pressure to the storage chamber.","2","0.50%","The operator on the machining line assembled the gasket incorrectly, causing it to be pinched inside.","N/A","N/A","2026-03-23 249.jpg","Retrain the machining‑line operator to perform the assembly according to the WI.","3/23/2026","Closed","Prod","Man issue","N/A","Mai Chieu Linh (VN.RYOBI-PIE)"
"3/23/2026","Night shift","High Mix","011249012","C2-011","The operator at the pressure‑test station failed to achieve the required pressure level in the storage chamber.","2","0.50%","The operator on the machining line assembled the part with missing internal material.","N/A","N/A","2026-03-23 249A.jpg","Retrain the machining‑line operator to assemble all required materials in full accordance with the WI.","3/23/2026","Closed","Prod","Man issue","N/A","Tran Minh Kha (VN.RYOBI-PIE)"
"3/23/2026","Night shift","High Volume","010945024","C1-046","The tool shoot 2-3 staples in each shooting","1","0.15%","The MAGAZINE MOVABLE ASS'Y is failed at dimension 12","313786001-04","SUN LUEN","truong94.jpg","Feed back to SQE team to work with supplier to improve","3/24/2026","Closed","SQE","Material issue","Metal","Kien Minh Truong (VN.RYOBI-PIE)"
"3/23/2026","Day shift","High Volume","010945024","C1-046","Unit can not run","8","9.00%","CONTACT BLOCK failed dim 11","536131001","MING SHING INDUSTRIAL LIMITED","Dim11.jpg"," SQE arrange sorting to resume production line and continue follow up with supplier for SCAR","3/24/2026","Closed","SQE","Material issue","N/A","Tran Duy Quat (VN.RYOBI-PIE)"
"3/23/2026","Day shift","High Mix","095419301","C2-021","Big gap after assembly","2","0.20%","Wrong material which mix-up in original box (2 kinds of material in 1 box from supplier)","536670002/536683002","Redsun","2026-03-23 1.jpg","Feed back SQE work with supplier to sort raw material to keep line run and improve from supplier side","3/23/2026","Closed","SQE","Material issue","Plastic","Nguyen Minh Hieu (VN.RYOBI-PIE)"
"3/21/2026","Day shift","EEC","130540070","C2-093","Failed in Step 16 of the Work Instruction (the process of fixing the NTC wire into the battery pack slot)","12","10.00%","The NTC OUT wire dimension does not meet the specified requirement","280373284-01","CONG TY TNHH TIAN-POWER TECHNOLOGY (VIET NAM)","2026-03-21_14h48_12.png","SQE arrange sorting material to maintain production line and continue work with supplier for the improvement","3/25/2026","Closed","SQE","Material issue","PCBA","Nguyen Ngoc Dinh (VN.RYOBI-PIE)"
"3/21/2026","Day shift","High Volume","010915023","C1-57","The motor is not running","1","1.00%","The circuit is shorted at the battery pin",,"Longgood","Image (11).jpg","Supplier sortting and improment ","3/21/2026","Closed","SQE","Material issue","PCBA","Nguyen Phu Quoc (VN.RYOBI-PIE)"
"3/21/2026","Day shift","High Mix","011203004","C2-056","Visual NG","2","0.08%","The housing lacks plastic material.","548890001/548891001","Good view","Screenshot 2026-03-21 170524.png","The supplier has sorted the materials and they are OK for the production line; improvements will be made for the next material lot","3/21/2026","Closed","SQE","Material issue","Plastic","Luu Hoang Nhan (VN.RYOBI-PIE)"
"3/21/2026","Day shift","High Mix","011245002","C2-029","The shaft came loose after pressing","8","0.30%","Output shaft NG dim#1 (spec 4.97~4.985mm), act PG 5.0 Go","622007001","Bach Tung","Screenshot 2026-03-21 171715.png","Supplier sorted materials, OK for line use; improvement to be implemented for next lot.","3/21/2026","Closed","SQE","Material issue","Metal","Le Song Toan (VN.RYOBI-PIE)"
"3/21/2026","Day shift","High Mix","062113022","C2-172","Tool cannot run","5","2.00%","The operator welded the battery pins in the wrong position.","N/A","N/A","nguoc cuc chan pin.jpeg","Retrain the operators to adhere to the WI ","3/21/2026","Closed","Prod","Man issue","N/A","Nguyen Trong Nhan (VN.RYOBI-PIE)"
"3/21/2026","Day shift","High Mix","062113022","C2-172","Tool cannot run ","2","0.50%","The operator did not trim the excess, causing a short between the LED pin and the battery pin.","N/A","N/A","short chan.jpeg","Retrain the operators to adhere to the WI","3/21/2026","Closed","Prod","Man issue","N/A","Nguyen Trong Nhan (VN.RYOBI-PIE)"
"3/21/2026","Day shift","High Mix","062113022","C2-172","Tool failed functional test.","1","0.20%","The operator missed installing the metal connector for the battery pin.","N/A","N/A","thieu ket noi chan pin.jpeg","Retrain the operators to adhere to the WI","3/21/2026","Closed","Prod","Man issue","N/A","Nguyen Trong Nhan (VN.RYOBI-PIE)"
"3/21/2026","Day shift","High Mix","062113022","C2-172","Switch is stuck.","6","2.50%","Operator applied excess glue, causing overflow.","N/A","N/A","tran keo.jpeg","Retrain the operators to adhere to the WI","3/21/2026","Closed","Prod","Man issue","N/A","Nguyen Trong Nhan (VN.RYOBI-PIE)"
"3/21/2026","Day shift","High Mix","062113022","C2-172","Tool failed functional test ","16","7.00%","The PCBA switch is intermittent.","282113022","VIETNAM HONOR HIGH TECH COMPANY LIMITED","pcba .jpg","SQE requires the supplier to implement improvement actions.","3/21/2026","Closed","SQE","Material issue","PCBA","Nguyen Trong Nhan (VN.RYOBI-PIE)"
"3/21/2026","Night shift","High Volume","011210011","C1-55","The gear that is pressed onto the motor shaft is loose.","1","0.20%","Gear fail dim 8: spec 4.96-4.98mm, Actual: 5.0mm","615813001-02","JINDING","116.png","Supplier sortting and improment ","3/22/2026","Closed","SQE","Material issue","Metal","Le Hong Phong (VN.RYOBI-PIE)"
"3/21/2026","Night shift","High Volume","054197026","C1-064","The tool only run at speed level 1 but at speed level 2 it can not run","10","100.00%","Man issue: The operator put the speed change lever not into the groove of the ring gear","N/A","N/A","truong93.jpg","Feedback to group and line leader to fix immediately","3/23/2026","Closed","Prod","Man issue","Metal","Kien Minh Truong (VN.RYOBI-PIE)"
"3/21/2026","Night shift","High Mix","010831004","C2-001","the tool operates its cutting function improperly and not according to the switch control.","2","1.00%","The operator at the welding station welded the PCBA wire and the motor terminal incorrectly.","N/A","N/A","2026-03-21 871.jpg","Provide retraining to the operator at the welding station to ensure correct polarity connection in accordance with the Work Instruction (WI).","3/21/2026","Closed","Prod","Man issue","N/A","Tran Minh Kha (VN.RYOBI-PIE)"
"3/21/2026","Night shift","High Mix","095403306","C2-043","The tool does not operate.","1","0.20%","The safety switch was installed in a misaligned position by the operator.","N/A","N/A","2026-03-22 051332.jpg","Retrain the operator to follow the WI and recheck before assembly.","3/21/2026","Closed","Prod","Man issue","N/A","Tran Quoc Kiet (VN.RYOBI-PIE)"
"3/21/2026","Night shift","High Mix","011230030","C2-002","The tool powers on but is not functioning.","3","0.60%","The door bar was installed in the wrong position by the operator, causing the gearbox to jam.","N/A","N/A","Screenshot 2026-02-13 212424.png","Retrain the operator to follow the WI and recheck before assembly.","3/21/2026","Closed","Prod","Man issue","N/A","Tran Quoc Kiet (VN.RYOBI-PIE)"
"3/21/2026","Night shift","High Mix"," 095598303","C2-041","the tool rotates in the reverse direction.","2","1.00%","The operator at the battery terminal assembly station installed the battery terminals in the reverse orientation of the positive and negative wires.","N/A","N/A","2026-03-21 598.jpg","Instruct the operator to perform correctly according to the WI.","3/21/2026","Closed","Prod","Man issue","N/A","Tran Minh Kha (VN.RYOBI-PIE)"
"3/21/2026","Night shift","High Mix","011245002","C2-029","the output shaft slipped out after pressing in motor.","3","0.50%","Incoming material is NG. P/N 622007001. Dimension #1 spec: 4.97–4.985 mm. Actual: pin gauge 5 mm passes through.","622007001","BACH TUNG TRAVEL CONSTRUCTION MECHANICAL COMPANY LIMITED","2026-03-21 245.jpg","The SQE arranged for the supplier to sort the good material to resume production line and required corrective action from supplier to improve future lots","3/21/2026","Closed","SQE","Material issue","Metal","Mai Chieu Linh (VN.RYOBI-PIE)"
"3/21/2026","Day shift","High Mix","011308007","C2-014","Cannot fully tighten output shaft with crank arm","5","2.00%","Tow parts of the fixture not aligh -> Crank arm not balance -> Stuck while tighten -> Cannot fully tighten","N/A","N/A","2026-03-21 2.jpg","ME technician adjust fixture and keep line run","3/21/2026","Closed","PM","Machine issue","N/A","Hoang Dinh Trung (VN.RYOBI-PIE)"
"3/21/2026","Day shift","High Mix","010831004","C2-007","Screw nut scratched after tighten","10","3.00%","The screw nut not fully insert with screw tip","N/A","N/A","2026-03-21 1.jpg","ME exchange new screw tip to keep line run","3/21/2026","Closed","PM","Machine issue","N/A","Hoang Dinh Trung (VN.RYOBI-PIE)"
"3/20/2026","Day shift","High Volume","010915005","C1-57","The machine is not working properly","2","2.00%","The issue is due to incorrect magnet polarity installation","N/A","N/A","Image (7).jpg","The leader provided retraining to the operator","3/20/2026","Closed","Prod","Man issue","N/A","Nguyen Phu Quoc (VN.RYOBI-PIE)"
"3/20/2026","Day shift","High Volume","010915005","C1-57","The motor does not run","1","1.00%","The switch was installed backwards","N/A","N/A","Image (8).jpg","The leader provided retraining to the operator","3/20/2026","Closed","Prod","Man issue","N/A","Nguyen Phu Quoc (VN.RYOBI-PIE)"
"3/20/2026","Day shift","High Mix","010929001","C2-002","Tool can not run","1","0.16%","PCBA the broken the component","N/A","N/A","Screenshot 2026-03-20 150906.png","Retrain the operator to follow the WI","3/20/2026","Closed","Prod","Man issue","N/A","Le Song Toan (VN.RYOBI-PIE)"
"3/20/2026","Day shift","High Mix","095817301","C2-043","Tool can not run","1","0.26%","PCBA broken the ","N/A","N/A","Screenshot 2026-03-20 152359.png","Retrain the operator to follow the WI","3/20/2026","Closed","Prod","Man issue","N/A","Luu Hoang Nhan (VN.RYOBI-PIE)"
"3/20/2026","Day shift","High Mix","030191008","C2-032","The tool body cannot slide to adjust the cutting height","60","11.50%","Die-casting NG: Dimension #44 spec is 3.5 ± 0.2 mm, actual measurement is 3.15 mm.","641119003","VIET NAM HAI THAO ","Screenshot 2026-03-20 153457.png","SQE arrange sorting to resume production line and continue follow up with supplier for SCAR","3/27/2026","Open","SQE","Material issue","Metal","Ha Thanh Dien (VN.RYOBI-PIE)"
"3/20/2026","Day shift","High Mix","011393001","C2-010","Tool can not run","Connecting the power supply with reversed polarity will burn (damage) the diode","1.00%","0.04","N/A","N/A","Screenshot 2026-03-20 153730.png","Retrain the operator to follow the WI","3/20/2026","Closed","Prod","Man issue","N/A","Nguyen Minh Hieu (VN.RYOBI-PIE)"
"3/20/2026","Day shift","High Volume","010915023","C1-57","The machine can’t shoot","1","1.00%","The issue was caused by the operator installing the spring in a misaligned position","N/A","N/A","Image (9).jpg","The leader provided retraining to the operator","3/20/2026","Closed","Prod","Man issue","N/A","Nguyen Phu Quoc (VN.RYOBI-PIE)"
"3/20/2026","Night shift","High Volume","095653004","C1-11","The blower plastic tube is difficult to disassemble","72","15.00%","The OUTLET HOUSING is failed at dimension 21","542245001-01","Ming Shing","truong92.jpg","Feed back to SQE team for improving ","3/21/2026","Closed","SQE","Material issue","Plastic","Kien Minh Truong (VN.RYOBI-PIE)"
"3/20/2026","Night shift","High Mix","030191008","C2-032","The tool cannot work","1","0.10%","Workmanship issue: The wire power had connect with wrong terminal on the PCBA during assembly at the C11 station.","N/A","N/A","Screenshot 2026-03-20 235141.png","contact to line leader follow and remind operator at the C11 station, keep 5S and focus WI.","3/20/2026","Closed","Prod","Man issue","N/A","Nguyen Si Phu (VN.RYOBI-PIE)"
"3/19/2026","Day shift","High Mix","011093008","C2-004","Visual NG","1","0.05%","Cylinder missing air intake hole, NG dimension #18.","636064008","WONDERWARD TECHNOLOGY (HONG KONG)","Screenshot 2026-03-19 180519.png","Supplier sorts out OK products and will improve for the next lot.","3/19/2026","Closed","SQE","Material issue","Metal","Luu Hoang Nhan (VN.RYOBI-PIE)"
"3/19/2026","Day shift","High Mix","011093008","C2-004","Visual NG","2","0.09%","Material has insufficient plastic","316586006","Good Mark","Screenshot 2026-03-19 181146.png","Supplier sorts out OK products and will improve for the next lot","3/19/2026","Closed","SQE","Material issue","Plastic","Le Song Toan (VN.RYOBI-PIE)"
"3/19/2026","Day shift","High Mix","010928009","C2-030","The tool failed the functional test","1","0.16%","Motor soldered with incorrect wiring to the PCBA","N/A","N/A","Screenshot 2026-03-19 181929.png","Retrain the operator to follow the WI","3/19/2026","Closed","Prod","Man issue","N/A","Luu Hoang Nhan (VN.RYOBI-PIE)"
"3/19/2026","Day shift","High Mix","010928009","C2-030","Tool functional failure","2","0.30%","Motor NG dim#1 (spec :89.90~90.10mm, act 89,24mm)","742204017","Kangping","Screenshot 2026-03-19 183057.png","Supplier sorts out OK products and will improve for the next lot","3/26/2026","Closed","SQE","Material issue","Motor","Nguyen Minh Hieu (VN.RYOBI-PIE)"
"3/19/2026","Day shift","High Mix","011203004","C2-056","Visual NG","4","0.16%","Material has insufficient plastic","543890001/543891001","Good View","Screenshot 2026-03-19 184306.png","Supplier sorts out OK products and will improve for the next lot.","3/19/2026","Closed","SQE","Material issue","Plastic","Le Song Toan (VN.RYOBI-PIE)"
"3/19/2026","Night shift","High Volume","011386014","C1-045","The led of tool blinking but the tool can not run","1","0.20%","Man issue: The operator assembly the rotor and stator is misaligned","N/A","N/A","truong89.jpg","Feed back to group and line leader to know this issue and improve it","3/20/2026","Closed","Prod","Man issue","Motor","Kien Minh Truong (VN.RYOBI-PIE)"
"3/19/2026","Night shift","High Volume","096899301","C1-37","The tool can not function","1","0.02%","The operator assembly the PCBA into the housings, causing the IC be broken","N/A","N/A","truong90.jpg","Feed back to group and line leader to improve this case","3/20/2026","Closed","Prod","Man issue","PCBA","Kien Minh Truong (VN.RYOBI-PIE)"
"3/19/2026","Night shift","High Volume","011386014","C1-045","Can not test the tool at function EOL machine","10","16.67%","The stamping machine at station G07.2 have pokayoke light but it is useless so the lock shaft is misaligned with the groove of  gearbox => The magnet of tool is misalign with the magnet sensor => EOL machine can not detect the tool","N/A","N/A","truong91.jpg","Feed back to ME team to fix this issue","3/20/2026","Closed","PM","Machine issue","Metal","Kien Minh Truong (VN.RYOBI-PIE)"
"3/19/2026","Night shift","High Mix","062006010","C2-054","The device does not light up.","1","0.50%","The operator accidentally damaged R2 during the assembly process.","N/A","N/A","2026-03-19 006.jpg","Re-instruct the operator at the station to pay attention during the assembly process.","3/19/2026","Closed","Prod","Man issue","N/A","Tran Minh Kha (VN.RYOBI-PIE)"
"3/19/2026","Night shift","High Mix","011200001","C2-029","The operator cannot insert the pin through the hole.","1","0.50%","The incoming material is NG. P/N 644415001: dimension #21 spec 6.70–6.85, actual: not machined; dimension #24 spec 2.506–2.556, actual: not machined.","644415001","SHUN KING DIECAST MOULD MANUFACTURER","2026-03-19 200.jpg","The supplier sorts defective parts and carries out improvements","3/19/2026","Closed","SQE","Material issue","Metal","Tran Quoc Kiet (VN.RYOBI-PIE)"
"3/19/2026","Night shift","High Mix","316292006","C2-016","Unable to pump pressure into the tank.","10","25.00%","The incoming material P/N 643355004 is NG. Dimension Q8 (spec: 68.98–69.02) has an actual measurement of 68.965.","643355004","SHUNDA MOLD (VIETNAM) COMPANY LIMITED","2026-03-19 292.jpg","The supplier sorts defective parts and carries out improvements","3/31/2026","Open","SQE","Material issue","Metal","Mai Chieu Linh (VN.RYOBI-PIE)"
"3/19/2026","Night shift","High Mix","054479004","C2-027","The operator at the station is unable to assemble the motor into the gearbox.","2","1.00%","The operator at the press station pressed the motor and crushed two planetary gears.","N/A","N/A","2026-03-19 479.jpg","Provide guidance to the operator to ensure they follow the WI correctly.","3/19/2026","Closed","Prod","Man issue","N/A","Tran Minh Kha (VN.RYOBI-PIE)"
"3/19/2026","Day shift","High Volume","010915005","C1-57","The motor is not running","1","0.60%","The cause is foreign objects inside the air compression tank","N/A","N/A","Image (5).jpg","The leader reminds the operator to perform inspections during the assembly process","3/19/2026","Closed","Prod","Man issue","N/A","Nguyen Phu Quoc (VN.RYOBI-PIE)"
"3/19/2026","Day shift","High Volume","010915005","C1-57","The motor is not running","1","0.60%","The operator missed the step of applying grease to the cylinder","N/A","N/A","Image (6).jpg","The leader reminds the operator to perform inspections during the assembly process","3/19/2026","Closed","Prod","Man issue","N/A","Nguyen Phu Quoc (VN.RYOBI-PIE)"
"3/19/2026","Night shift","High Mix","030191008","c2-012","The product cannot work","7","10.00%","Workmanship issue:  Not follow WI in wiring process then make wire damaged ","N/A","N/A","Picture1.jpg","Remind operators to follow the WI and arrange the WIP neatly.","3/19/2026","Closed","Prod","Man issue","N/A","Dong Dinh Chanh (VN.RYOBI-PIE)"
"3/19/2026","Day shift","High Mix","062031001","C2-026","The part failed testing due to low magnetic force.","1","0.20%","Operator missed installing the gasket at the bottom position.","N/A","N/A","ok2.jpg","Retrain the operator to adhere to the WI ","3/19/2026","Closed","Prod","Man issue","N/A","Nguyen Trong Nhan (VN.RYOBI-PIE)"
"3/19/2026","Day shift","High Mix","011093008","C2-014","Can not assembly","2","0.20%","Cylinder 311513006 not process in supplier yet","311513006 ","WONDERWARD","2026-03-19 1.jpg","SQE feedback supplier to improve","3/19/2026","Closed","SQE","Material issue","Metal","Hoang Dinh Trung (VN.RYOBI-PIE)"
"3/19/2026","Day shift","High Mix","159304015","C2-028","Tool run abnormal","1","0.20%","Motor 742533018 was assembly wrong wire phase - Right: White - Red - Black, Wrong: White - Black - Red","742533018 ","VIETNAM ROTONG","2026-03-19 2.jpg","SQE feedback to supplier and improvement","3/19/2026","Closed","SQE","Material issue","Motor","Hoang Dinh Trung (VN.RYOBI-PIE)"
"3/18/2026","Day shift","High Mix","C2-021","010897002","Tool can not run","3","0.17%","During PCBA assembly, the operator caused the signal wire to be pinched","N/A","N/A","Screenshot 2026-03-18 112245.png","Retrain the operator to follow the WI","3/18/2026","Closed","Prod","Man issue","N/A","Le Song Toan (VN.RYOBI-PIE)"
"3/18/2026","Day shift","High Mix","010897002","C2-008","The tool is jammed and cannot operate.","1","0.30%","The motor stamping dimension is out of specification. Spec: 14.8–15 mm, actual: 14.02 mm.","N/A","N/A","1234.jpg","PM need to improve the machine ","3/18/2026","Closed","PM","Machine issue","N/A","Nguyen Trong Nhan (VN.RYOBI-PIE)"
"3/18/2026","Day shift","High Mix","011271002","C2-001","The weighing scale displays an error during the packaging process","15","6.00%","Dimension #10 NG — Weight spec: 950–1050 g, measured: 1103 g","318636001","HK YOUHUIYU INDUSTRY CO., LIMITED","OK .jpg","SQE requests the supplier to sort the parts to resume the line and implement improvement actions.","3/18/2026","Closed","SQE","Material issue","Plastic","Nguyen Trong Nhan (VN.RYOBI-PIE)"
"3/18/2026","Day shift","EEC","130597246","C2-092","Housing Gap After Screw Fastening","3","2.50%","Machine issue: The screwdriver work unstable then cannot tighten the screw close to housing","N/A","N/A","2026-03-18_14h28_17.png","Contact PM fix machine immediately","3/18/2026","Closed","PM","Machine issue","N/A","Nguyen Ngoc Dinh (VN.RYOBI-PIE)"
"3/18/2026","Day shift","High Mix","030218010","C2-013","Cannot be assembled.","32","10.00%","Die-cast part missing a machining step","641458005","JIANGXI ADVICE METAL TECHNOLOGY CO., LTD","Screenshot 2026-03-18 145825.png","Material issue: Request the SQE team to investigate and implement corrective actions with the supplier. Sorting is required to support production.","3/25/2026","Closed","SQE","Material issue","Metal","Ha Thanh Dien (VN.RYOBI-PIE)"
"3/18/2026","Day shift","High Mix","011271002","C2-001","Visual defect ","1","0.30%","Improper positioning during stamping caused chipping.","N/A","N/A","x.jpeg","Retrain the operators to adhere to the WI","3/18/2026","Closed","Prod","Man issue","N/A","Nguyen Trong Nhan (VN.RYOBI-PIE)"
"3/18/2026","Day shift","High Volume","096899301","C1-37","Cant'n assembly","4","6.00%","shaft dimension failure (dim #4)","620793002-01","Minh Thu","Image (4).jpg","The supplier sorts defective parts and carries out improvements","3/18/2026","Closed","SQE","Material issue","Metal","Nguyen Phu Quoc (VN.RYOBI-PIE)"
"3/18/2026","Day shift","High Volume","096899301","C1-37","The motor does not operate","2","3.00%","The root cause is improper wire soldering position","N/A","N/A","image4.png","The leader retrains the operator","3/18/2026","Closed","Prod","Man issue","N/A","Nguyen Phu Quoc (VN.RYOBI-PIE)"
"3/18/2026","Day shift","High Volume","011399015","C1-063","The product is not working","1","0.10%","The station for installing the stator into the PBCA is misaligned.","N/A","N/A","399_01.jpg","Feedback to production supervisors and leader for improvement.","3/18/2026","Closed","Prod","Man issue","N/A","Tran Duy Quat (VN.RYOBI-PIE)"
"3/18/2026","Day shift","High Volume","011092015","C1-044","The product is not working","2","0.10%","The components on the PCBA have come off.","281550007","Longood","092_43.jpg"," Feedback to SQE for improvement","3/18/2026","Closed","SQE","Material issue","PCBA","Tran Duy Quat (VN.RYOBI-PIE)"
"3/18/2026","Night shift","High Volume","011201005","C1-54","No funtion","1","0.10%","The components on the PCB were broken during assembly.","NA","NA","115.png","Assembly skills training for workers","3/19/2026","Closed","Prod","Man issue","N/A","Le Hong Phong (VN.RYOBI-PIE)"
"3/18/2026","Night shift","High Volume","743039004","C1-70","The motor's output shaft can put into the fixture","1","0.05%","The motor's output shaft is failed at dimension 11","623361006-01","Bach Tung","truong88.jpg","Feed back to SQE team for improving","3/19/2026","Closed","SQE","Material issue","Metal","Kien Minh Truong (VN.RYOBI-PIE)"
"3/18/2026","Night shift","EEC","130597291","C2-102","Fail in semi FGs testing process - Failure mode #8 Sleep VSTB Voltage test.","1","0.10%","The soldering machine got trouble then solder wire had misalignment at #PWR position, leading to solder wire and RL2 resistor touch together, created short circuit from #PWR (18v+) to output pin of MCU that burnt MCU component, damaged PCBA","N/A","N/A","6186232127796481370_121.jpg","Call PM come to fix machine and clean solder tip, continue follow up 10 more pcs then release to production","3/19/2026","Closed","PM","Machine issue","N/A","Nguyen Si Phu (VN.RYOBI-PIE)"
"3/18/2026","Night shift","High Mix","316292006","C2-018","The air tank cannot hold air, and the valve is not functioning.","3","0.60%","The operator failed to install the gasket.","N/A","N/A","2026-03-21 213739.jpg","Retrain the operator to follow the WI and recheck before assembly.","3/18/2026","Closed","Prod","Man issue","N/A","Tran Quoc Kiet (VN.RYOBI-PIE)"
"3/17/2026","Day shift","High Volume","096899301","C1-37","The low‑battery indicator light does not flash red.","10","3.00%","The connection jack for the signal LED is not making good contact. The operator routed the wiring loosely, which does not follow the work instruction","N/A","N/A","899_37_01.jpg","Feedback to production supervisors and leader for improvement.","3/17/2026","Closed","Prod","Man issue","N/A","Tran Duy Quat (VN.RYOBI-PIE)"
"3/17/2026","Day shift","EEC","130690039","c2-096","Fail in EOL Testing process","1","0.30%","Output USB Type‑C Port Deformed","280079037-04","TOP-TEK TECHNOLOGY (VIETNAM) COMPANY LIMITED","2026-03-17_16h45_10.png","Feedback to SQE and  supplier for improvement","3/17/2026","Closed","SQE","Material issue","PCBA","Nguyen Ngoc Dinh (VN.RYOBI-PIE)"
"3/17/2026","Day shift","High Mix","062031001","C2-172","feature failure","5","0.60%","The tool is missing a gasket","N/A","N/A","Screenshot 2026-03-17 173242.jpg","Retrain the operator to follow the WI","3/17/2026","Closed","Prod","Man issue","N/A","Le Song Toan (VN.RYOBI-PIE)"
"3/17/2026","Day shift","High Mix","095112109","C2-044","Diecasting cannot assembled","1","0.06%","NG dim#50 (spec :25.98-26.02mm, act: 25,27mm)","308532007","Thành Công","Screenshot 2026-03-17 174955.jpg","Inform the supplier to improve for the next lot","3/17/2026","Closed","SQE","Material issue","Metal","Nguyen Minh Hieu (VN.RYOBI-PIE)"
"3/17/2026","Day shift","High Mix","096727026","C2-045","Tool cannot run","1","0.25%","The wire of PCBA broken","N/A","N/A","Screenshot 2026-03-17 180050.png","Retrain the operater to follow the WI","3/17/2026","Closed","Prod","Man issue","N/A","Luu Hoang Nhan (VN.RYOBI-PIE)"
"3/17/2026","Day shift","High Mix","096727302","C2-045","The housing cannot assembled","20","5.00%","housing NG dim#50(spec :1,08-1.28, act PG 1.0 NOGO)","544421001/544422001","Ming Sing","Screenshot 2026-03-17 181323.png","Separate the good materials and notify the supplier to make improvements for the next batch","3/17/2026","Closed","SQE","Material issue","Plastic","Le Song Toan (VN.RYOBI-PIE)"
"3/17/2026","Night shift","High Volume","096560102","C1-25","The tool's operation was interrupted.","1","0.20%","PCBA NG -Short circuit to signal pins 8 and 9.","282200004","DS","Image - 2026-03-17T222801.110.jpg","Feedback to SQE and supplier for improvement","3/18/2026","Closed","SQE","Material issue","PCBA","Le Hong Phong (VN.RYOBI-PIE)"
"3/17/2026","Night shift","High Volume","159204027","C1-51","It's impossible to fit the steel ball into the gearbox.","12","1.00%","The shaft groove and gearbox groove are not aligned when fitted into the fixture.","NA","NA","114.png","Feedback to the ME for equipment improvement.","3/18/2026","Keep monitoring","PM","Machine issue","N/A","Le Hong Phong (VN.RYOBI-PIE)"
"3/17/2026","Night shift","High Mix","030409002","C2-051","Nail shooting cannot be tested at station C39","1","0.20%","Incoming material was missing exhaust gate","318928001-02","Shunda jingjiang","Screenshot 2026-03-18 044933.png","Separate the defective materials, then replace them with good materials. SQE to provide feedback for improvement","3/17/2026","Closed","SQE","Material issue","Metal","Dong Dinh Chanh (VN.RYOBI-PIE)"
"3/17/2026","Night shift","High Volume","096561101","C1-14","The pin of female connector after stamping into the metal tube can not pop out","15","20.00%","The metal is dented and failed at dimension 9","687307001-03","Zhongheng","truong85.jpg","Feed back to SQE team for improving","3/18/2026","Keep monitoring","SQE","Material issue","Metal","Kien Minh Truong (VN.RYOBI-PIE)"
"3/17/2026","Night shift","High Volume","096561101","C1-14","The metal tube has the hole facing in the wrong direction","4","0.76%","The metal tube is defect machining","687264001-03","Zhongheng","truong86.jpg","Feed back to SQE team to work with supplier for improving","3/18/2026","Closed","SQE","Material issue","Metal","Kien Minh Truong (VN.RYOBI-PIE)"
"3/17/2026","Night shift","High Volume","096899301","C1-37","The metal housings is broken after the tool run","2","0.36%","Man issue: The operator assembly the switch into the housings is wrong order","N/A","N/A","truong87.jpg","Feed back to group and line leader to improve this issue","3/18/2026","Closed","Prod","Man issue","PCBA","Kien Minh Truong (VN.RYOBI-PIE)"
"3/17/2026","Night shift","EEC","130690039","C2-096","Fail in performent testing process - Failure mode #2.1-2.2 Work USB Voltage test","2","0.10%","Machine issue: The soldering machine got trouble then solder tip had misalignment at #PWR position, leading to solder tip and USB touch together, created short circuit from #PWR (3.3V+) to GND of PCBA, damaged PCBA","N/A","N/A","Screenshot 2026-03-18 064920.png","call PM fix machine and follow","3/18/2026","Closed","PM","Machine issue","N/A","Nguyen Si Phu (VN.RYOBI-PIE)"
"3/17/2026","Night shift","High Mix","096727302","C2-045","The operator is unable to properly align and insert the pin through the designated hole.","90","20.00%","Incoming material is NG. P/N 544419001. NG at dimension 2 per specification: 2.5–2.7 mm. Actual pin gauge 2.4 mm cannot pass through the hole.","544419001","MING SHING (HONG KONG) COMPANY LIMITED","2026-03-17 727.jpg","The SQE team has directly engaged with the supplier to resolve this issue and requested corrective actions, including product quality improvement and submission of an 8D report. ","3/27/2026","Open","SQE","Material issue","Plastic","Tran Minh Kha (VN.RYOBI-PIE)"
"3/17/2026","Night shift","High Mix","010897002","C2-021","The tool is not functioning properly; the clamping jaws are unable to achieve a secure grip.","4","1.00%","The operator temporarily does not install the planetary gear into the gearbox.","N/A","N/A","2026-03-17 897.jpg","Instruct the operator to install all required gears according to the WI.","3/17/2026","Closed","Prod","Man issue","N/A","Tran Quoc Kiet (VN.RYOBI-PIE)"
"3/17/2026","Night shift","High Mix","011231011","C2-009","Cosmetic defect: scratched surface.","480","55.00%","Incoming material is NG. P/N 543947003 / 543948003 : scratch on the surface.","543947003 / 543948003","MING SHING (HONG KONG) COMPANY LIMITED","2026-03-17 231.jpg","The SQE team has directly engaged with the supplier to resolve this issue and requested corrective actions, including product quality improvement and submission of an 8D report.","3/29/2026","Closed","SQE","Material issue","Plastic","Tran Minh Kha (VN.RYOBI-PIE)"
"3/17/2026","Day shift","High Mix","030291002","C2-012","Abnormal noise was detected from the product during the EOL test.","10","15.00%","The operator did not follow the correct procedure at step C16, which requires the gearbox to be fully assembled into the unit before screw tightening, resulting in a bent rotor shaft and runout.","N/A","N/A","Screenshot 2026-03-18 082543.png","Retrain the operator to strictly follow the work instruction at step C16 and ensure the gearbox is fully assembled before tightening the screws.","3/17/2026","Closed","Prod","Man issue","N/A","Ha Thanh Dien (VN.RYOBI-PIE)"
"3/17/2026","Day shift","High Mix","030424002","C2-055","Air leakage (Group 2) was detected at EOL.","10","2.97%","Material defect: The top cap air passage has a hole and crack, causing air leakage.","644566001","Jingjiang shunda","Screenshot 2026-03-18 084512.png","Request SQE improvement and reinforce incoming inspection to prevent air leakage defects . Beside,SQE provide manpower to sort incoming material to maintain the production line.","3/17/2026","Closed","SQE","Material issue","Metal","Ha Thanh Dien (VN.RYOBI-PIE)"
"3/17/2026","Night shift","High Mix","010897000","C2-024","The tool does not operate.","3","0.60%","The operator placed the magnet in the wrong position.","N/A","N/A","2026-03-21 210945.jpg","Retrain the operator to follow the WI and recheck before assembly.","3/17/2026","Closed","Prod","Man issue","N/A","Tran Quoc Kiet (VN.RYOBI-PIE)"
"3/17/2026","Night shift","High Mix","010897000","C2-024","The tool powers on but is not functioning.","2","0.40%","The wire was pinched because it was not placed in the groove.","N/A","N/A","2026-03-21 212154.jpg","Retrain the operator to follow the WI and recheck before assembly.","3/17/2026","Closed","Prod","Man issue","N/A","Tran Quoc Kiet (VN.RYOBI-PIE)"
"3/16/2026","Day shift","High Mix","010897002","C2-021","Functional test machine tool failure","10","0.58%","The PCBA start button is stuck","280660007","Genbyte","Screenshot 2026-03-16 161335.png","The supplier sorted out the good materials and will improve the next lot","3/16/2026","Closed","SQE","Material issue","PCBA","Le Song Toan (VN.RYOBI-PIE)"
"3/16/2026","Day shift","High Mix","095297302","C2-045","Two part numbers are difficult to assemble.","10","0.58%","The stamping mold is deformed.","N/A","N/A","Screenshot 2026-03-16 1629031.jpg","The ME repaired the mold.","3/16/2026","Closed","PM","Machine issue","N/A","Le Song Toan (VN.RYOBI-PIE)"
"3/16/2026","Day shift","High Mix","011059011","C2-030","Tool can not run","1","0.01%","PCBA broken the wire","N/A","N/A","Screenshot 2026-03-16 164517.jpg","Retrain the operator to follow the WI","3/16/2026","Closed","Prod","Man issue","N/A","Nguyen Minh Hieu (VN.RYOBI-PIE)"
"3/16/2026","Day shift","High Mix","011328002","C2-030","Tool can not run","5","1.00%","The motor wire was soldered to the wrong position on the PCBA","N/A","N/A","Screenshot 2026-03-16 170620.jpg","Retrain the operator to follow the WI","3/16/2026","Closed","Prod","Man issue","N/A","Luu Hoang Nhan (VN.RYOBI-PIE)"
"3/16/2026","Day shift","EEC","130690065","C2-096","The LED does not light up after pressing the button","3","0.30%","Material Issue: PCBA had burnt LED","280079039","TOP TEK Vietnam","Screenshot 2026-03-16 162619.jpg","Follow and Inform to SQE team to work with supplier to prevent this issue","3/16/2026","Closed","SQE","Material issue","PCBA","Phung Quang Bao (VN.RYOBI-PIE)"
"3/16/2026","Day shift","High Mix","030291002","C2-012","EOL test hipot fail","1","1.50%","The wire was not fully inserted and was pinched by the screw hole. After tightening the screw, the wire was cut.","N/A","N/A","Screenshot 2026-03-16 191307.png","Retrain operators and add a visual inspection to ensure proper wire routing before screw tightening.","3/16/2026","Closed","Prod","Man issue","N/A","Ha Thanh Dien (VN.RYOBI-PIE)"
"3/16/2026","Night shift","High Mix","030412003","C2-013","The grinding head cannot be opened or closed at the inspection station","20","4.00%","The small internal spring was missing during the assembly operation at station G09","N/A","N/A","Screenshot 2026-03-17 051207.png","Reinstruct the operator to perform the procedure according to the WI and check before assembly","3/16/2026","Closed","Prod","Man issue","N/A","Dong Dinh Chanh (VN.RYOBI-PIE)"
"3/16/2026","Night shift","High Volume","011159027","C1-057","The gear can not assembly into the driver plate","5","1.00%","The gear is failed at dimension 6","613292001-03","Yangzhou Juneng","truong81.jpg","Feed back to SQE team to work with supplier for improving","3/17/2026","Closed","SQE","Material issue","Metal","Kien Minh Truong (VN.RYOBI-PIE)"
"3/16/2026","Night shift","High Volume","096878001"," C1-42","The tool run intermittently","1","0.13%","The PCBA is shorted the solder","282111001","D&S","truong82.jpg","Feed back to SQE team for improving","3/17/2026","Closed","SQE","Material issue","PCBA","Kien Minh Truong (VN.RYOBI-PIE)"
"3/16/2026","Night shift","High Volume","011210012","C1-055","The pinion after stamping into the bearing is loose","3","0.35%","The pinion is failed at dimension 6","615813001-02","JingDing","truong83.jpg","Feed back to SQE team for improving","3/17/2026","Closed","SQE","Material issue","Metal","Kien Minh Truong (VN.RYOBI-PIE)"
"3/16/2026","Night shift","High Volume","159092013","C1-044","The tool can not function","1","0.14%","The operator's wiring caused the wire to break.","N/A","N/A","truong84.jpg","Feed back to group and line leader to improve this issue","3/17/2026","Closed","Prod","Man issue","PCBA","Kien Minh Truong (VN.RYOBI-PIE)"
"3/16/2026","Night shift","High Mix","098834001","C2-023","The tool operates automatically without pressing the switch.","2","0.40%","The switch wires were installed in the wrong position by the operator.","N/A","N/A","2026-03-17 071354.jpg","Retrain the operator to follow the WI and check the correct position before assembly.","3/16/2026","Closed","Prod","Man issue","N/A","Tran Quoc Kiet (VN.RYOBI-PIE)"
"3/16/2026","Night shift","High Mix","095834301","c2-023","The tool runs but does not dispense water.","1","0.20%","The tube was pinched because the operator did not place it into the groove.","N/A","N/A","2026-03-17 204328.jpg","Retrain the operator to follow the WI and check the correct position before assembly.","3/16/2026","Closed","Prod","Man issue","N/A","Tran Quoc Kiet (VN.RYOBI-PIE)"
"3/15/2026","Day shift","EEC","130858001","C2-114"," PCBA is damaged on PCBA soldering process - Fail in semi FGs testing process","5","0.60%","The soldering machine got trouble then solder tip at #PWR 18V+ position, created solder ball => short circuit that burnt MCU component, damaged PCBA","N/A","N/A","Screenshot 2026-03-15 183133.png","Contact PM fix machine issue.","3/15/2026","Closed","PM","Machine issue","N/A","Nguyen Si Phu (VN.RYOBI-PIE)"
"3/15/2026","Day shift","High Mix","030412003","C2-033","The product cannot work","1","0.10%","Workmanship issue: The wire carbon brush had broken during assembly.","N/A","N/A","6177176081878683341_121.jpg","inform to line leader retrain the operator at this station","3/15/2026","Closed","Prod","Man issue","N/A","Nguyen Si Phu (VN.RYOBI-PIE)"
"3/15/2026","Night shift","High Mix","011381001","C2-034","The tool does not operate.","2","0.20%","The operator drove the screw too high, causing the PCB component to crack.","N/A","N/A","2026-03-16 054703.jpg","Reinstruct the operator to perform the procedure according to the WI and check whether the screw is too high before assembly.","3/15/2026","Closed","Prod","Man issue","N/A","Tran Quoc Kiet (VN.RYOBI-PIE)"
"3/15/2026","Night shift","High Mix","011381001","C2-034","The tool does not operate.","1","0.20%","The motor heat sink was installed in the wrong position by the operator, causing interference with the PCB.","N/A","N/A","2026-03-16 055934.jpg","Reinstruct the operator to perform the procedure according to the WI and check the correct position before assembly.","3/15/2026","Closed","Prod","Man issue","N/A","Tran Quoc Kiet (VN.RYOBI-PIE)"
"3/15/2026","Night shift","High Mix","011230030","C2-028","The tool cannot activate the safety switch.","5","1.00%",,"The operator temporarily assembled the lever switch in the wrong position, so it did not match the switch location on the PCBA.","N/A","2026-03-15 230.jpg","Retrain the operator to perform the assembly according to the WI.","3/15/2026","Closed","Prod","Material issue","N/A","Tran Minh Kha (VN.RYOBI-PIE)"
"3/15/2026","Night shift","High Mix","011381001","C2-008","The tool is flashing but not running.","2","0.50%","The operator at the wiring station accidentally broke the wire.","N/A","N/A","2026-03-15 381.jpg","Retrain the operator to route the wires in accordance with the WI.","3/15/2026","Closed","Prod","Man issue","N/A","Tran Minh Kha (VN.RYOBI-PIE)"
"3/15/2026","Night shift","High Mix","305681015","C2-018","The magazine cannot engage the safety latch.","633","21.00%","The issue is caused by NG incoming material for P/N 634213001. The specified range is 2.25–2.40, while the actual measured value is 2.67.","634213001"," XIAN HUA VIET NAM INDUSTRIAL COMPANY LIMITED","2026-03-15 681.jpg","The SQE team has directly engaged with the supplier to resolve this issue and requested corrective actions, including product quality improvement and submission of an 8D report. (Repeat issue)","3/27/2026","Open","SQE","Material issue","Metal","Tran Minh Kha (VN.RYOBI-PIE)"
"3/15/2026","Night shift","High Mix","010897002","C2-021","The operator could not insert the screw through the hole.","2","0.50%","Incoming material P/N 643412001 is NG because dimension #3 (spec 5.2–5.25) has not been machined.","643412001","SHUN KING PARK PRECISION CASTING VIETNAM COMPANY LIMITED","2026-03-15 897.jpg","Feed back SQE working with supplier to sorting and improve.","3/15/2026","Closed","SQE","Material issue","Metal","Tran Quoc Kiet (VN.RYOBI-PIE)"
"3/14/2026","Day shift","High Mix","011381001","C2-002","Tool cannot run","4","0.04%","Cold solder joint on PCBA","N/A","N/A","Screenshot 2026-03-14 141246.png","Retraining the operator and doublecheck after soldering","3/14/2026","Closed","Prod","Man issue","N/A","Le Song Toan (VN.RYOBI-PIE)"
"3/14/2026","Day shift","High Mix","011059011","C2-030","Tool can not run","1","0.07%","PCBA broken the wire after assembly","N/A","N/A","Screenshot 2026-03-14 143134.jpg","Retrain the operator to follow the WI","3/14/2026","Closed","Prod","Man issue","N/A","Luu Hoang Nhan (VN.RYOBI-PIE)"
"3/14/2026","Day shift","High Mix","011342006","C2-003","Bearing stiffness and cracks observed after stamping","6","2.00%","The stamping die is chipped.","N/A","N/A","mold.jpg","PM needs to change the mold and schedule fixture improvement.","3/14/2026","Closed","PM","Machine issue","N/A","Nguyen Trong Nhan (VN.RYOBI-PIE)"
"3/14/2026","Day shift","High Mix","011059011","C2-030","NG found at process Z05 – gear pressing onto the drive shaft","5","0.30%","P/N not fully stamped on the shaft housing.","N/A","N/A","Screenshot 2026-03-14 151553.jpg","Retrain the operator to follow the WI","3/13/2026","Closed","Prod","Man issue","N/A","Nguyen Minh Hieu (VN.RYOBI-PIE)"
"3/14/2026","Day shift","High Mix","011213005","C2-008","Excessive noise and vibration observed during tool operation.","15","8.00%","Motor assembly dimension failed after stamping. Spec: 140.1–140.4 mm; Actual: 140.46 mm.","N/A","N/A","line down .jpeg","PM needs to improve the punching machine condition.","3/14/2026","Closed","PM","Machine issue","N/A","Nguyen Trong Nhan (VN.RYOBI-PIE)"
"3/14/2026","Day shift","High Mix","095443001","C2-025","Can not assembly","74","5.00%","The end pole is reversed.","522910001","MING SHING","2026-03-14 1.jpg","Feed back SQE working with supplier to sorting and improve.","3/14/2026","Closed","SQE","Material issue","Plastic","Hoang Dinh Trung (VN.RYOBI-PIE)"
"3/14/2026","Day shift","High Volume","011363003","C1-064","The tool when test jam at level 2 has abnormal sound","1","0.20%","The operator assembly the gear box is missing part","N/A","N/A","truong78.jpg","Feed back to group leader and line leader to improve this case","3/16/2026","Closed","Prod","Man issue","Metal","Kien Minh Truong (VN.RYOBI-PIE)"
"3/14/2026","Day shift","High Volume","096893006DG9","C1-07","The tool run with abnormal noise","1","0.02%","The operator stamping the gear is broken","N/A","N/A","truong79.jpg","Feed back to group and line leader to improve this case","3/16/2026","Closed","Prod","Man issue","Metal","Kien Minh Truong (VN.RYOBI-PIE)"
"3/14/2026","Day shift","High Volume","096893006DG9"," C1-07","The tool run with abnormal noise","1","0.02%","The operator stamping the gear make the output shaft of motor is broken","N/A","N/A","truong80.jpg","Feed back to group and line lead to improve this case","3/16/2026","Closed","Prod","Man issue","Motor","Kien Minh Truong (VN.RYOBI-PIE)"
"3/14/2026","Night shift","High Mix","030291002","c2-012","The Tool not working","1","1.50%","Switch Terminal B–D Open Circuit","760472030","ZHEJIANG JIABEN ELECTRONICS CO.,LTD.","2026-03-15_03h27_48.png","Request SQE to coordinate with the supplier to investigate the root cause of the issue and ensure the quality of incoming materials","3/14/2026","Closed","SQE","Material issue","Switch","Nguyen Ngoc Dinh (VN.RYOBI-PIE)"
"3/14/2026","Night shift","High Mix","095778301","C2-045","The tool does not operate.","2","0.40%","The operator installed the wires incorrectly during the soldering process.","N/A","N/A","2026-03-15 062805.jpg","Reinstruct the operator to perform the procedure according to the WI and check before soldering.","3/14/2026","Closed","Prod","Man issue","N/A","Tran Quoc Kiet (VN.RYOBI-PIE)"
"3/14/2026","Night shift","High Mix","095443001","C2-025","Can not assembly","20","1.00%","The end pole is reversed.","522910001","MING SHING","2026-03-14 443A.jpg","Feed back SQE working with supplier to sorting and improve. (Repeat issue)","3/14/2026","Open","SQE","Material issue","Plastic","Tran Minh Kha (VN.RYOBI-PIE)"
"3/14/2026","Night shift","High Mix","030412003","C2-013","The inspection step found that the opening and closing operation of the grinding head is not smooth","4","0.50%","The spring was assembled not according to the WI at station G07","N/A","N/A","Screenshot 2026-03-15 064103.png","Notify the leader to instruct/retrain the operator to follow the WI and perform a check before assembly","3/14/2026","Closed","Prod","Man issue","N/A","Dong Dinh Chanh (VN.RYOBI-PIE)"
"3/14/2026","Day shift","High Mix","011325011","C2-007","The tool does not operate.","2","0.40%","The operator failed to detect the cold solder joint during the soldering process.","N/A","N/A","2026-03-15 063430.jpg","Reinstruct the operator to perform the procedure according to the WI and check the solder joint before assembly.","3/14/2026","Closed","Prod","Man issue","N/A","Tran Quoc Kiet (VN.RYOBI-PIE)"
"3/14/2026","Night shift","High Mix"," 305681015","C2-017","The magazine cannot engage the safety latch.","142","40.00%","The issue is caused by NG incoming material for P/N 634213001. The specified range is 2.25–2.40, while the actual measured value is 2.67.","634213001","XIAN HUA VIET NAM INDUSTRIAL COMPANY LIMITED","2026-03-14 681.jpg","The SQE team has directly engaged with the supplier to resolve this issue and requested corrective actions, including product quality improvement and submission of an 8D report.”","3/26/2026","Open","SQE","Material issue","Metal","Tran Minh Kha (VN.RYOBI-PIE)"
"3/13/2026","Day shift","EEC","130690039","C2-096","Solder overflow was detected after the soldering process","1","0.10%","Machine issue: Soldering machine was misaligned.","N/A","N/A","Screenshot 2026-03-13 112136.jpg","Inform the PM team to check and adjust the machine to prevent recurrence. Continue monitoring the next 20 units and release the line.","3/13/2026","Closed","PM","Machine issue","N/A","Phung Quang Bao (VN.RYOBI-PIE)"
"3/13/2026","Day shift","High Volume","011159027","C1-057","The tool is failed runout at check-card (specifications at check-card is >=2) but it's smaller than spec","2","0.34%","The driver plate is failed at dimension 6","637637006-01","JOY PROSPER","truong76.jpg","Feed back to SQE team for improving","3/14/2026","Closed","SQE","Material issue","Metal","Kien Minh Truong (VN.RYOBI-PIE)"
"3/13/2026","Day shift","High Volume","743039004","C1-70","The copper coils is failed the resistance value","4","0.20%","According drawing, each copper coil in each phase have 7 copper wires => In each phase will have 14 wires, in fact, NG part only has 13 wires so it NG. The reason causing this case is because the supplier wiring lack of wire or be twisted","292623003-03","ACE","truong77.jpg","Feed back to SQE team to work with supplier to improve this issue to do not repeat at the future","3/14/2026","Closed","SQE","Material issue","Motor","Kien Minh Truong (VN.RYOBI-PIE)"
"3/13/2026","Day shift","High Mix","011362016","C2-055","Tool cannot run . only light the led","5","0.10%","PCBA with soldered switch pins","N/A","N/A","Screenshot 2026-03-13 171454.jpg","Retrain the operator to follow the WI, double check after soldering","3/13/2026","Closed","Prod","Man issue","N/A","Le Song Toan (VN.RYOBI-PIE)"
"3/13/2026","Day shift","High Mix","011396012","C2-027","Tool cannot run","2","0.20%","Solder dropped onto the PCBA","N/A","N/A","Screenshot 2026-03-13 172739.jpg","Retrain the operator to follow the WI, and double check after soldering","3/13/2026","Closed","Prod","Man issue","N/A","Luu Hoang Nhan (VN.RYOBI-PIE)"
"3/13/2026","Day shift","High Mix","011362017","C2-055","Tool cannot eun","1","0.20%","PCBA broken the components","N/A","N/A","Screenshot 2026-03-13 174053.jpg","Retrain the operator to follow the WI","3/13/2026","Closed","Prod","Man issue","N/A","Nguyen Minh Hieu (VN.RYOBI-PIE)"
"3/13/2026","Day shift","High Mix","011092015","C2-004","Part number cannot be assembled","13","0.37%","Holder with missing material and damaged hole thread","316586006","Good mark","Screenshot 2026-03-13 180017.jpg","Supplier to sort good materials and take corrective action for the next lot","3/13/2026","Closed","SQE","Material issue","Plastic","Le Song Toan (VN.RYOBI-PIE)"
"3/13/2026","Day shift","High Mix","030412003","C2-013","The wire is loosed after insert to the switch","3","0.50%","Material issue: The end of the blue wire on the PCBA missing tin","280159006-02","Bestek electronics","Screenshot 2026-03-13 181615.png","SQE arrange sorting material and feedback supplier for the improvement ","3/13/2026","Closed","SQE","Material issue","PCBA","Dong Dinh Chanh (VN.RYOBI-PIE)"
"3/13/2026","Night shift","High Mix","030287006","c2-032","The Tool not working","1","1.10%","Stator Coil Open circuit","291112006","VIETNAM ROTONG ELECTRO-MECHANICS COMPANY LIMITED","2026-03-14_03h40_57.png","Single case, just inform SQE then continue follow up the line","3/13/2026","Closed","SQE","Material issue","Motor","Nguyen Ngoc Dinh (VN.RYOBI-PIE)"
"3/13/2026","Night shift","High Mix","030291002","C2-012","The product has abnormal noise.","1","1.50%","The gear was chipped due to 5S issue","N/A","N/A","Screenshot 2026-03-14 065630.png","Inform line leader re-arrange WIP in the tray","3/13/2026","Closed","Prod","Man issue","N/A","Ha Thanh Dien (VN.RYOBI-PIE)"
"3/13/2026","Night shift","High Mix","011092015","C2-009","The tool does not fire staples.","4","0.80%","The operator failed to install the gasket during assembly.","N/A","N/A","2026-03-14 065926.jpg","Reinstruct the operator to perform the procedure according to the WI and check before assembly.","3/13/2026","Closed","Prod","Man issue","N/A","Tran Quoc Kiet (VN.RYOBI-PIE)"
"3/13/2026","Night shift","High Mix","011092015","C2-009","The tool does not fire staples.","2","0.40%","The operator installed the magnet in the wrong position.","N/A","N/A","2026-03-14 070504.jpg","Reinstruct the operator to perform the procedure according to the WI and check before assembly.","3/13/2026","Closed","Prod","Man issue","N/A","Tran Minh Kha (VN.RYOBI-PIE)"
"3/13/2026","Day shift","High Mix","096866001","C2-025","Pressing dimension fail with spec","8","1.00%","Fixture was set-up wrong dimension","N/A","N/A","2026-03-13 1.jpg","ME adjust fixture and keep line run","3/13/2026","Closed","PM","Machine issue","N/A","Hoang Dinh Trung (VN.RYOBI-PIE)"
"3/13/2026","Day shift","High Mix","095110106","C2-047","Can not assembly tube with gear-box","5","1.00%","The tube brcome bigger than gear-box hole after pressing -> Hardly assembly","N/A","N/A","2026-03-13 2.jpg","ME adjust machine to reduce variance and keep line run","3/13/2026","Closed","PM","Machine issue","N/A","Hoang Dinh Trung (VN.RYOBI-PIE)"
"3/13/2026","Day shift","High Mix","011362017","C2-007","Tool no run","5","1.00%","PCBA was died because leakage voltage around 102V AC","N/A","N/A","2026-03-13 83.jpg","PM fix machine and keep line run","3/13/2026","Closed","PM","Machine issue","N/A","Le Song Toan (VN.RYOBI-PIE)"
"3/12/2026","Day shift","High Mix","030345003","C2-013","Part stuck when assembly at process G18","3","1.60%","The hook has burrs, so it cannot be assembled","671021001","SUN FUNG","Screenshot 2026-03-12 100548.png","Separate the defective materials, then replace them with good materials, feedback sqe improve","3/12/2026","Closed","SQE","Material issue","Metal","Dong Dinh Chanh (VN.RYOBI-PIE)"
"3/12/2026","Day shift","High Mix","030345003","C2-013","The black wire is too short to be routed into the groove during the wiring process","1","0.50%","The black wire is too short. NG DIM #B: 220–230 mm; actual: 163 mm","730377097","FU YUAN","Screenshot 2026-03-12 103300.png","Segregate defective materials, replace with good materials, and feedback to SQE for improvement","3/12/2026","Closed","SQE","Material issue","PCBA","Dong Dinh Chanh (VN.RYOBI-PIE)"
"3/12/2026","Day shift","High Volume","011383017","C1-064","The housings is exposed after screw shooting","30","50.00%","The screw boss of housings has burr and failed Dim 12","551611003-01 551612003-01","Jin he","truong72.jpg","Feed back SQE team call onsite to remove burr and with with supplier to improve this case","3/13/2026","Keep monitoring","SQE","Material issue","Plastic","Kien Minh Truong (VN.RYOBI-PIE)"
"3/12/2026","Day shift","High Volume","011217016","C1-51","The lever arm was deformed after the bushing was stamped.","12","1.00%",,"NA","NA","111.png","Tranning op follow WI at step P0.03","3/13/2026","Closed","Prod","Man issue","N/A","Le Hong Phong (VN.RYOBI-PIE)"
"3/12/2026","Day shift","High Volume","096899301","C1-37","The gear cannot be fitted onto the shaft.","4","0.40%","Output shaft out dim 2: 6.965-6.98mm, Actual: 7.084mm","620793002-01","MINH THU","110.png","Feed back to SQE team for improving","3/12/2026","Closed","SQE","Material issue","Metal","Le Hong Phong (VN.RYOBI-PIE)"
"3/12/2026","Day shift","High Volume","096893005","C1-03","No Funtion","2","0.10%","Part Gear fail dim 8, spec: 7.96-7.98mm, Actual: 8.014mm","613964001-01","Pu zhou","112.png","Feed back to SQE team for improving","3/13/2026","Closed","SQE","Material issue","Metal","Le Hong Phong (VN.RYOBI-PIE)"
"3/12/2026","Day shift","High Mix","030287006","C2-032","The operator had difficulty performing step P20, and it took more time to fold the die-cut sheet. The tray’s appearance after folding did not look good.","300","80.00%","The die-cut sheet did not have two creases fully formed; therefore, the operator could not fold the sheet normally.","914001020-02","BR Vina Packing","C287 Die Cut Sheet NG2.png","Informed the SQE to arrange manpower to form the creases according to the drawing requirements. Request SCAR from supplier","3/20/2026","Open","SQE","Material issue","Packing","Khong Trung Duy (VN.RYOBI-PIE)"
"3/12/2026","Day shift","High Volume","011410009","C1-047","The tool run intermittently","1","0.20%","The motor is wired in the wrong order","742671004-01","Rotong","truong73.jpg","Feed back SQE team to work with supplier for improving","3/13/2026","Closed","SQE","Material issue","Motor","Kien Minh Truong (VN.RYOBI-PIE)"
"3/12/2026","Day shift","High Volume","096899301","C1-37","Assembly the switch into the housings is too difficult","300","100.00%","The housings 's pin is deformed","553968001-04","Yu Long","truong74.jpg","Feed back to SQE team to work with supplier for improving","3/13/2026","Closed","SQE","Material issue","Plastic","Kien Minh Truong (VN.RYOBI-PIE)"
"3/12/2026","Day shift","High Volume","096893005","C1-03","The motor  is slipping when rotating","1","0.14%","The output shaft is deformed","622449001-01","Bach Tung","truong75.jpg","Feed back to SQE team for improving","3/13/2026","Closed","SQE","Material issue","Metal","Kien Minh Truong (VN.RYOBI-PIE)"
"3/12/2026","Day shift","High Mix","030291002","C2-033","The tool cannot run","1","0.10%","Workmanship issue: The wire carbon brush hasn't been fixed at the station C02.1, then it slipped at the next step.","N/A","N/A","Screenshot 2026-03-12 171051.png","Repair, inform to line leader retrain the operator at this station","3/12/2026","Closed","Prod","Man issue","N/A","Nguyen Si Phu (VN.RYOBI-PIE)"
"3/12/2026","Night shift","EEC","130858001","C2-114","Welding straps has poor connection with PCBA","1","1.60%","Negative Welding Contact Strap deformed","659290004","WONDERWARD TECHNOLOGY (HONG KONG) LIMITED","2026-03-13_01h24_50.png","Single case, Feedback to SQE and  supplier for improvement ","3/12/2026","Closed","SQE","Material issue","Metal","Nguyen Ngoc Dinh (VN.RYOBI-PIE)"
"3/12/2026","Night shift","High Mix","030291002","C2-012","The assembly is loose after pressing.","1","1.50%","The output shaft failed at dimension Dim #7 (Spec: 15 mm +0.1; Actual: 14.94 mm).","619519002","WEIDA","Screenshot 2026-03-13 032734.png","Single case, just inform SQE then continue follow up","3/12/2026","Closed","SQE","Material issue","Metal","Ha Thanh Dien (VN.RYOBI-PIE)"
"3/12/2026","Night shift","High Mix","011092015","C2-009","The tool is not functioning.","1","0.20%","The switch was damaged during the screw-driving process.","N/A","N/A","2026-03-13 061504.jpg","Reinstruct the operator to perform the procedure according to the WI.","3/12/2026","Closed","Prod","Man issue","N/A","Tran Quoc Kiet (VN.RYOBI-PIE)"
"3/12/2026","Night shift","High Mix","011362016","C2-007","The engine dose not operate","1","0.20%","The operator installed two washers, which caused the gearbox to run tight.","N/A","N/A","2026-03-13 062320.jpg","Reinstruct the operator to perform the procedure according to the WI and recheck before assembly.","3/12/2026","Closed","Prod","Man issue","N/A","Tran Quoc Kiet (VN.RYOBI-PIE)"
"3/12/2026","Night shift","High Volume","011217016","C1-52","cannot be assembled","1","0.50%","Die casting dimensional failure (dim 27)","644416001-01","Weida","Image (3).jpg","The supplier sorts and improves","3/12/2026","Closed","SQE","Material issue","Metal","Nguyen Phu Quoc (VN.RYOBI-PIE)"
"3/12/2026","Night shift","High Mix","096866001","C2-049","Appearance defect: missing lettering on the tool.","2","0.50%","Incoming material P/N 549014001 is nonconforming; the part is missing required engraved markings.","549014001 ","MING SHING (HONG KONG) COMPANY LIMITED","2026-03-12 866.jpg","MING SHING (HONG KONG) COMPANY LIMITED","3/12/2026","Closed","SQE","Material issue","Plastic","Tran Minh Kha (VN.RYOBI-PIE)"
"3/12/2026","Night shift","High Mix","096866001","C2-049","The operator at the station is unable to perform the assembly.","2","0.50%","Incoming material P/N 549018001 is nonconforming; burrs were found at the injection gate.","549018001 ","MING SHING (HONG KONG) COMPANY LIMITED","2026-03-12  866.jpg"," Feed back to SQE team for improving","3/12/2026","Closed","Prod","Material issue","Plastic","Tran Minh Kha (VN.RYOBI-PIE)"
"3/12/2026","Night shift","High Mix","011118023","C2-010","The material cannot be properly loaded into the mold.","80","16.00%","Incoming material P/N 610632009 is NG; specification: 13–13.02, actual: 12.88.”","610632009","WEIDA (VIETNAM) MANUFACTURING CO.,LTD","2026-03-12 118.jpg","Feed back to SQE team for improving","3/12/2026","Closed","SQE","Material issue","Metal","Tran Minh Kha (VN.RYOBI-PIE)"
"3/12/2026","Day shift","High Mix","011118023","C2-031","Fail battery voltage","10","50.00%","The tester dont have function wake -up battery -> The value of voltage in sleep mode and lower than spec","N/A","N/A","2026-03-12 1.jpg","PM technician exchange other tester","3/12/2026","Closed","PM","Machine issue","N/A","Hoang Dinh Trung (VN.RYOBI-PIE)"
"3/12/2026","Day shift","High Mix","010928014","C2-030","Tool dont enough pressure","10","10.00%","Motor wrong shaft (suspect wrong rotor)","742204017","KP VN","2026-03-12 2.jpg","Feedback SQE working with supplier sorting all stock and improve","3/27/2026","Keep monitoring","SQE","Material issue","Motor","Le Song Toan (VN.RYOBI-PIE)"
"3/12/2026","Day shift","High Volume","096918002","C1-22","stuck trigger","12","2.00%","Part trigger fail dim 16, spec: 10.41-10.66mm, Actual: 10.37mm","537286003-04","KIM LONG","113.png","Respond to SQE to work with supplier to improve this part to not repeat issues","3/13/2026","Closed","SQE","Material issue","Plastic","Le Hong Phong (VN.RYOBI-PIE)"
"3/11/2026","Day shift","High Volume","743039004","C1-70","The output shaft after assembly into the bearing is failed at stamping specification in WI","1","0.01%","The output shaft is failed at dimension 4","623361006-01","Bach tung","truong71.jpg","Feed back to SQE team for improving","3/11/2026","Closed","SQE","Material issue","Metal","Kien Minh Truong (VN.RYOBI-PIE)"
"3/11/2026","Day shift","EEC","130690039","C2-096"," Fail in performment testing process","1","0.10%","Material Issue: PCBA had burnt LED","280079037","TOP TEK Vietnam","6163476879961165468_121.jpg","Single case, follow and Inform to SQE team to work with supplier to prevent this issue","3/11/2026","Closed","SQE","Material issue","PCBA","Nguyen Si Phu (VN.RYOBI-PIE)"
"3/11/2026","Day shift","EEC","130690039","C2-096","Fail in performent testing process","1","0.10%","Material issue: The PCBA had shorted on the capacitor.","280079037","TOPTEK VIETNAM","6163476879961165467_121.jpg","Pull CE, follow and Inform to SQE team to work with supplier to prevent this issue","3/11/2026","Closed","SQE","Material issue","PCBA","Nguyen Si Phu (VN.RYOBI-PIE)"
"3/11/2026","Day shift","EEC","130690039","C2-096","Fail in performent testing process","1","0.10%","Material issue: The led had damaged inside component.","280079037","TOPTEK VIETNAM","Screenshot 2026-03-11 115838.png","Scrap, single case, follow and Inform to SQE team to work with supplier to prevent this issue","3/11/2026","Closed","SQE","Material issue","PCBA","Nguyen Si Phu (VN.RYOBI-PIE)"
"3/11/2026","Day shift","High Mix","030383007","C2-055","The product had air leakage","1","0.10%","Workmanship issue: The rubber ring is stuck at the cylinder tube position inside the tool body","N/A","N/A","6163203397918592550_121.jpg","Repair, inform to line leader remind the operator focus WI and 5S at this station","3/11/2026","Closed","Prod","Man issue","N/A","Nguyen Si Phu (VN.RYOBI-PIE)"
"3/11/2026","Day shift","High Volume","095653008","C1-11","Auto Run","1","0.20%","Soldering the switches caused a short circuit.","NA","NA","108.png","Welding skills training for operators.","3/12/2026","Closed","Prod","Man issue","N/A","Le Hong Phong (VN.RYOBI-PIE)"
"3/11/2026","Day shift","High Volume","159196032","C1-49","Housing gap 0.5","12","2.00%","Part  housing cover NG dim 18-8, spec: 1.9-2.1mm, Actual : 1.8mm","542704006-01","Ming Shing","109.png","Feed back to SQE team for improving","3/12/2026","Closed","SQE","Material issue","Plastic","Le Hong Phong (VN.RYOBI-PIE)"
"3/11/2026","Day shift","EEC","130597049","C2-147","The LED2 is damaged on PCBA soldering process.","6","0.60%","Machine issue: LED2 was damaged by mold contact during the soldering process.","N/A","N/A","Screenshot 2026-03-11 160751.png","Scrap, Contact PM follow fix machine issue and improve machine.","3/11/2026","Closed","PM","Machine issue","N/A","Nguyen Si Phu (VN.RYOBI-PIE)"
"3/11/2026","Day shift","High Mix","011081008","C2-010","Motor damaged","1","0.10%","The operator set the motor misaligned with the press die","N/A","N/A","Screenshot 2026-03-11 180214.jpg","Retrain the operator to follow the WI","3/11/2026","Closed","Prod","Man issue","N/A","Luu Hoang Nhan (VN.RYOBI-PIE)"
"3/11/2026","Day shift","High Mix","095875301","C2-025","Motor deformed","1","0.09%","Motor pressing two gears.","N/A","N/A","Screenshot 2026-03-11 181227.jpg","Retrain the operator to follow the WI","3/11/2026","Closed","Prod","Man issue","N/A","Le Song Toan (VN.RYOBI-PIE)"
"3/11/2026","Day shift","High Mix","096798201","C2-049","Water leakage from the tool","1","0.05%","Missing retaining clip for the tube","N/A","N/A","Screenshot 2026-03-11 183020.jpg","Retrain the operator to follow the WI","3/11/2026","Closed","Prod","Man issue","N/A","Nguyen Minh Hieu (VN.RYOBI-PIE)"
"3/11/2026","Day shift","High Mix","011081008","C2-010","Motor deformed","3","0.30%","Operator pressed the bearing on the wrong face","N/A","N/A","Screenshot 2026-03-11 183825.jpg","Retrain the operator to follow the WI","3/11/2026","Closed","Prod","Man issue","N/A","Le Song Toan (VN.RYOBI-PIE)"
"3/11/2026","Day shift","High Mix","011396010","C2-027","Tool can not run, only light the led","1","0.04%","PCBA broken the component ","N/A","N/A","Screenshot 2026-03-11 184508.jpg","Retrain the operator to follow the WI,  5s wip in the line","3/11/2026","Closed","Prod","Man issue","N/A","Le Song Toan (VN.RYOBI-PIE)"
"3/11/2026","Night shift","High Volume","011201005","C1-54","The engine dose not operate ","2","1.00%","Solder splatter shot lead onto the PCBA","N/A","N/A","Image (2)2.jpg","The leader provides retraining for the operator","3/10/2026","Closed","Prod","Man issue","N/A","Nguyen Phu Quoc (VN.RYOBI-PIE)"
"3/11/2026","Night shift","High Mix","030291002","c2-012","The Tool not working","4","6.00%","The cable connecting the switch to the carbon brush has an open circuit.","290116045","N/A","2026-03-11_22h44_25.png","Contact line leader to retrain for operator and strictly follow up pull force standard","3/11/2026","Closed","Prod","Material issue","N/A","Nguyen Ngoc Dinh (VN.RYOBI-PIE)"
"3/11/2026","Night shift","High Mix","030291002","C2-012","The Tool not working","1","1.50%","Switch terminals 5 and 4,6 are open‑circuit, resulting in no input power being supplied to the stator coil","760472030","ZHEJIANG JIABEN ELECTRONICS CO.,LTD.","2026-03-12_03h43_47.png","Request SQE to coordinate with the supplier to investigate the root cause of the open‑circuit issue and ensure the quality of incoming materials","3/11/2026","Closed","SQE","Material issue","Switch","Ha Thanh Dien (VN.RYOBI-PIE)"
"3/11/2026","Night shift","High Mix","011364017","C2-028","The tool cannot open the chuck to insert the drill bit.","1","0.20%","The operator failed to install the steel ball in the gearbox during assembly.","N/A","N/A","2026-03-12 040114.jpg","Reinstruct the operator to perform the procedure according to the WI and check before assembly.","3/11/2026","Closed","Prod","Man issue","N/A","Tran Quoc Kiet (VN.RYOBI-PIE)"
"3/11/2026","Night shift","High Mix"," 011342013","C2-052","The tool is not operating and flashes a red light six times.","5","2.00%","The operator did not trim the excess electrical wire, which resulted in a short circuit.","N/A","N/A","2026-03-11 342.jpg","Reinstruct the operator at the soldering station to cut the excess wire after soldering according to the WI.","3/11/2026","Closed","Prod","Man issue","N/A","Tran Minh Kha (VN.RYOBI-PIE)"
"3/11/2026","Night shift","High Mix","011374020","C2-002","The operator at the station is unable to perform the assembly.","2","0.50%","The operator at the motor‑pressing station pressed two planetary gears.","N/A","N/A","2026-03-11 374.jpg","Reinstruct the operator on the correct procedure according to the WI.","3/11/2026","Closed","Prod","Man issue","N/A","Tran Quoc Kiet (VN.RYOBI-PIE)"
"3/11/2026","Night shift","High Volume","096893006DG9","C1-03","The press-fitted gear on the shaft is loose.","1","0.10%","The gear out of dimension 8. Spec 7.98, Actual 8","613964001","PU ZHOU","893_3_1.jpg","Feedback to SQE for improvement","3/11/2026","Closed","SQE","Material issue","Metal","Tran Duy Quat (VN.RYOBI-PIE)"
"3/11/2026","Night shift","High Volume","096007302","C1-05","The shaft end does not fit properly into the fixture.","1","0.10%","The shaft out of dimension 7","623682001","FUJISEIKO","007_05_01.jpg","Feedback to SQE for improvement","3/11/2026","Closed","SQE","Material issue","Metal","Tran Duy Quat (VN.RYOBI-PIE)"
"3/11/2026","Night shift","High Volume","096764001DG9","C1-31","The D-tech signal wire solder joint has not been soldered","1","0.10%","The operator has not soldered the joint.","N/A","N/A","764_31_2.jpg","Feedback to production supervisors and leader for improvement.","3/11/2026","Closed","Prod","Man issue","N/A","Tran Duy Quat (VN.RYOBI-PIE)"
"3/11/2026","Night shift","High Volume","095606301","C1-01","Missing the Grease","52","10.00%","At station 16 step 03 OP assembled missing the Grease.","N/A","N/A","606_01_!.jpg","Feedback to production supervisors and leader for improvement.","3/11/2026","Closed","Prod","Man issue","N/A","Tran Duy Quat (VN.RYOBI-PIE)"
"3/10/2026","Day shift","High Volume","011410009","C1-047","The tool can not function","1","0.20%","The operator solder spills into the electrical components","N/A","N/A","truong68.jpg","Feed back to group leader and line leader to improve this case","3/11/2026","Closed","Prod","Man issue","PCBA","Kien Minh Truong (VN.RYOBI-PIE)"
"3/10/2026","Day shift","High Volume","011216008","C1-065","The tool run with abnormal noise","4","0.81%","The hole of pinion is non-concentric","610534006-01","Weida","truong69.jpg","Feed back to SQE team for improving","3/11/2026","Closed","SQE","Material issue","Metal","Kien Minh Truong (VN.RYOBI-PIE)"
"3/10/2026","Day shift","High Volume","159204027","C1-051","The tool test at EOL machine is failed","10","0.77%","The travel to push the main trigger of tool  is too short so when testing run-out step, the tool not run","N/A","N/A","truong70.jpg","Feed back to ME to fix this issues","3/11/2026","Closed","PM","Machine issue","N/A","Kien Minh Truong (VN.RYOBI-PIE)"
"3/10/2026","Day shift","EEC","130690039","C2-096"," PCBA is damaged on PCBA soldering process,  Fail in semi FGs testing process","C2-096","2.00%"," The soldering machine got trouble, solder and RL4 resistor touch together, created short circuit from #PWR (18v+) to output pin of MCU that burnt MCU component, damaged PCBA","N/A","N/A","Screenshot 2026-03-10 190350.png","Contact PM fix machine issue and improve machine.","3/10/2026","Closed","PM","Machine issue","N/A","Nguyen Si Phu (VN.RYOBI-PIE)"
"3/10/2026","Day shift","High Mix","001486018","C2-039","The charger cannot charging battery","432","21.00%","Material Issue: the connector has poor contact between position pin T2 battery with charger => fail charging","140486005","CLICK TECHNOLOGY (VIETNAM) COMPANY LIMITED","Screenshot 2026-03-10 192821.png","SQE arrange sorting material to resume production line","3/17/2026","Closed","SQE","Material issue","PCBA","Nguyen Si Phu (VN.RYOBI-PIE)"
"3/10/2026","Night shift","High Mix","030247012","c2-032","The glue overflow, impact to the knob when adjusting speed of product","2","2.90%","Glue overflow","280119004","H AND T INTELLIGENT CONTROL (BINH DUONG) COMPANY LIMITED","2026-03-11_02h35_11.png","Inform SQE to improve from supplier","3/10/2026","Closed","SQE","Material issue","PCBA","Nguyen Ngoc Dinh (VN.RYOBI-PIE)"
"3/10/2026","Night shift","High Mix","011081008","C2-010","Mode switching is not possible.","10","2.00%","The operator forgot to install the locking pin at the mode‑switch assembly station.","N/A","N/A","2026-03-10 081.jpg","Provide refresher training to the operator at the button‑assembly station on installing the locking pin as specified in the WI.","3/10/2026","Closed","Prod","Man issue","N/A","Tran Minh Kha (VN.RYOBI-PIE)"
"3/10/2026","Night shift","High Mix","011342013","C2-052","The tool is operating with an abnormal noise.","7","2.00%","The operator positioned the fork in the incorrect direction.","N/A","N/A","2026-03-10  342.jpg","Provide refresher training to the operator to ensure the fork is oriented correctly per the Work Instruction (WI).","3/10/2026","Closed","Prod","Man issue","N/A","Tran Minh Kha (VN.RYOBI-PIE)"
"3/10/2026","Night shift","High Mix","011396010","C2-027","The stapler does not fire staples due to the magnet being installed in the wrong position.","3","0.60%","The operator skipped the magnet inspection step during the process.","N/A","N/A","2026-03-11 070451.jpg","Reinstruct the operator to perform the procedure according to the WI.","3/10/2026","Closed","Prod","Man issue","N/A","Tran Quoc Kiet (VN.RYOBI-PIE)"
"3/10/2026","Night shift","High Mix","096753002","C2-048","The tool does not function.","2","0.50%","The operator installed the switch in the wrong position.","N/A","N/A","2026-03-11 071740.jpg","Reinstruct the operator to perform the procedure according to the WI and check that the switch is in the correct position before installation.","3/10/2026","Closed","Prod","Man issue","N/A","Tran Quoc Kiet (VN.RYOBI-PIE)"
"3/10/2026","Day shift","High Mix","011254021","C2_029","Tool can not run","1","0.04%","Defective solder joint on the motor wire to PCBA.","N/A","N/A","Screenshot 2026-03-11 071850.jpg","Retrain the operator to follow the WI","3/10/2026","Closed","Prod","Man issue","N/A","Le Song Toan (VN.RYOBI-PIE)"
"3/10/2026","Night shift","High Mix","096863001","C2-041","The operator at the assembly station was unable to fasten the screw.","3","1.00%","The incoming material P/N 549600001 is NG; the supplier under‑molded the plastic (resulting in deformation).","549600001 ","FUKAI TECHNOLOGY (SINGAPORE) PTE.LTD.","2026-03-10 863.jpg","Inform to SQE team to work with supplier to prevent this issue","3/10/2026","Closed","SQE","Material issue","Plastic","Tran Minh Kha (VN.RYOBI-PIE)"
"3/10/2026","Night shift","High Mix","011479004","C2-027","The motor and pinion gear cannot be assembled into the gearbox.","1","0.20%","The operator pressed two gears onto the same motor.","N/A","N/A","2026-03-11 072616.jpg","Reinstruct the operator to perform the procedure according to the WI and check before pressing.","3/10/2026","Closed","Prod","Man issue","N/A","Tran Quoc Kiet (VN.RYOBI-PIE)"
"3/10/2026","Day shift","High Mix","096752301","C2-047","The tool operates intermittently.","1","0.30%","The PCBA wire is not placed in the groove.","N/A","N/A","Screenshot 2026-03-11 072945.jpg","Retrain the operator to follow the WI","3/10/2026","Closed","Prod","Man issue","N/A","Nguyen Minh Hieu (VN.RYOBI-PIE)"
"3/10/2026","Day shift","High Mix","095396301","C2-045","The circuit board is faulty (NG).","35","11.67%","One of the connecting wires is broken inside the circuit board.","280783003","Genbyte Technology","20260310_080552536_iOS.jpg","Announce Supplier to sort 100%","3/10/2026","Closed","SQE","Material issue","N/A","Leon Phan Thanh Phong (VN.RYOBI-PIE)"
"3/10/2026","Day shift","High Mix","095396301","C2-045","The screw mounting points on the housing are incorrect (NG).","10","3.30%","Input Material NG","-","-","Screenshot 2026-03-11 154452.png","Announce Supplier to sort 100%","3/10/2026","Closed","SQE","Material issue","Plastic","Leon Phan Thanh Phong (VN.RYOBI-PIE)"
"3/10/2026","Day shift","High Mix","095396301","C2-045","The design off housing is wrong and not related with the drawing","1","0.33%","Input material NG","-","-","20260311_014040312_iOS.jpg","Announce supplier to sort","3/10/2026","Closed","SQE","Material issue","Plastic","Leon Phan Thanh Phong (VN.RYOBI-PIE)"
"3/9/2026","Day shift","EEC","130597100","C2-087","There's solder wire on the PCBA before coming to Soldering process","1","0.10%","Incoming material issue","280109491","Top Tek Vietnam","6159191490442235146_121.jpg","SQE arrange sorting material to avoid Quality risk and inform supplier for the improvement","3/9/2026","Closed","SQE","Material issue","PCBA","Nguyen Si Phu (VN.RYOBI-PIE)"
"3/9/2026","Day shift","High Volume","011228006","C1-51","Bearing were not fitted into the gearbox with the correct dimensions.","30","5.00%","Part gearbox fail dim 1 & 5","641587002-02","HAITHAO","107.png","Inform to SQE team to work with supplier to prevent this issue","3/10/2026","Closed","SQE","Material issue","Metal","Le Hong Phong (VN.RYOBI-PIE)"
"3/9/2026","Night shift","EEC","130597049","c2-118","The strap is burnt after Welding process","1","1.60%","The electrodes misaligned with the weld-dimples","N/A","N/A","2026-03-10_02h10_44.png","Call PM come to adjust machine ","3/9/2026","Closed","PM","Machine issue","N/A","Nguyen Ngoc Dinh (VN.RYOBI-PIE)"
"3/9/2026","Night shift","High Mix","030221016","C2-012","The gear box stuck after assembly","15","8.00%","At step N01, the bearing was pressed into the connecting rod wrong dimension (Spec: 1.5 mm ± 0.1; Actual: 2.1 mm, 1.7 mm).","N/A","N/A","Screenshot 2026-03-10 041116.png","Call PM come to adjust machine immediately","3/9/2026","Closed","PM","Machine issue","N/A","Ha Thanh Dien (VN.RYOBI-PIE)"
"3/9/2026","Night shift","High Volume","743044003","C1-70","The motor test fail runout","2","1.00%","Endbell failed due to concentricity dimension out of spec(dim #10)","647118003-01","Shuda Mold","Image (1)4.jpg","Supplier sorting and Improvement","3/9/2026","Closed","SQE","Material issue","Metal","Nguyen Phu Quoc (VN.RYOBI-PIE)"
"3/9/2026","Night shift","High Mix","011443002","C2-030","The tool is operating but cannot drive nails.","2","0.50%","The issue occurred because the operator at the lock block and base assembly station did not align the connector with the protrusion and failed to position it into the spring groove.","N/A","N/A","2026-03-09 443.jpg","Reinstruct the operator to perform the procedure according to the WI.","3/9/2026","Closed","Prod","Man issue","N/A","Tran Minh Kha (VN.RYOBI-PIE)"
"3/9/2026","Night shift","High Mix","011397003","C2-007","The tool is operating, but the display light is not turning on.","3","0.50%","The operator at the station cracked the LED when snapping the cover into place.","N/A","N/A","2026-03-09 397.jpg","Retrain the operator to follow the WI.","3/9/2026","Closed","Prod","Man issue","N/A","Mai Chieu Linh (VN.RYOBI-PIE)"
"3/9/2026","Night shift","High Volume","011201005","C1-54","The product is not working","1","0.10%","Solder particles dropped and caused a short on the component pins","N/A","N/A","201_54_1.jpg","Feedback to production supervisors and leader for improvement.","3/9/2026","Closed","Prod","Man issue","N/A","Tran Duy Quat (VN.RYOBI-PIE)"
"3/9/2026","Night shift","High Mix","095410109","C2-021","The operator at the station detected a cosmetic defect on the push button, preventing proper assembly.","9","0.50%","Incoming material P/N 638011001 was found NG due to incorrect forming/stamping by the supplier","638011001","QITENG INDUSTRY (H.K.) CO.,LIMITED","2026-03-09 419.jpg"," Feedback to SQE for improvement","3/9/2026","Closed","SQE","Material issue","Metal","Tran Quoc Kiet (VN.RYOBI-PIE)"
"3/9/2026","Night shift","High Volume","096887202","C1-07","The shaft used to press the bearing in is loose.","1","0.10%","The shaft used to press the bearing in is loose. Fail Dim #21","622738003","Junda","878_07_1.jpg","Feedback to SQE for improvement","3/9/2026","Closed","SQE","Material issue","Metal","Tran Duy Quat (VN.RYOBI-PIE)"
"3/9/2026","Day shift","High Volume","011201006","C1-054","The tool can not test at EOL machine","10","3.00%","At the EOL machine have to test LED light, but the tool was stick the cover on the LED so machine can not catch the light of tool","N/A","N/A","truong67.jpg","Feed back to group leader and line leader to know and improve this issue","3/10/2026","Closed","Prod","Man issue","N/A","Kien Minh Truong (VN.RYOBI-PIE)"
"3/9/2026","Night shift","High Mix","095297302","C2-045","Assembly is difficult for these two part numbers.","10","3.30%","The stamping mold is deformed.","N/A","N/A","Screenshot 2026-03-16 162903.jpg","Retrain the operator to follow the WI","3/16/2026","Closed","PM","Machine issue","N/A","Le Song Toan (VN.RYOBI-PIE)"
"3/8/2026","Night shift","High Mix","030243005","C2-032","The speed of Production was abnormal with the other one.","1","1.80%","The PCBA has the wires soldered in reverse at the speed adjustment knob","280111012-05","LONGOOD INTELLIGENT ELECTRIC (Vietnam) CO., LIMITED","2026-03-08_06h20_32.png","Single case, just inform SQE and continue follow up the line","3/8/2026","Closed","SQE","Material issue","PCBA","Nguyen Ngoc Dinh (VN.RYOBI-PIE)"
"3/8/2026","Day shift","High Volume","011159027","C1-57","The mode switch button is stuck.","2","0.30%","Part PCBA NG dim 8-1: spec 9.2-9.8mm, Actual: 8.05mm","282160112-03","LongGood","106.png"," Feedback to SQE for improvement","3/9/2026","Closed","SQE","Material issue","PCBA","Le Hong Phong (VN.RYOBI-PIE)"
"3/8/2026","Day shift","High Mix","011231011","C2-034","Tool cannot run","2","0.13%","Wire pinched by PCBA due to improper routing into the housing groove","N/A","N/A","Screenshot 2026-03-08 162825.jpg","Retrain the operator to follow the wi","3/8/2026","Closed","Prod","Man issue","N/A","Le Song Toan (VN.RYOBI-PIE)"
"3/8/2026","Day shift","High Mix","011205009","C2-001","The tool operates intermittently","1","0.02%","The carbon brush broke after the wire routing process.","N/A","N/A","Screenshot 2026-03-08 163634.jpg","Retrain the operator to follow the WI","3/8/2026","Closed","Prod","Man issue","N/A","Nguyen Minh Hieu (VN.RYOBI-PIE)"
"3/8/2026","Day shift","High Mix","011390004","C2-055","Tool cannot run","3","1.50%","During wiring, the PCBA was pinched, causing a short circuit and burnt circuit","N/A","N/A","Screenshot 2026-03-08 164145.jpg","Retrain the operator to follow the Wi","3/8/2026","Closed","Prod","Man issue","N/A","Luu Hoang Nhan (VN.RYOBI-PIE)"
"3/8/2026","Day shift","High Mix","011092004","C2-004","The tool runs in double-shot mode","1","0.02%","Components on the PCB are broken.","N/A","N/A","Screenshot 2026-03-08 165355.jpg","Retrain the operator to follow the WI","3/8/2026","Closed","Prod","Man issue","N/A","Le Song Toan (VN.RYOBI-PIE)"
"3/8/2026","Day shift","EEC","130690054","C2-096","Fail in performance testing process.","2","0.10%","The soldering machine got trouble then solder tip had misalignment at #PWR position, leading to solder tip and USB, created short circuit from #PWR(3.3V) to USB/GND, damaged PCBA.","N/A","N/A","Screenshot 2026-03-08 180931.png","Call PM come to adjust soldering machine immediately, clean  solder tip  then resume the line","3/8/2026","Closed","PM","Machine issue","PCBA","Nguyen Si Phu (VN.RYOBI-PIE)"
"3/8/2026","Night shift","High Mix","011254021","C2-001","The tool cannot operate.","10","2.50%","The battery pin wire was soldered in the wrong position.","N/A","N/A","2026-03-09 062320.jpg","Retrain the operator to follow the WI and check the correct position of the battery pin wire before soldering.","3/7/2026","Closed","Prod","Man issue","N/A","Tran Quoc Kiet (VN.RYOBI-PIE)"
"3/8/2026","Night shift","High Mix","011254021","C2-029","The tool is not operating and flashes a red light 9 times.","4","0.50%","The operator accidentally shorted the white wire with the red wire at the battery terminal.","N/A","N/A","2026-03-08 245.jpg","Retrain the operator on the correct procedure according to the WI.","3/8/2026","Closed","Prod","Man issue","N/A","Tran Minh Kha (VN.RYOBI-PIE)"
"3/8/2026","Night shift","High Mix","011397003","C2-008","The tool is operating, but only the level 1 mode indicator light is on; levels 2 and 3 do not light up.","2","0.30%","The operator did not insert the part into the housing groove during assembly.","N/A","N/A","2026-03-09 065525.jpg","Retrain the operator to follow the WI and recheck before assembly.","3/8/2026","Closed","Prod","Man issue","N/A","Tran Quoc Kiet (VN.RYOBI-PIE)"
"3/7/2026","Day shift","EEC","130690065","C2-096","Failure mode #2.1, 2.2 Work Charge/Discharge voltage test control","24","0.70%","MCU U1 operates abnormally during MCU reads inaccurate NTC realtime values returned on the pin 7.","280079039","TOP TEK","Screenshot 2026-03-07 105025.png","Inform SQE to request SCAR from supplier","3/21/2026","Open","SQE","Material issue","PCBA","Nguyen Si Phu (VN.RYOBI-PIE)"
"3/7/2026","Day shift","EEC","130597396","C2-116","Fail in mode #10 semi-FGs testing process","1","0.10%","Machine issue: solder balls generated during PCB soldering process, created shorted circuit from TP1(3.3V)/MCU to GND, damaged PCBA","N/A","N/A","Screenshot 2026-03-07 105220.png","Call PM come to adjust machine and temperature ","3/7/2026","Closed","PM","Machine issue","PCBA","Nguyen Si Phu (VN.RYOBI-PIE)"
"3/7/2026","Day shift","High Mix","030383007","C2-055","Product has leak air on the topcap","1","0.20%","Top cap gasket was torn due to misalignment by the operator during screw fastening at station C23","N/A","N/A","Screenshot 2026-03-07 1428381.png","inform to line leader remind the operator, clear WIP and 5S  at this station","3/7/2026","Closed","Prod","Man issue","N/A","Nguyen Si Phu (VN.RYOBI-PIE)"
"3/7/2026","Day shift","High Mix","096753001","C2-041","Tool cannot run","1","0.08%","PCBA soldered with reversed power polarity, resulting in a bulged capacitor.","N/A","N/A","Screenshot 2026-03-07 143853.jpg","Retrain the operator to follow the WI","3/7/2026","Closed","Prod","Man issue","N/A","Luu Hoang Nhan (VN.RYOBI-PIE)"
"3/7/2026","Day shift","High Mix","011205009","C2-001","Tool cannot change rotation direction.","1","0.02%","Operator installed the changeover switch incorrectly (misaligned).","N/A","N/A","Screenshot 2026-03-07 150049.jpg","Retrain the  operator to follow the WI","3/7/2026","Closed","Prod","Man issue","N/A","Nguyen Minh Hieu (VN.RYOBI-PIE)"
"3/7/2026","Day shift","High Mix","011248012","C2-056","The tool operates intermittently.","1","0.16%","The operator installed one extra washer.","N/A","N/A","Screenshot 2026-03-07 151727.jpg","Retrain the operator to follow the WI","3/7/2026","Closed","Prod","Man issue","N/A","Le Song Toan (VN.RYOBI-PIE)"
"3/7/2026","Night shift","High Mix","030191008","C1-012","The Tool not working","1","0.80%","Internal broken in the powercord ","730372058","FU YUAN VN COMPANY LIMITED","WhatsApp Image 2026-03-08 at 01.15.48.jpeg","Single case, inform SQE then continue follow up the line","3/7/2026","Closed","SQE","Material issue","N/A","Nguyen Ngoc Dinh (VN.RYOBI-PIE)"
"3/7/2026","Night shift","High Mix","030243005","C2-032","The products were not working","3","5.40%","The switch terminal was burned and deformed during the soldering process.","N/A","N/A","Screenshot 2026-03-08 040858.png","Inform to the leader and PM to check the soldering temperature and retrain the operators not to keep the soldering tip on the terminal for too long, and to inspect the part after soldering. ","3/7/2026","Closed","Prod","Man issue","N/A","Ha Thanh Dien (VN.RYOBI-PIE)"
"3/7/2026","Night shift","High Mix","030243005","C2-032","The product does not function at the functional test station.","2","3.60%","The circuit has no output power; the output voltage is 1.3 mV.","280111012","LONGGOOD","Screenshot 2026-03-08 041807.png","SQE confirmed to inform the supplier to investigate the root cause and implement improvements to prevent recurrence in future lots.","3/7/2026","Closed","SQE","Material issue","PCBA","Ha Thanh Dien (VN.RYOBI-PIE)"
"3/7/2026","Night shift","EEC","130858001","C2-114","Weak welding","1","1.60%","A double‑layered object on the strap makes it impossible to perform spot welding","659291004-01","WONDER ACE TECHNOLOGY (HONG KONG) LIMITED","WhatsApp Image 2026-03-08 at 04.33.03.jpeg","Inform SQE for further improvement from supplier","3/10/2026","Closed","SQE","Material issue","Metal","Nguyen Ngoc Dinh (VN.RYOBI-PIE)"
"3/7/2026","Night shift","High Mix","011396013","C2-014","The tool cannot operate.","3","0.60%","The magnet was not installed in the correct position by the operator.","N/A","N/A","2026-03-08 062418.jpg","Retrain the operator to follow the WI and check the magnet before installation.","3/7/2026","Closed","Prod","Man issue","N/A","Tran Quoc Kiet (VN.RYOBI-PIE)"
"3/7/2026","Night shift","High Mix","011396013","C2-027","The motor is running but the tool cannot drive nails.","1","0.50%","The operator did not press‑fit the planetary gear assembly into the motor.","N/A","N/A","2026-03-07 396.jpg","Provide retraining to the operator to temporarily comply with the WI.","3/7/2026","Closed","Prod","Man issue","N/A","Tran Minh Kha (VN.RYOBI-PIE)"
"3/7/2026","Night shift","High Mix","011396013","C2-027","When the safety switch is pressed, the indicator light turns on, but when the main switch is pressed, the tool does not operate.","10","1.00%","The operator temporarily assembled the main switch incorrectly, causing misalignment.","N/A","N/A","2026-03-07 396A.jpg","Provide retraining to the operator to temporarily comply with the WI.","3/7/2026","Closed","Prod","Man issue","N/A","Tran Minh Kha (VN.RYOBI-PIE)"
"3/7/2026","Night shift","High Mix","011396013","C2-027","The tool is firing two nails at the same time.","5","1.00%","The operator at the magazine assembly station installed the materials incompletely.","N/A","N/A","2026-03-07 396B.jpg","Retrain the operator to temporarily follow the WI.","3/7/2026","Closed","Prod","Man issue","N/A","Mai Chieu Linh (VN.RYOBI-PIE)"
"3/7/2026","Night shift","High Mix","095835104DG9","C2-023","The tool is functioning but the mode cannot be changed.","1","0.50%","The operator at the wiring station routed the wire through the screw hole, causing the wire to break.","N/A","N/A","2026-03-07 835.jpg","Provide retraining to the wiring station operator in accordance with the WI.","3/7/2026","Closed","Prod","Man issue","N/A","Tran Minh Kha (VN.RYOBI-PIE)"
"3/7/2026","Night shift","High Mix","095835104","C2-043","The assembled carton box has a gap larger than 5 mm.","20","6.60%","NG dimension – Spec: 675 mm, Actual: 670 mm.","921392823","BR VINA PACKING CO., LTD","Screenshot 2026-03-08 065619.jpg","Feed back to SQE team for improving","3/7/2026","Closed","SQE","Material issue","Packing","Tran Quoc Kiet (VN.RYOBI-PIE)"
"3/7/2026","Day shift","High Volume","011159027","C1-57","No groove for attaching the retaining ring","1","0.20%","Part ''HELICAL GEAR'' No groove for attaching a holding ring","613292001-03","YANGZHOU","105.png","Feedback to SQE team for improving","3/8/2026","Closed","SQE","Material issue","Metal","Le Hong Phong (VN.RYOBI-PIE)"
"3/6/2026","Day shift","High Mix","011205002","C2-001","Tool has the abnormal noise","2","0.04%","The operator installed one extra washer.","N/A","N/A","Screenshot 2026-03-06 101627.jpg","Retrain the operator to follow the WI. Cheking washer quantity before assembly.","3/6/2026","Closed","Prod","Man issue","N/A","Le Song Toan (VN.RYOBI-PIE)"
"3/6/2026","Day shift","High Mix","011229004","C2-057","Tool can not run","3","0.17%","Switch burned due to soldering.","N/A","N/A","Screenshot 2026-03-06 103115.jpg","Retrain the operator to follow the WI, and PM checked the soldering temperature and time again.","3/6/2026","Closed","Prod","Man issue","N/A","Nguyen Minh Hieu (VN.RYOBI-PIE)"
"3/6/2026","Day shift","High Mix","095403302","C2-023","tool can not run","2","0.43%","Wire was pinched and broken during PCBA assembly into the housing.","N/A","N/A","Screenshot 2026-03-06 104310.jpg","Tranning operatinon follow WI, and recheck after assembly","3/6/2026","Closed","Prod","Man issue","N/A","Luu Hoang Nhan (VN.RYOBI-PIE)"
"3/6/2026","Day shift","High Mix","095393102","C2-049","Switch releases slowly after pressing.","1","0.05%","Excess solder and untrimmed leads causing interference with the housing.","N/A","N/A","Screenshot 2026-03-06 105750.jpg","Retrain the operator to follow the WI","3/6/2026","Closed","Prod","Man issue","N/A","Nguyen Minh Hieu (VN.RYOBI-PIE)"
"3/6/2026","Day shift","High Mix","095443001","C2-043","Tool cannot run","1","25.00%","The crimp terminal damaged and broke the wire.","N/A","N/A","Screenshot 2026-03-06 163533.jpg","Retrain the operator to follow the WI","3/6/2026","Closed","Prod","Man issue","N/A","Le Song Toan (VN.RYOBI-PIE)"
"3/6/2026","Day shift","High Mix","011205002","C2-001","Tool can not run","1","0.02%","The gearbox pin was installed misaligned with the hole.","N/A","N/A","Screenshot 2026-03-06 164227.jpg","Retrain the operator to follow the WI","3/6/2026","Closed","Prod","Man issue","N/A","Luu Hoang Nhan (VN.RYOBI-PIE)"
"3/6/2026","Day shift","EEC","130597185","C2-124"," Fail in mode #10 semi-FGs testing process","2","0.10%","Machine issue: solder balls generated during PCB soldering process.","N/A","N/A","Screenshot 2026-03-06 163419.png","Call PM come to adjust machine and temperature ","3/6/2026","Closed","PM","Machine issue","N/A","Nguyen Si Phu (VN.RYOBI-PIE)"
"3/6/2026","Day shift","EEC","130597320DG9","C2-119","Fail in semi FGs testing process, Failure mode #12, Charge FET Voltage test","1","0.10%","The NTC wire hasn't been fixed then stuck inside stamping at #VT3 position, create shorted #VT3 (11v+) to NTC wire / GND pin that burnt circuit trace, damaged PCBA","N/A","N/A","6150182431466655391_121.jpg","Line leader retrain for Operator and arrange WIP carefully","3/6/2026","Closed","Prod","Man issue","N/A","Nguyen Si Phu (VN.RYOBI-PIE)"
"3/6/2026","Day shift","High Volume","095293301","C1-38","No Funtion","1","0.10%","Motor connector and PCBA pins are misaligned.","291827001-04","TOPBAN","103.png","Feedback to SQE team for improving","3/7/2026","Closed","SQE","Material issue","Motor","Le Hong Phong (VN.RYOBI-PIE)"
"3/6/2026","Day shift","High Mix","030425002","C2-055","Product cannot shoot the nail","1","0.40%","The plunger cap has missing hole air, NG appearance."," 684108002","BTR METAL (VIET NAM) COMPANY LIMITED","Screenshot 2026-03-06 171842.png","Single case, just record and continue follow up","3/6/2026","Closed","SQE","Material issue","Metal","Nguyen Si Phu (VN.RYOBI-PIE)"
"3/6/2026","Day shift","High Volume","095293301","C1-38","No funtion","1","0.10%","The wire broke during assembly.","NA","NA","104.png","Retraining workers in wire assembly skills.","3/7/2026","Closed","Prod","Man issue","N/A","Le Hong Phong (VN.RYOBI-PIE)"
"3/6/2026","Night shift","High Volume","96607002","C1-22","The engine is not operating","1","0.50%","The operator bent the switch terminal during insertion","N/A","N/A","13.jpg","The leader has retrained the operator","3/6/2026","Closed","Prod","Man issue","N/A","Nguyen Phu Quoc (VN.RYOBI-PIE)"
"3/6/2026","Night shift","High Mix","030289005","C2-032","The gear slipped out of the pressed position.","1","1.60%","The output shaft failed at Dim #7 (Spec: 14 mm +0.09 / +0.08; Actual: 13.98 mm).","621331007","WEIDA","Screenshot 2026-03-07 061414.png","Request SQE to coordinate with the supplier to investigate the root cause and implement corrective actions to ensure the dimension meets specification.","3/6/2026","Closed","SQE","Material issue","Metal","Ha Thanh Dien (VN.RYOBI-PIE)"
"3/6/2026","Night shift","High Mix","011443002","C2-010","The tool is malfunctioning.","1","0.20%","The operator installed the magnet with the wrong polarity.","N/A","N/A","2026-03-07 062311.jpg","Retrain the operator to follow the WI and check the magnet polarity before installation.","3/6/2026","Closed","Prod","Man issue","N/A","Tran Quoc Kiet (VN.RYOBI-PIE)"
"3/6/2026","Night shift","High Mix","011342006","C2-052","The tool cannot lock the blade.","2","0.40%","The operator installed the material in the wrong orientation before stamping","N/A","N/A","2026-03-07 063514.jpg","Retrain the operator to follow the WI and check the correct orientation of the material before stamping.","3/6/2026","Closed","Prod","Man issue","N/A","Tran Quoc Kiet (VN.RYOBI-PIE)"
"3/6/2026","Night shift","High Mix","011117002","C2-003","Appearance NG resulting from mixed/wrong material in the original raw-material box.","54","10.80%","Incoming raw material nonconformance for P/N 316716001/316717001: correct external labeling, but internal material does not match the drawing specification.","316716001/316717001","MING SHING (HONG KONG) COMPANY LIMITED","2026-03-06 117.jpg","Feed back to SQE team for improving","3/6/2026","Closed","SQE","Material issue","Plastic","Tran Minh Kha (VN.RYOBI-PIE)"
"3/6/2026","Night shift","High Mix","095403302","C2-023","The tool is malfunctioning.","1","0.50%","The operator accidentally cut the motor coil wire during operation.","N/A","N/A","2026-03-06 403.jpg","Retrain the operator to perform the fastening operation according to the WI.","3/6/2026","Closed","Prod","Man issue","N/A","Tran Minh Kha (VN.RYOBI-PIE)"
"3/6/2026","Night shift","High Mix","011342006","C2-052","The tool is NG in the functional test.","2","2.00%","The operator stamped the wrong position for the saw blade holder.","N/A","N/A","2026-03-07 064445.jpg","Retrain the operator to follow the WI and check the correct orientation of the saw blade holder before stamping.","3/6/2026","Closed","Prod","Man issue","N/A","Tran Quoc Kiet (VN.RYOBI-PIE)"
"3/6/2026","Night shift","High Volume","096899301","C1-24","The cutting blade exceeded its travel limit.","9","3.00%","The limit switch was installed in the wrong orientation.","N/A","N/A","899_24_1.jpg","Feedback to production supervisors and leader for improvement.","3/6/2026","Closed","Prod","Man issue","N/A","Tran Duy Quat (VN.RYOBI-PIE)"
"3/6/2026","Night shift","High Volume","011159011","C1-57","The product has high current.","1","0.10%","The rotor was assembled into the stator at an angle.","N/A","N/A","159_57_1.jpg","Feedback to production supervisors and leader for improvement.","3/6/2026","Closed","Prod","Man issue","N/A","Tran Duy Quat (VN.RYOBI-PIE)"
"3/6/2026","Night shift","High Mix","095709002","C2-021","Surface scratch defect caused by contact inside the original raw-material box.","46","18.40%","Material NG for P/N 205024001 due to scratch originating from inside the original raw‑material box.","205024001 ","ZHEJIANG YINGKE INDUSTRY AND TRADE CO., LTD","2026-03-06 709.jpg","Feed back to SQE team for improving","3/6/2026","Closed","SQE","Material issue","Metal","Tran Minh Kha (VN.RYOBI-PIE)"
"3/6/2026","Night shift","High Volume","096899301","C1-24","The product is not working.","2","1.00%","The limit switch was improperly assembled, causing it to pop out and lose the button’s spring elasticity.”","N/A","N/A","899_24_2.jpg","Feedback to production supervisors and leader for improvement.","3/6/2026","Closed","Prod","Man issue","N/A","Tran Duy Quat (VN.RYOBI-PIE)"
"3/6/2026","Night shift","High Mix","096863001","C2-047","Labeling is correct; however, the internal material does not match the specified item.","24","0.50%","Incoming raw material nonconformance for P/N 316712004: the external carton label shows the correct part, but the internal material does not match the required item (appearance defect: PLASTIC, 6'' WHEEL ASS'Y \ GARKGREY 8004).","316712004","ZHEJIANG YINGKE INDUSTRY AND TRADE CO., LTD","2026-03-06 831.jpg","Feed back to SQE team for improving","3/6/2026","Closed","SQE","Material issue","Plastic","Mai Chieu Linh (VN.RYOBI-PIE)"
"3/5/2026","Day shift","High Mix","130690052","C2-096","The battery has gap after assembly","6","0.60%","The plastic parts have molding defect","311454020","GOOD MARK","Screenshot 2026-03-05 101241.jpg","Check and separate the materials on the line. Ask the SQE to work with the supplier for improvement","3/6/2026","Closed","SQE","Material issue","Plastic","Dong Dinh Chanh (VN.RYOBI-PIE)"
"3/5/2026","Day shift","High Mix","011060023","C2-001","Tool can run but no light led","2","0.06%","The LED wire does not fit into the housing groove, causing the wire to get pinched.","N/A","N/A","Screenshot 2026-03-05 141224.jpg","Retrain the operator to follow the WI","3/5/2026","Closed","Prod","Man issue","N/A","Le Song Toan (VN.RYOBI-PIE)"
"3/5/2026","Day shift","High Volume","095632301","C1-38","Can not assembly the ring gear into the gear box","72","19.00%","The gear box part failed at dimension 65","541588003-05","Chaojun","truong62.jpg","Feed back to SQE team for improving","3/6/2026","Keep monitoring","SQE","Material issue","Plastic","Kien Minh Truong (VN.RYOBI-PIE)"
"3/5/2026","Day shift","High Volume","011159011","C1-057","The speed adjustment switch is stuck ","1","0.17%","The switch do not have step => When adjusting is stuck with PCB","282160112-03","Longood","truong63.jpg","Feed back to SQE team for improving","3/6/2026","Closed","SQE","Material issue","PCBA","Kien Minh Truong (VN.RYOBI-PIE)"
"3/5/2026","Day shift","High Mix","011396013","C2-027","Tool can not run","1","0.10%","PCBA soldered to the wrong motor pin.","N/A","N/A","Screenshot 2026-03-05 161255.jpg","Re train the operator to follow the WI","3/5/2026","Closed","Prod","Man issue","N/A","Luu Hoang Nhan (VN.RYOBI-PIE)"
"3/5/2026","Day shift","High Mix","0967270022","C2-025","Tool can not run","3","0.65%","Operator inserted the switch incorrectly, causing bent pins.","N/A","N/A","Screenshot 2026-03-05 162103.jpg","Retrain the operator to follow the WI","3/5/2026","Closed","Prod","Man issue","N/A","Nguyen Minh Hieu (VN.RYOBI-PIE)"
"3/5/2026","Day shift","High Mix","011393001","C2-011","Tool test failed the function test.","4","0.20%","LED position moved backward, so the tester cannot detect enough brightness","N/A","N/A","Screenshot 2026-03-05 165258.jpg","Retrain the operator to follow the wi","3/5/2026","Closed","Prod","Machine issue","N/A","Nguyen Minh Hieu (VN.RYOBI-PIE)"
"3/5/2026","Day shift","High Volume","096560101","C1-42","The tool run with abnormal noise","1","0.20%","The gear is broken","616589001-04","JINDING","truong64.jpg","Feed back to SQE team for improving","3/6/2026","Closed","SQE","Material issue","Metal","Kien Minh Truong (VN.RYOBI-PIE)"
"3/5/2026","Day shift","High Volume","096560101","C1-42","The screws have been tightened but not fully screwed in","1","0.17%","The length of thread is short than 3D drawing","554746001-04","HK DESHENG","truong65.jpg","Feed back to SQE team for improving","3/6/2026","Closed","SQE","Material issue","Metal","Kien Minh Truong (VN.RYOBI-PIE)"
"3/5/2026","Day shift","EEC","130690053","C2-096","The battery failed function in EOL testing process","2","0.10%","PCBA is damaged on PCBA soldering process => shorted 3.3V to GND that burnt fuse protect PCBA.","N/A","N/A","Screenshot 2026-03-05 171545.png","Inform PM technician to check and adjust machine","3/5/2026","Closed","PM","Machine issue","PCBA","Nguyen Si Phu (VN.RYOBI-PIE)"
"3/5/2026","Day shift","High Mix","159356004","C2-028","Tool has the abnormal noise, fail jam test","1","0.02%","Incorrect gear assembly","N/A","N/A","Screenshot 2026-03-05 1755271.jpg","Retrain the operator to follow the WI, clear WIp","3/12/2026","Closed","Prod","Man issue","N/A","Le Song Toan (VN.RYOBI-PIE)"
"3/5/2026","Day shift","EEC","130597100","C2-121","Fail in Performance testing process, Failure mode #12.","2","0.30%","The NTC wire hasn't been fixed then stuck inside stamping at #VT3 position => shorted #VT3 (11v+) to NTC wire that burnt circuit trace, damaged PCBA","N/A","N/A","Screenshot 2026-03-05 182337.png","Scrap, inform to line leader retrain the operator at this station.","3/5/2026","Closed","Prod","Man issue","N/A","Nguyen Si Phu (VN.RYOBI-PIE)"
"3/5/2026","Day shift","High Mix","030425002","C2-055","Product has air leakage","2","0.40%","Workmanship issue: Missing rubber ring during assembly  at the station A01.3","N/A","N/A","Screenshot 2026-03-05 183147.png","Line leader remind the operator and improve 5S, arrange WIP and keep small part carefully","3/5/2026","Closed","Prod","Man issue","N/A","Nguyen Si Phu (VN.RYOBI-PIE)"
"3/5/2026","Day shift","High Volume","095712002","C1-34","The housings cracked white after the screws shooting","6","1.00%","The housings has excess plastic.","532004004-05 532005003-04","Ming Shing","truong66.jpg","Feed back to SQE team for improving","3/6/2026","Closed","SQE","Material issue","Plastic","Kien Minh Truong (VN.RYOBI-PIE)"
"3/5/2026","Night shift","High Volume","011159011","C1-57","THe engine is not operating","1","0.50%","The operator missed the PCBA soldering process","N/A","N/A","Image - 2026-03-06T021214.129.jpg","Leader has retrained the operator","3/5/2026","Closed","Prod","Man issue","N/A","Nguyen Phu Quoc (VN.RYOBI-PIE)"
"3/5/2026","Night shift","High Volume","096878001","C1-40","The engine is not operating","10","5.00%","Due to the operator leaving one extra washer","N/A","N/A","Image16.jpg","Leader has retrained the operator","3/5/2026","Closed","Prod","Man issue","N/A","Nguyen Phu Quoc (VN.RYOBI-PIE)"
"3/5/2026","Night shift","High Mix","011443002","C2-030","The tool cannot operate.","2","0.40%","The operator did not fully insert the connector.","N/A","N/A","2026-03-06 060750.jpg","Retrain the operator to follow the WI. Check the connector before dispensing adhesive.","3/5/2026","Closed","Prod","Man issue","N/A","Tran Quoc Kiet (VN.RYOBI-PIE)"
"3/5/2026","Night shift","High Mix","095875304"," C2-051","Appearance defect: black spots found on the blade assembly.","4","1.00%","Incoming material NG 315354007 (appearance defect: black stain marks on the blade assembly).","315354007 ","CONG TY TNHH SAN XUAT NGU KIM TENGDA","2026-03-05 875.jpg"," Check and separate the materials on the line. Ask the SQE to work with the supplier for improvement","3/5/2026","Closed","SQE","Material issue","Metal","Tran Minh Kha (VN.RYOBI-PIE)"
"3/5/2026","Night shift","High Volume","096607002","C1-22"," The product cannot upload the firmware.","2","0.10%"," Soldering wire wrong position on the battery foot","N/A","N/A","607_@2_1.jpg","Feedback to production supervisors and leader for improvement.","3/5/2026","Closed","Prod","Man issue","N/A","Tran Duy Quat (VN.RYOBI-PIE)"
"3/5/2026","Night shift","High Mix","011229004","C2-057","Appearance defect: the plastic casing is partially open.","83","10.00%","Incoming materials 543596001 / 543597001 are classified as NG due to appearance defects: overmold delamination/peel‑off.","543596001 / 543597001","GOOD VIEW ASIA MANUFACTURING COMPANY LIMITED","2026-03-05 229.jpg"," Check and separate the materials on the line. Ask the SQE to work with the supplier for improvement","3/5/2026","Closed","SQE","Material issue","Plastic","Tran Minh Kha (VN.RYOBI-PIE)"
"3/5/2026","Night shift","High Volume","096003001DG9","C1-05","The PCBA LED does not light up; it only turns on when the start trigger is activated.","2","0.10%","The PCBA LED is NG because of diode D101 failure.","281169036","DS","003_05_1.jpg"," Feedback to SQE for improvement","3/5/2026","Closed","SQE","Material issue","PCBA","Tran Duy Quat (VN.RYOBI-PIE)"
"3/5/2026","Night shift","High Mix","011031035","C2-029","The motor shaft is deformed.","2","0.40%","The operator did not align the motor with the gear properly during the press‑fitting process.","N/A","N/A","2026-03-06 064104.jpg","Re-train the operator to ensure the product is properly fitted with the fixture before pressing the start button on the machine.","3/5/2026","Closed","Prod","Man issue","N/A","Tran Quoc Kiet (VN.RYOBI-PIE)"
"3/5/2026","Day shift","High Mix","011396013","C2-027","Tool no run and no LED","1","0.20%","Tin of soldering wire drop on PCBA => Shorted signal => Tool no run.","N/A","N/A","2026-03-05 1.jpg","Re-training operator, request double check after move WIP to next step. Maintain 5S at solder station.","3/5/2026","Closed","Prod","Man issue","N/A","Hoang Dinh Trung (VN.RYOBI-PIE)"
"3/4/2026","Day shift","High Mix","096727028","C2-023","The screw on the grass guard was not fully tightened","20","4.30%","Incoming material has plastic overflow in the screw threads.","544415001/544416001","Ming Shing","Screenshot 2026-03-04 120423.jpg","Respond SQE to call supplier for sorting housing ok and improve this case don't repeat the next job","3/4/2026","Closed","SQE","Material issue","Plastic","Le Song Toan (VN.RYOBI-PIE)"
"3/4/2026","Day shift","High Mix","096631302","C2-043","The blade guard detached after assembly","5","0.87%","The material failed the pull force test (20–90N)","535532005","Kim Diệp","Screenshot 2026-03-04 1215241.jpg","Respond SQE to call supplier for sorting housing ok and improve","3/4/2026","Closed","SQE","Material issue","Plastic","Nguyen Minh Hieu (VN.RYOBI-PIE)"
"3/4/2026","Day shift","EEC","130597198","C2-084","The Power Tower is broken","1","0.10%","The soldering machine was operating unstably, causing the Power Tower to collide with the tip of the automatic soldering machine.","N/A","N/A","issue pin group.jpg","Asked the PM to adjust the machine, then monitored an additional 30 pcs with no further issues observed.","3/6/2026","Closed","PM","Machine issue","PCBA","Dong Dinh Chanh (VN.RYOBI-PIE)"
"3/4/2026","Day shift","EEC","130597401","C2-085","Fail in FGs testing process, Failure mode #3 T2 voltage.","1","0.10%","The resistor R39  is cracked on the body.","280109546","TOP-TEK TECHNOLOGY (VIETNAM) COMPANY LIMITED","Screenshot 2026-03-04 162143.png","Single case, spot check the incoming then continue follow up the process.","3/4/2026","Closed","SQE","Material issue","PCBA","Nguyen Si Phu (VN.RYOBI-PIE)"
"3/4/2026","Day shift","High Volume","095606204","C1-01","Scratch tube","5","3.00%","Burr and deform which fail #5-> Repeat issue","531893002","Toan Thai Hung","image (5)3.png","SQE/Supplier sort","3/11/2026","Closed","SQE","Material issue","Plastic","Le Hong Phong (VN.RYOBI-PIE)"
"3/4/2026","Day shift","High Mix","030425002","C2-053","The Tool cannot shoot the nail","3","0.60%","The nail driver blade is stuck during assembly","N/A","N/A","Nailer.jpg","Repair, inform to line leader remind the operator follow up WI closely","3/4/2026","Closed","Prod","Man issue","N/A","Nguyen Si Phu (VN.RYOBI-PIE)"
"3/4/2026","Day shift","High Volume","011410009","C1-47","Bit head can not rebound","10","2.00%","317672001 have sub-assembly component 623600001 fail travel spec","317672001","TTI PRC","image (12)1.jpg","Sort","3/11/2026","Keep monitoring","PIE","Material issue","Metal","Le Hong Phong (VN.RYOBI-PIE)"
"3/4/2026","Day shift","High Volume","011410009","C1-47","Motor stuck","6","1.00%","Glue interfere with rotor","742671003","Rotong VN","image (13).jpg","Sort","3/11/2026","Closed","SQE","Material issue","Motor","Le Hong Phong (VN.RYOBI-PIE)"
"3/4/2026","Day shift","High Mix","095450101","C2-041","The battery box cover is loose","30","46.00%","“The battery box cover is NG due to spec (148.88-149.08) Act(149.76)","541707004","YUDA ĐẠI HÙNG","Screenshot 2026-03-04 450.jpg","SQE should improve incoming quality inspection.","3/4/2026","Closed","SQE","Material issue","Plastic","Luu Hoang Nhan (VN.RYOBI-PIE)"
"3/4/2026","Night shift","High Mix","030345003","C2-013","The O-ring slipped out of position, became twisted, and deformed after the C-clip was pressed.","195","13.50%","The part was missing the groove","642492001","JINGJIANG SHUNDA","Screenshot 2026-03-05 042730.png","SQE arranged sorting to resume production line and work with supplier for the improvement","3/11/2026","Keep monitoring","SQE","Material issue","Metal","Ha Thanh Dien (VN.RYOBI-PIE)"
"3/4/2026","Night shift","High Mix","030369004","C2-012","The Tool not working","3","3.60%","The switch was soldered to the wrong pin, not follow the Work Instruction (WI)","N/A","N/A","2026-03-05_04h19_08.png","Line leader retrain step C08 for Operator","3/4/2026","Closed","Prod","Man issue","N/A","Nguyen Ngoc Dinh (VN.RYOBI-PIE)"
"3/4/2026","Night shift","High Mix","011399002","C2-011","The tool cannot operate.","1","0.20%","The operator missed soldering one motor terminal.","N/A","N/A","2026-03-05 055047.jpg","Retrain the operator to follow the Work Instruction (WI) and inspect the solder joints before assembly.","3/4/2026","Closed","Prod","Man issue","N/A","Tran Quoc Kiet (VN.RYOBI-PIE)"
"3/4/2026","Night shift","High Mix","096727028","C2-025","The tool cannot operate.","1","0.20%","The wire was not routed in the groove per WI and entered the screw fastening hole.","N/A","N/A","2026-03-05 060221.jpg","Retrain the operator to follow the Work Instruction (WI) and recheck before assembly.","3/4/2026","Closed","Prod","Man issue","N/A","Tran Quoc Kiet (VN.RYOBI-PIE)"
"3/4/2026","Night shift","High Mix","096727028"," C2-023","The tool works, but the high‑speed current is low.","2","0.50%","The operator plugged in the connector incorrectly, causing the pins to be misaligned.","N/A","N/A","2026-03-04 727.jpg","Retrain the operator’s procedure according to the Work Instruction (WI).","3/4/2026","Closed","Prod","Man issue","N/A","Tran Minh Kha (VN.RYOBI-PIE)"
"3/4/2026","Night shift","High Mix","096727028","C2-026","The tool operates, but the indicator light does not turn on.","2","0.40%","The operator routed the wire in the wrong position, causing the wire to break.","N/A","N/A","2026-03-05 061408.jpg","The operator was retrained to comply with the WI and to inspect the wire before assembly.","3/4/2026","Closed","Prod","Man issue","N/A","Tran Quoc Kiet (VN.RYOBI-PIE)"
"3/4/2026","Night shift","High Mix","095248012","C2-021","The operator noticed the missing material before assembly.","2","0.50%","Incoming material is NG: P/N 319129001 {318641001 — the supplier assembled it missing the SPRING 65Mn (Wire OD ⌀0.6 mm / Zinc plated).","319129001","JINHUA SKY TALENT POWER TOOLS Co.,LTD","2026-03-04 248.jpg","Respond SQE to call supplier for sorting housing ok and improve this case don't repeat the next job","3/4/2026","Closed","SQE","Material issue","Metal","Tran Minh Kha (VN.RYOBI-PIE)"
"3/4/2026","Night shift","High Mix","096727028","C2-025","The tool cannot operate.","2","0.40%","The operator bent the switch terminal during insertion.","N/A","N/A","2026-03-05 062428.jpg","Retrain the operator to follow the Work Instruction (WI) and inspect before installation.","3/4/2026","Closed","Prod","Man issue","N/A","Tran Minh Kha (VN.RYOBI-PIE)"
"3/4/2026","Night shift","High Mix","011970450","C2-029","The tool operates, but the LED light does not turn on.","2","0.40%","The operator routed the wire in the wrong position, causing the wire to break.","N/A","N/A","2026-03-05 063426.jpg","Retrain the operator to ensure compliance with the Work Instruction (WI) and inspect the wire before assembly.","3/4/2026","Closed","Prod","Man issue","N/A","Tran Quoc Kiet (VN.RYOBI-PIE)"
"3/4/2026","Night shift","High Volume","096893005","C1-03","The bearing pressed into the die casting is loose.","10","1.00%","The gear box out of dimension 14","643676002","Dongguan Tianyao","893_03_1.jpg","Feedback to SQE for improvement","3/4/2026","Closed","SQE","Material issue","Metal","Tran Duy Quat (VN.RYOBI-PIE)"
"3/4/2026","Night shift","High Volume","095731101","C1-40","Press the brake but the engine still keeps running","6","3.00%","Operator error: switch installed backwards","N/A","N/A","Image - 2026-03-05T065450.3311.jpg","Remind Leader and retrain for OP","3/4/2026","Closed","Prod","Man issue","N/A","Nguyen Phu Quoc (VN.RYOBI-PIE)"
"3/4/2026","Night shift","High Volume","096560101","C1-42","The shaft end does not fit the die‑cast part.","2","0.10%","The output shaft out of dimension 15","623769001","Bach Tung","560_42_3.jpg","Feedback to SQE for improvement","3/4/2026","Closed","SQE","Material issue","Metal","Tran Duy Quat (VN.RYOBI-PIE)"
"3/4/2026","Day shift","High Mix","010955028","C2-031","Tool cannot run","1","0.20%","Motor signal wire broken after assembling the housing","N/A","N/A","Screenshot 2026-03-05 164022.jpg","Retrain the operator to follow the WI","3/5/2026","Closed","Prod","Man issue","N/A","Luu Hoang Nhan (VN.RYOBI-PIE)"
"3/3/2026","Day shift","High Volume","096561102","C1-24","can't upload firmware","1","0.20%","The black signal wire is broken internally.","292791001-01","Unisafety ","101.png","Feedback to SQE for improvement","3/4/2026","Closed","SQE","Material issue","N/A","Le Hong Phong (VN.RYOBI-PIE)"
"3/3/2026","Night shift","High Mix","011268017","C2-004","Diecasting broken","1","0.10%","The steel ball drop inside gearbox","N/A","N/A","2026-03-03 1.jpg","Training operator, request operator careful check WIP after precess next assembly process","3/3/2026","Closed","Prod","Man issue","N/A","Mai Chieu Linh (VN.RYOBI-PIE)"
"3/3/2026","Night shift","High Mix","011093008","C2-009","Tool no run","2","0.40%","Motor stuck due to operator put motor into fixture not alighment -> Damage shaft and cause stuck","N/A","N/A","2026-03-03 3.jpg","Re-training operator, request operator careful check before active the pressing machine","3/3/2026","Closed","Prod","Man issue","N/A","Mai Chieu Linh (VN.RYOBI-PIE)"
"3/3/2026","Day shift","High Volume","096893005","C1-27","The metal tube after stamping can not assembly into the gear box","17","100.00%","The 1st of root cause: The stamping dimension is failed compare to WI","N/A","N/A","truong59.jpg","Feed back to ME team to fix this issues","3/4/2026","Closed","PM","Machine issue","Metal","Kien Minh Truong (VN.RYOBI-PIE)"
"3/3/2026","Day shift","High Volume","096893005","C1-27","The metal tube after stamping can not assembly into the gear box","1","20.00%","The 2nd of root cause:: Sorting from incoming material to measure, defect ratio is 1/5=20%, it's failed at dimension 22 and note 4","698577001-02","Zhiao ","truong60.jpg","Feedback to SQE for improvement","3/4/2026","Keep monitoring","SQE","Material issue","Metal","Kien Minh Truong (VN.RYOBI-PIE)"
"3/3/2026","Day shift","High Volume","096893005","C1-27","The metal tube after stamping can not assembly into the gear box","1","16.67%","The 3rd of root cause: Sorting from incoming material to measure, defect ratio is 1/6=16.67%, it's failed at dimension 6","308210009-12","Advance Innovation","truong61.jpg","Feedback to SQE for improvement","3/3/2026","Keep monitoring","SQE","Material issue","Metal","Kien Minh Truong (VN.RYOBI-PIE)"
"3/3/2026","Day shift","EEC","130858001DG9","C2-114","The battery pack had a burnt cell strap at the spot welding machine.","1","0.10%","Due to misalignment of the spot welding machine during operation.","N/A","N/A","6138605935530806887_121.jpg","Scrap, inform to line leader contact PM check machine","3/3/2026","Closed","PM","Machine issue","N/A","Nguyen Si Phu (VN.RYOBI-PIE)"
"3/3/2026","Day shift","High Mix","030247012","C2-013","Unable to fasten the screw","1","0.10%","The bearing cup haven't thread on the screw hole","641587003","VIET NAM HAI THAO MACHINERY COMPANY LIMITED","Screenshot 2026-03-03 155055.png","CD 9330, informed to SQE contact suplier to improve this part to prevent this issue","3/3/2026","Closed","SQE","Material issue","Metal","Nguyen Si Phu (VN.RYOBI-PIE)"
"3/3/2026","Day shift","High Mix","030383007","C2-055","The product has air leakage","5","0.60%","Workmanship issue: The cylinder tube is misaligned position at the C17 station","N/A","N/A","Screenshot 2026-03-03 161249.png","inform to line leader retrain the operator and improve 5S on the table","3/3/2026","Closed","Prod","Man issue","N/A","Nguyen Si Phu (VN.RYOBI-PIE)"
"3/3/2026","Day shift","High Volume","095633308","C1-26","No funtion","1","0.10%","Switch NG: stuck trigger","292250001-01","HUAJIAN ","102.png","Inform SQE to get improvement","3/4/2026","Closed","SQE","Material issue","Switch","Le Hong Phong (VN.RYOBI-PIE)"
"3/3/2026","Day shift","High Mix","0113080002","C2-014","The tool operates intermittently","2","0.15%","The operator pressed in the wrong direction, pushing into the die-casting","N/A","N/A","Screenshot 2026-03-03 180140.jpg","Retrain the operator to follow the WI","3/3/2026","Closed","Prod","Man issue","N/A","Luu Hoang Nhan (VN.RYOBI-PIE)"
"3/3/2026","Night shift","High Mix","011492004","C2-007","At Station 5 – Step M02, the motor was pressed without the locator piece","3","0.35%","Operator error due to insufficient familiarity with the procedure.","N/A","N/A","Screenshot 2026-03-03 181818.jpg","Retrain the operator to follow the wi","3/3/2026","Closed","Prod","Man issue","N/A","Luu Hoang Nhan (VN.RYOBI-PIE)"
"3/3/2026","Day shift","High Mix","062113022","C2-171","Tool cannot the laser led","2","0.05%","Operator error during housing assembly caused the power wire to break","N/A","N/A","Screenshot 2026-03-03 184242.jpg","Retrain the operator to follow the WI","3/3/2026","Closed","Prod","Man issue","N/A","Le Song Toan (VN.RYOBI-PIE)"
"3/3/2026","Day shift","High Mix","011393001","C2-031","Tool cannot run","2","0.10%","Operator error: reversed power polarity caused diode burnout.","N/A","N/A","Screenshot 2026-03-03 185130.jpg","Retrain the operator to follow the WI","3/3/2026","Closed","Prod","Man issue","N/A","Le Song Toan (VN.RYOBI-PIE)"
"3/3/2026","Night shift","High Volume","096712024","C1-32","Stamping dimension failure (spec 2.0mm~4.5mm)","10","5.00%","The cause is that the ME stamping machine did not meet the required dimensions","N/A","N/A","Image - 2026-03-04T055725.987.jpg","ME changed to a different stamping machine","3/3/2026","Closed","PM","Machine issue","N/A","Nguyen Phu Quoc (VN.RYOBI-PIE)"
"3/3/2026","Night shift","High Mix","109686030","C2-003","The tool indicator light is not on.","2","0.40%","The wire was pinched and broken during the wiring process.","N/A","N/A","2026-03-04 061937.jpg","Retrain operators to follow the WI and recheck after assembly .","3/3/2026","Closed","Prod","Man issue","N/A","Tran Quoc Kiet (VN.RYOBI-PIE)"
"3/3/2026","Night shift","High Volume","096607002","C1-24","The motor bracket mounting screw is too high","1","0.10%","The screw was fastened at an angle.","N/A","N/A","607_24_1.jpg","Feedback to production supervisors and leader for improvement.","3/3/2026","Closed","Prod","Man issue","N/A","Tran Duy Quat (VN.RYOBI-PIE)"
"3/3/2026","Night shift","High Mix","095364312","C2-047","The tool does not operate at sufficient power.","1","0.20%","Operator installed the battery terminal in the wrong position.","N/A","N/A","2026-03-04 063745.jpg","Retrain the operator to ensure compliance with the Work Instruction (WI) and correct installation of the battery terminal.","3/3/2026","Closed","Prod","Man issue","N/A","Tran Quoc Kiet (VN.RYOBI-PIE)"
"3/3/2026","Night shift","High Volume","096607002","C1-24","The output shaft cracked after the impact.","4","1.00%","Foreign material inside the output shaft hole.","620983004","Pu Zhou","607_24_2.jpg","Feedback to SQE for improvement","3/3/2026","Closed","SQE","Material issue","Metal","Tran Duy Quat (VN.RYOBI-PIE)"
"3/3/2026","Night shift","High Volume","096764001DG9","C1-31","The control LED operates intermittently","1","0.10%","The LED PCBA has insufficient solder.","281335132","DS","764_31_1.jpg","Feedback to SQE for improvement","3/3/2026","Closed","SQE","Material issue","PCBA","Tran Duy Quat (VN.RYOBI-PIE)"
"3/3/2026","Night shift","High Mix","095364312","C2-047","The tool operates intermittently.","1","0.20%","The tool operates intermittently.","N/A","N/A","2026-03-04 070433.jpg","Retrain the operator to ensure compliance with the Work Instruction (WI). Strictly inspect the connector before assembly.","3/3/2026","Closed","Prod","Man issue","N/A","Tran Minh Kha (VN.RYOBI-PIE)"
"3/3/2026","Night shift","High Mix","062113022","C2-172","The tool does not light up.","4","1.00%","Caused by the operator threading the wire sheath through the wrong side of the PCBA, resulting in a false solder joint.","N/A","N/A","2026-03-03 113.jpg","Instruct the operator to perform the soldering correctly according to the WI.","3/3/2026","Closed","Prod","Man issue","N/A","Tran Minh Kha (VN.RYOBI-PIE)"
"3/3/2026","Night shift","High Mix","011328002","C2-010","The tool does not operate.","1","2.00%","Improper wire routing resulted in a broken wire.","N/A","N/A","2026-03-04 072313.jpg","Retrain the operator to follow the Work Instruction (WI) correctly and inspect after the wire routing process.","3/3/2026","Closed","Prod","Man issue","N/A","Tran Quoc Kiet (VN.RYOBI-PIE)"
"3/2/2026","Day shift","High Mix","011238019","C2-030","Tool can not run","2","0.06%","Missing solder joint between motor pin and PCBA","N/A","N/A","Screenshot 2026-03-02 101606.jpg","Retrain the operator to follow the WI. Request operator checking careful 3 soldering points before move WIP to next station.","3/2/2026","Closed","Prod","Man issue","N/A","Luu Hoang Nhan (VN.RYOBI-PIE)"
"3/2/2026","Day shift","High Mix","011153015","C2-003","Station 1, Step M01: Part number was not stamped on the motor shaft.","2","0.10%","New operator error due to lack of familiarity with the work process, Wip 5s","N/A","N/A","Screenshot 2026-03-02 113631.jpg","Retrain the operator to follow the WI. Request operator checking careful before press the active button of pressing machine.","3/2/2026","Closed","Prod","Man issue","N/A","Le Song Toan (VN.RYOBI-PIE)"
"3/2/2026","Day shift","High Mix","109686030","C2-008","The tool is functioning, but the speed cannot be changed.","3","0.20%","Cable not inserted into the housing groove caused wire damage.","N/A","N/A","Screenshot 2026-03-02 114553.jpg","Re-traning operator. Request operator checking WIP before move to next station.","3/2/2026","Closed","Prod","Man issue","N/A","Luu Hoang Nhan (VN.RYOBI-PIE)"
"3/2/2026","Day shift","High Mix","095248012","C2-047","Tool cannot run","5","0.37%","PCBA broken the commponents after assembing ","N/A","N/A","Screenshot 2026-03-02 115529.jpg","Retrain the operator to follow the WI, careful when wirring to prevent the wiring tool touch with component on PCB.","3/2/2026","Closed","Prod","Man issue","N/A","Le Song Toan (VN.RYOBI-PIE)"
"3/2/2026","Day shift","High Volume","011420003","C1-53","Can't assemble the bearing into the daicasting","9","1.00%","Part ''DIECASTING'' fail dim 18, spec 26-26.021mm, Actual: 25.685 mm","647398001-02","Jingjang","99.png","Feed back to SQE team to work with supplier to improve this case","3/3/2026","Closed","SQE","Material issue","Metal","Le Hong Phong (VN.RYOBI-PIE)"
"3/2/2026","Day shift","High Volume","095394309","C1-38","Repeat issue: stuck trigger","6","1.00%","Part TRIGGER Deform, fail dim 4: spec 216.86-217.26mm,  Actual: 221mm","534533001-03","YUDA","100.png","Respond SQE to call supplier for sorting part ok and send 8D report","3/3/2026","Closed","SQE","Material issue","Plastic","Le Hong Phong (VN.RYOBI-PIE)"
"3/2/2026","Night shift","High Mix","030227005","C2-033","The cast shaft does not fit through the hole.","3","5.00%","Material issue NG: Dimension #1 specification is 8.6 mm +0.02, actual measurement is 7.96 mm.","671991002","WEIDA","Screenshot 2026-03-03 031320.png","SQE to monitor supplier improvement status and verify the effectiveness of corrective actions.","3/2/2026","Closed","SQE","Material issue","Metal","Ha Thanh Dien (VN.RYOBI-PIE)"
"3/2/2026","Night shift","High Mix","095248012","C2-047","The tool cannot operate","1","0.20%","During screw fastening, the operator drove the screw at an angle, causing the PCB to crack.","N/A","N/A","2026-03-03 060155.jpg","Operators were retrained to comply with the Work Instruction (WI), and products are rechecked after assembly.","3/2/2026","Closed","Prod","Man issue","N/A","Tran Quoc Kiet (VN.RYOBI-PIE)"
"3/2/2026","Night shift","High Volume","096560101","C1-42","The Output shaft end is too large and does not fit into the fixture.","1","1.00%","The output shaft out of dimension 15","623769001","Bach Tung","560_42_1.jpg","Feedback to SQE for improvement","3/2/2026","Closed","SQE","Material issue","Metal","Tran Duy Quat (VN.RYOBI-PIE)"
"3/2/2026","Night shift","High Volume","096560101","C1-42","The output shaft with the pressed gear has slipped out.","10","1.00%","The output shaft out of dimension 16","623769001","Bach Tung","560_42_2.jpg","Feedback to SQE for improvement","3/2/2026","Closed","SQE","Material issue","Metal","Tran Duy Quat (VN.RYOBI-PIE)"
"3/2/2026","Night shift","High Mix","095248012","C2-047","The tool lights up but does not operate.","4","1.00%","Broken component on the PCBA.","N/A","N/A","2026-03-02 248.jpg","Retrain the operator to follow the WI correctly.","3/2/2026","Closed","Prod","Man issue","N/A","Tran Minh Kha (VN.RYOBI-PIE)"
"3/2/2026","Night shift","High Mix","011308002"," C2-014","The tool beeps continuously with 3 light flashes.","3","0.50%","A fractured component on the PCBA.","N/A","N/A","2026-03-02 308.jpg","Instruct the operator again to perform the WI steps correctly.","3/2/2026","Closed","Prod","Man issue","N/A","Tran Minh Kha (VN.RYOBI-PIE)"
"3/2/2026","Night shift","High Mix","011339002","C2-011","The lock button cannot be pressed.”","5","1.00%","The operator temporarily assembled the parts in the wrong position.","N/A","N/A","2026-03-02 339.jpg","Reinstruct the operator at the assembly station to fit the parts into the groove according to the WI.","3/2/2026","Closed","SQE","Man issue","N/A","Tran Minh Kha (VN.RYOBI-PIE)"
"3/2/2026","Night shift","High Mix","011339002","C2-011","The tool has a short circuit.","1","0.20%","Operator placed the component in the wrong position, causing electrical leakage to the housing.","N/A","N/A","2026-03-03 075639.jpg","Retrain operators to follow the WI and recheck after assembly .","3/2/2026","Closed","Prod","Man issue","N/A","Tran Quoc Kiet (VN.RYOBI-PIE)"
"3/2/2026","Day shift","EEC","240417001","C2-097","The straps burnt after welding","8","2.30%","The electrodes was deformed then impact to the welding current","N/A","N/A","Electrodes C2097.png","Since this is Pilot run, PIE coordinate to change new electrodes -> qualify by whole team then resume the production -> there's no more defective found","3/2/2026","Closed","PM/PIE","Machine issue","N/A","Matt Nguyen Tien Phi (VN.RYOBI-PIE)"
"3/2/2026","Night shift","High Mix","011268017","C2-004","Tool fail jam test at level 1, run slowly","3","0.06%","Assembly 2 layer of ball and washer instead of 1 layer","N/A","N/A","2026-03-03 21.jpg","Feedback leader training operator and maintain 5S at that station.","3/3/2026","Closed","Prod","Man issue","N/A","Mai Chieu Linh (VN.RYOBI-PIE)"
"3/1/2026","Day shift","High Mix","062024008","C2-054","Tool cannot light","1","0.19%","Soldered to the wrong power pin","N/A","N/A","Screenshot 2026-03-01 085845.jpg","Retrain the operator to follow the WI","3/1/2026","Closed","Prod","Man issue","N/A","Le Song Toan (VN.RYOBI-PIE)"
"3/1/2026","Day shift","High Mix","011060023","C2-001","Tool can not run","1","0.04%","The gearbox jammed because a ball fell inside","N/A","N/A","Screenshot 2026-03-01 0917031.jpg","Retrain operators to follow the WI and recheck after assembly","3/1/2026","Closed","Prod","Man issue","N/A","Luu Hoang Nhan (VN.RYOBI-PIE)"
"3/1/2026","Day shift","High Mix","011945024","C2-008","Station 2, Step 4: unable to assemble.","8","0.20%","The material NG dim#17 (spec:27.1~27~4 mm, act :26.33mm)","635642002","Joy prosper enterprise","Screenshot 2026-03-01 095201.jpg","Respond SQE to call supplier for sorting housing ok and improve","3/1/2026","Closed","SQE","Material issue","N/A","Le Song Toan (VN.RYOBI-PIE)"
"3/1/2026","Day shift","High Mix","095366205","C2-025","Housing surface shows scratches on the logo area","86","7.20%","Incoming material defect: NG parts found in the unopened/whole carton.","531939001/531940001","MING SHING (HONG KONG) COMPANY LIMITED","Screenshot 2026-03-01 095903.jpg","Respond SQE to call supplier for sorting housing ok and improve","3/1/2026","Closed","SQE","Material issue","Plastic","Le Song Toan (VN.RYOBI-PIE)"
"3/1/2026","Day shift","High Mix","011238019","C2-030","Tool can not run","1","0.03%","Failure to place the pin lead into the slot caused a short circuit to the die-casting (ground)","N/A","N/A","Screenshot 2026-03-01 100503.jpg","Retrain the operator to follow the WI","3/1/2026","Closed","Prod","Man issue","N/A","Luu Hoang Nhan (VN.RYOBI-PIE)"
"3/1/2026","Day shift","High Volume","095895102DG9","C1-36","The tool is operating erratically.","1","0.20%","The assembly process severed the control signal wire.","NA","NA","971.png","Tranning operatinon follow WI","3/2/2026","Closed","Prod","Man issue","N/A","Le Hong Phong (VN.RYOBI-PIE)"
"3/1/2026","Day shift","High Volume","096608001DG9","C1-40","Unable to load the program.","1","0.10%","Solder a short circuit between the signal pin T2 and the power pin.","NA","NA","98.png","welding skills training for workers. PM installed additional short-circuit detectors for the T2 signal pin and power pin.","3/2/2026","Closed","Prod/PM","Man issue","N/A","Le Hong Phong (VN.RYOBI-PIE)"
"3/1/2026","Night shift","High Mix","011238190","C2-030","The tool cannot operate","1","0.20%","During soldering, the operator carelessly allowed the switch to hit the soldering iron.","N/A","N/A","2026-03-02 042145.jpg","Retrain operators to follow the WI and recheck after assembly .","3/1/2026","Closed","Prod","Man issue","N/A","Tran Quoc Kiet (VN.RYOBI-PIE)"
"3/1/2026","Night shift","High Mix","011376010","C2-034","The tool cannot operate","3","0.50%","Inductor L1 on the PCBA was damaged during the wiring process.","N/A","N/A","2026-03-02 044224.jpg","Retrain the operator to follow the WI","3/1/2026","Closed","Prod","Man issue","N/A","Tran Minh Kha (VN.RYOBI-PIE)"
"3/1/2026","Night shift","High Mix","062113022","C2-172","The product is not working.","2","0.40%","The spring was misaligned during the assembly process.","N/A","N/A","2026-03-02 050533.jpg","Retrain operators to follow the WI and recheck after assembly .","3/1/2026","Closed","Prod","Man issue","N/A","Tran Quoc Kiet (VN.RYOBI-PIE)"
"3/1/2026","Night shift","High Mix","062113022","C2-172","The tool cannot operate","2","0.40%","The wire was pinched during the wiring process.","N/A","N/A","2026-03-02 051611.jpg","Retrain operators to follow the WI and recheck after assembly .","3/1/2026","Closed","Prod","Man issue","N/A","Tran Minh Kha (VN.RYOBI-PIE)"
"3/1/2026","Night shift","High Mix","062113022","C2-172","The switch does not return properly after pressing.","1","0.20%","During wiring, the operator pinched the wire, causing the PCB to tilt and the switch to jam.","N/A","N/A","2026-03-02 053041.jpg","Retrain operators to follow the WI and recheck after assembly .","3/1/2026","Closed","Prod","Man issue","N/A","Tran Quoc Kiet (VN.RYOBI-PIE)"
"3/1/2026","Night shift","High Volume","096561102","C1-24","The lower tube cannot fully assemble with upper tube at POLE SAW KIT model","4","2.00%","Man issue: The operator put the tube on the fixture at wrong position when assembly with the male terminal","N/A","N/A","truong59.png","Feed back to line lead and supervisor to know this case and work with ME team to improve this fixture for pokayoke to do not repeat this issue","3/2/2026","Closed","Prod","Man issue","N/A","Kien Minh Truong (VN.RYOBI-PIE)"
"3/1/2026","Night shift","High Volume","096561102","C1-24","The tool can not function","1","0.25%","Man issue: The operator solder the switch with melted lead.","Soldering causes flux to seep into the switch.","N/A","truong60.png","Feed back to line lead and supervisor to know this case and improve to do not repeat this issue","3/2/2026","Closed","Prod","Man issue","Switch","Kien Minh Truong (VN.RYOBI-PIE)"
"3/1/2026","Night shift","High Mix","062113022","C2-172","The switch does not return properly after pressing.","1","0.20%","The operator accidentally applied adhesive into the switch mounting hole.","N/A","N/A","2026-03-02 055227.jpg","Retrain operators to follow the Work Instruction (WI) and exercise care during the adhesive dispensing process.","3/1/2026","Closed","Prod","Man issue","N/A","Tran Minh Kha (VN.RYOBI-PIE)"
"3/1/2026","Night shift","High Volume","095793001","C1-43","The tool can not function","1","0.25%","Man issue: The operator soldered the switch, making it to melt and when assembly switch into the housings is misaligned cause the diode of switch is broken","N/A","N/A","truong61.png","Feed back to line lead and supervisor to know this case and improve to do not repeat this issue","3/2/2026","Closed","Prod","Man issue","Switch","Kien Minh Truong (VN.RYOBI-PIE)"
"3/1/2026","Night shift","High Volume","095394309","C1-38","Safety issue: The tool function even when only activates the main trigger","1","0.25%","The switch can not change from ON to OFF state when we release it","760591001-01","ZHEJIANG JIABEN","truong62.png","Feed back to SQE team to work with supplier to improve this case","3/2/2026","Closed","SQE","Material issue","Switch","Kien Minh Truong (VN.RYOBI-PIE)"
"3/1/2026","Night shift","High Volume","095719203","C1-36","The burrs are obscuring the LED display holes on the housings.","24","3.10%","The burrs are obscuring the LED display holes on the housings.","545904001-01 and 545905001-01","Ming Shing","truong63.png","Feed back to SQE team to work with supplier to improve this issues","3/2/2026","Closed","SQE","Material issue","Plastic","Kien Minh Truong (VN.RYOBI-PIE)"
"3/1/2026","Night shift","High Volume","095719203"," C1-36","Can not shoot the screw into the slider for chain tension and bar pitch chain","2","0.25%","The slider for chain tension's holes have no screw thread","644651003-01","Yong Feng","truong64.png","Feed back to SQE team to work with supplier to improve this issues","3/2/2026","Closed","SQE","Material issue","Metal","Kien Minh Truong (VN.RYOBI-PIE)"
"2/28/2026","Day shift","High Mix","011092016","C2-009","The nailer does not have enough pneumatic pressure","2","0.05%","Air chamber contact is causing damage to the cylinder gasket","N/A","N/A","Screenshot 2026-02-28 112952.jpg","Retrain the operator to follow  the WI","2/28/2026","Closed","Prod","Man issue","N/A","Le Song Toan (VN.RYOBI-PIE)"
"2/28/2026","Day shift","High Mix","096752301","C2-043","Tool can not run","3","0.64%","The wire was not properly seated in the housing slot, resulting in wire damage.","N/A","N/A","Screenshot 2026-02-28 114015.jpg","Retrain the operator to follow the WI","2/28/2026","Closed","Prod","Man issue","N/A","Luu Hoang Nhan (VN.RYOBI-PIE)"
"2/28/2026","Day shift","High Mix","045248012","C2-047","Tool can not run","5","0.37%","PCBA broken the component after assembling ","N/A","N/A","Screenshot 2026-02-28 114924.jpg","Retrain the operator to follow the WI","2/28/2026","Closed","Prod","Man issue","N/A","Luu Hoang Nhan (VN.RYOBI-PIE)"
"2/28/2026","Day shift","High Mix","011060023","C2-001","Tool can not run","2","0.08%","The wire was not properly seated in the housing slot, resulting in wire damage.","N/A","N/A","Screenshot 2026-02-28 115614.jpg","Retrain the operator to follow the WI","2/28/2026","Closed","Prod","Man issue","N/A","Le Song Toan (VN.RYOBI-PIE)"
"2/28/2026","Day shift","High Volume","096561102","C1-24","The bearing cannot be pressed against the shaft.","2","0.20%","Part ''OUTPUT SHAFT'' fail dim 22 & 15","623784001-03","Bach Tung","96.png","Feed back to SQE team to work with supplier to improve this issue","3/1/2026","Closed","SQE","Material issue","Metal","Le Hong Phong (VN.RYOBI-PIE)"
"2/28/2026","Night shift","High Volume","096608001DG9","C1-40","The housings is exposed after shooting screws","15","10.00%","The positioning pin of motor mount part  is misaligned with central symmetry => The metal tube's hole is misaligned with the positioning pin of housings=> After shooting screws the housings is exposed","645037001-02","Yu Xin","truong57.png","Feed back to SQE team to work with supplier to improve this case","3/1/2026","Keep monitoring","SQE","Material issue","Metal","Kien Minh Truong (VN.RYOBI-PIE)"
"2/28/2026","Night shift","High Volume","095633307","C1-26","The tool can not function when trig the safety trigger","12","10.30%","The safety trigger is failed when putting in the sorting gauge fixture","541586002-02","Fukai","truong58.png","Feed back to SQE to work with supplier to clear this case and improve it","3/1/2026","Keep monitoring","SQE","Material issue","Plastic","Kien Minh Truong (VN.RYOBI-PIE)"
"2/28/2026","Night shift","High Mix","011278011","C2-014","the tool cannot operate","2","0.40%","Solder spatter occurred during the soldering process.","N/A","N/A","2026-03-01 052318.jpg","Retrain the operator to follow the WI","2/28/2026","Closed","Prod","Man issue","N/A","Tran Quoc Kiet (VN.RYOBI-PIE)"
"2/28/2026","Night shift","High Mix","011153015","C2-003","The tool is unable to secure the spindle during wheel change.","1","0.30%","Operator positioned the material incorrectly during the stamping process.","N/A","N/A","2026-03-01 060100.jpg","Retrain the operator to follow the WI","2/28/2026","Closed","Prod","Man issue","N/A","Tran Quoc Kiet (VN.RYOBI-PIE)"
"2/28/2026","Night shift","High Mix","011374001","C2-029","The tool cannot switch to hammer mode.","1","0.35%","Operator placed the material in the wrong orientation during the stamping process","N/A","N/A","2026-03-01 061957.jpg","Retrain the operator to follow the WI","2/28/2026","Closed","Prod","Man issue","N/A","Tran Quoc Kiet (VN.RYOBI-PIE)"
"2/28/2026","Night shift","High Mix","030287006","C2-032","The product makes an abnormally loud noise during operation.","1","1.00%","he rotor fan blade was broken during the assembly process.","N/A","N/A","Screenshot 2026-03-01 063821.png","The leader shall retrain operators on careful material handling and proper WIP alignment to prevent dropping and damage during the operation process.","2/28/2026","Closed","Prod","Man issue","N/A","Ha Thanh Dien (VN.RYOBI-PIE)"
"2/28/2026","Night shift","High Mix","095393102","C2-041","The operator cannot insert the rotating shaft through.","120","20.00%","The incoming material for P/N 534106001/534107001 is NG. Required dimension: 40 (spec 5.88–6.12). Actual condition: the part has no hole.","534106001/534107001","REDSUN INDUSTRIAL CO., LIMITED","2026-03-28 393.jpg"," SQE requires the supplier to implement corrective actions and improvements, 8D report","3/12/2026","Open","SQE","Material issue","Plastic","Tran Minh Kha (VN.RYOBI-PIE)"
"2/28/2026","Night shift","High Mix","011031035","C2-034","The operator is unable to perform the assembly.","2","0.20%","The operator at the previous station stamps/presses the two planetary gears.","N/A","N/A","2026-03-28 031.jpg","Instruct the operator again to press one planetary gear as per the WI.","2/28/2026","Closed","Prod","Man issue","N/A","Tran Minh Kha (VN.RYOBI-PIE)"
"2/28/2026","Night shift","High Mix","011339002","C2-011","Die-casting is broken during the pressing process","5","2.00%","The issue occurred because the C‑ring guiding stamping die was tilted.","N/A","N/A","2026-03-28 339.jpg","After ME replaced the new C‑ring guide head, the issue no longer occurred.","2/28/2026","Closed","PM","Machine issue","N/A","Tran Minh Kha (VN.RYOBI-PIE)"
"2/27/2026","Day shift","High Mix","095923306","C2-043","Station 12, Step 5: missing the positioning ring when shooting","2","0.67%","Worker forget assembly the ring before doing step 5","N/A","N/A","Screenshot 2026-02-27 110805.jpg","Retrain the operator follow the WI","2/27/2026","Closed","Prod","Man issue","N/A","Luu Hoang Nhan (VN.RYOBI-PIE)"
"2/27/2026","Day shift","High Mix","095834301","C2-047","The tool runs, but the pressure is out of specification.","2","0.67%","The water hose is being pressed and folded during installation.","N/A","N/A","Screenshot 2026-02-27 111657.jpg","Retrain the operator follow the WI","2/27/2026","Closed","Prod","Man issue","N/A","Nguyen Minh Hieu (VN.RYOBI-PIE)"
"2/27/2026","Day shift","High Mix","011093008","C2-009","Tool can not run","3","0.17%","PCBA broken the component","N/A","N/A","Screenshot 2026-02-27 112356.jpg","Retrain the opeartion following the WI","2/27/2026","Closed","Prod","Man issue","N/A","Le Song Toan (VN.RYOBI-PIE)"
"2/27/2026","Day shift","High Mix","011374001","C2-029","The tool runs normally, however the hammer mode is unavailable","5","0.15%","Part number was not installed during assembly by a new operator.","N/A","N/A","Screenshot 2026-02-27 113756.jpg","Retrain the operator follow the WI","2/27/2026","Closed","Prod","Man issue","N/A","Nguyen Minh Hieu (VN.RYOBI-PIE)"
"2/27/2026","Day shift","High Mix","096779010","C2-025","Tool can not run","3","0.50%","The connector on the PCBA became detached during harness installation","N/A","N/A","Screenshot 2026-02-27 114642.jpg","Retrain the operator to follow the WI and perform inspection after assembly","2/27/2026","Closed","Prod","Man issue","N/A","Luu Hoang Nhan (VN.RYOBI-PIE)"
"2/27/2026","Day shift","High Mix","161024004","C2-054","Tool can not light","4","0.46%","The PCBA connector was pulled out during cable routing.","N/A","N/A","Screenshot 2026-02-27 141135.jpg","Retrain the operator to follow the WI and perform inspection after assembly.","2/27/2026","Closed","Prod","Man issue","N/A","Le Song Toan (VN.RYOBI-PIE)"
"2/27/2026","Day shift","High Mix","011235019","C2-028","Tool can not run","1","0.10%","PCBA broken the component","N/A","N/A","Screenshot 2026-02-27 142214.jpg","Retrain the operator to follow the WI","2/27/2026","Closed","Prod","Man issue","N/A","Luu Hoang Nhan (VN.RYOBI-PIE)"
"2/27/2026","Day shift","High Mix","011278016","C2-014","Tool can not run","1","0.20%","Part number was not installed during assembly by a new operator.","N/A","N/A","Screenshot 2026-02-27 143357.jpg","Retrain the operator to follow the WI and perform inspection after assembly","2/27/2026","Closed","Prod","Man issue","N/A","Nguyen Minh Hieu (VN.RYOBI-PIE)"
"2/27/2026","Day shift","High Mix","011060023","C2-001","Tool can not run","2","0.08%","Misaligned material installation caused the gearbox to jam","N/A","N/A","Screenshot 2026-02-27 1444531.jpg","Re-train operators on compliance with WI and require inspection after assembly completion","2/27/2026","Closed","Prod","Man issue","N/A","Le Song Toan (VN.RYOBI-PIE)"
"2/27/2026","Day shift","High Volume","095112109","C1-05","Fail Air Leak Test","15","15.00%","Part ''OIL TANK'' fail dim 10: spec<0.2mm, Actual: >0.2mm","581007001-01","CREST TOP","95.png","Feed back to SQE team to work with supplier to improve this case to do not repeat at next job","2/28/2026","Keep monitoring","SQE","Material issue","Plastic","Le Hong Phong (VN.RYOBI-PIE)"
"2/27/2026","Night shift","High Volume","011232018","C1-048","The main trigger is release slowly and stuck","30","7.00%","D1 tooling is NG: The hole of screw boss is misaligned and the position where touch to the main trigger excess plastic ","370406004-01 and 370408004-01","Ming Shing","truong55.png","Feed back to SQE team to work with supplier to improve this issue","2/28/2026","Closed","SQE","Material issue","Plastic","Kien Minh Truong (VN.RYOBI-PIE)"
"2/27/2026","Night shift","High Mix","062039001","C2-172","The tool cannot convert the signal.","2","0.50%","Solder joint is not properly bonded","N/A","N/A","2026-02-28 052854.jpg","Retrain the operator follow the WI","2/27/2026","Closed","Prod","Man issue","N/A","Tran Quoc Kiet (VN.RYOBI-PIE)"
"2/27/2026","Night shift","High Volume","011232018","C1-048","The main trigger is release slowly ","20","6.20%","The main trigger of B2 tooling is failed #DIM2 and #DIM10, The dimension is biggest impacting","543413001-03","Ming Shing","truong56.png","Feed back to SQE team to work with supplier to improve this issue","2/28/2026","Closed","SQE","Material issue","Plastic","Kien Minh Truong (VN.RYOBI-PIE)"
"2/27/2026","Night shift","High Mix","095119109"," C2-045","The station operator was unable to assemble the parts.","1","0.10%","The incoming material is NG; P/N 638565004, DI 4 spec 6.35–6.55, actual: the supplier did not perform the machining.","638565004","QITENG","2026-02-27 119A.jpg"," Feed back to SQE team to work with supplier to improve this case to do not repeat at next job","2/27/2026","Closed","SQE","Material issue","Metal","Tran Minh Kha (VN.RYOBI-PIE)"
"2/27/2026","Night shift","High Mix","095119109","C2-045","The operator was unable to install the wheel pin.","3","0.30%","The incoming material is NG; P/N 310260005 has NG dimension 38. Spec: 2.9–3.1, actual: pin gauge 2.89 did not pass.","310260005","ZHIAO VN","2026-02-27 119.jpg"," Feed back to SQE team to work with supplier to improve this case to do not repeat at next job","2/27/2026","Closed","SQE","Material issue","Metal","Tran Minh Kha (VN.RYOBI-PIE)"
"2/27/2026","Night shift","High Mix"," 011093008","C2-009","Unable to switch between intermittent mode and continuous mode.","1","0.20%","The operator broke the selector switch during assembly.","N/A","N/A","2026-02-27 093.jpg","Provide retraining on the operation according to the WI.","2/27/2026","Closed","Prod","Man issue","N/A","Tran Minh Kha (VN.RYOBI-PIE)"
"2/27/2026","Night shift","High Mix","062039001","C2-172","The tool cannot perform temperature calibration","1","0.20%","Operator caused solder spatter during soldering.","N/A","N/A","2026-02-28 055551.jpg","Retrain the operator follow the WI","2/27/2026","Closed","Prod","Man issue","N/A","Tran Quoc Kiet (VN.RYOBI-PIE)"
"2/27/2026","Night shift","High Mix","095366205","C2-025","Visual defect: scratched logo.","51","10.20%","Incoming material defect: NG parts found in the unopened/whole carton.","531939001/531940001","MING SHING (HONG KONG) COMPANY LIMITED","2026-02-27 366.jpg","Respond SQE to call supplier for sorting housing ok and improve","2/27/2026","Closed","SQE","Material issue","Plastic","Tran Minh Kha (VN.RYOBI-PIE)"
"2/27/2026","Night shift","High Mix","062039001","C2-172","The tool power light is not functioning.","1","0.20%","Wire was soldered to the incorrect terminal.","N/A","N/A","2026-02-28 061828.jpg","Retrain the operator follow the WI","2/27/2026","Closed","Prod","Man issue","N/A","Tran Quoc Kiet (VN.RYOBI-PIE)"
"2/27/2026","Night shift","High Mix","030218010","C2-033","The tool cannot work","1","0.10%","The power supply wire wasn't connected to the stator wire.","N/A","N/A","Screenshot 2026-02-28 064519.png","Retrain for Operator and Improve 5S at the assembly station","2/27/2026","Closed","Prod","Man issue","N/A","Nguyen Si Phu (VN.RYOBI-PIE)"
"2/27/2026","Night shift","High Mix","030424002","C2-055","Cannot shot the nail","1","0.20%","The stamping trigger was not properly seated in its position.","N/A","N/A","Screenshot 2026-02-28 065013.png","Line leader come to train the Operator again and double check the fixture, screwing gun","2/27/2026","Closed","Prod","Man issue","N/A","Nguyen Si Phu (VN.RYOBI-PIE)"
"2/27/2026","Night shift","High Mix","030243002","C2-013","The tool cannot run","1","0.10%","Burned and cracked wire insulation on the PCBA ","N/A","N/A","Screenshot 2026-02-28 065616.png","Retrain the Operator as she is new hire.","2/27/2026","Closed","Prod","Man issue","PCBA","Nguyen Si Phu (VN.RYOBI-PIE)"
"2/27/2026","Day shift","EEC","130597250","C2-102","Power Tower was broken after performance testing","2","1.00%","Machine issue: Misalignment of the performance test fixture caused damage to the Power Tower on the PCBA","NA","NA","IMG_2635.jpeg","Inform the PM team to adjust fixture of the machine. Continue monitoring 10 more units with no issues","2/27/2026","Closed","PM","Machine issue","N/A","Phung Quang Bao (VN.RYOBI-PIE)"
"2/27/2026","Day shift","High Mix","011393001","C2-171","The LED does not light up ","1","0.30%","The LED is broken ","N/A","N/A","X2821.jpg","Retrain the operators to adhere to the WI ","2/27/2026","Closed","Prod","Man issue","N/A","Nguyen Trong Nhan (VN.RYOBI-PIE)"
"2/27/2026","Day shift","High Mix","011238019","C2-030","The shaft cannot be asembled ","1","0.30%","The operators performed mis-stamping","N/A","N/A","x2822.jpg","Retrain the operators to adhere to the WI","2/27/2026","Closed","Prod","Man issue","N/A","Nguyen Trong Nhan (VN.RYOBI-PIE)"
"2/26/2026","Day shift","High Volume","096560102","C1-42","It is impossible to screw the bolt into the screw.","20","8.00%","Part housing fail gauge M5x0.8","554746001-03","DESHENG","94.png","Respond SQE to call supplier for sorting housing ok and improve","2/27/2026","Closed","SQE","Material issue","Plastic","Le Hong Phong (VN.RYOBI-PIE)"
"2/26/2026","Day shift","EEC","130597184","C2-122","Performance tester failed at step #9","1","0.06%","The workers didn't install the NTC wire into the bottom housing, resulting in the NTC wire burning out during the automatic welding process.","NA","NA","EOL2.png","Re-train the worker to follow WI","2/26/2026","Closed","Prod","Man issue","PCBA","Kai Ho Xuan Hau (VN.RYOBI-PIE)"
"2/26/2026","Day shift","EEC","130597049","C2-122","Battery pack function failed in performance testing process, failure mode #10","1","0.10%","Unstable operation of the soldering machine , causing pad lifting at the UT3 on the PCBA.","NA","NA","Screenshot 2026-02-26 140907.jpg","Inform the PM team to adjust the machine. Continue monitoring 20 more units with no issues, then release the line","2/27/2026","Closed","PM","Machine issue","N/A","Phung Quang Bao (VN.RYOBI-PIE)"
"2/26/2026","Day shift","EEC","130858001DG9","C2-114"," PCBA is burnt at auto soldering process","1","1.50%","Heater made 18V short to 3.3V at fuse link point",,,"2026-02-26_15h08_25.png","PM adjust machine","2/26/2026","Closed","PM","Machine issue","PCBA","Nguyen Ngoc Dinh (VN.RYOBI-PIE)"
"2/26/2026","Day shift","High Mix","011211008","C2-007","Tool cannot run","2","0.20%","PCBA broken the wire","N/A","N/A","Screenshot 2026-02-26 155157.jpg","Re-guide operators at this station ","2/26/2026","Closed","Prod","Man issue","N/A","Luu Hoang Nhan (VN.RYOBI-PIE)"
"2/26/2026","Day shift","High Mix","096753002","C2-049","Tool cannot run","2","0.30%","The operation of routing the wire into the housing is obstructed.","N/A","N/A","Screenshot 2026-02-26 162042.jpg","Re-train the operator following the WI","2/26/2026","Closed","Prod","Man issue","N/A","Le Song Toan (VN.RYOBI-PIE)"
"2/26/2026","Day shift","High Mix","095450101","C2-041","the pump motor assembly has waster leak ","3","0.30%","The pump seal is torn.","319576001","FANS TECH","Screenshot 2026-02-26 165834 450.jpg","SQE has informed the supplier to improve quality","2/26/2026","Closed","SQE","Material issue","Motor","Nguyen Minh Hieu (VN.RYOBI-PIE)"
"2/26/2026","Day shift","High Mix","095119109","C2-045","Color distortion","10","0.70%","The material has paint pitting","638328007","LECO","Screenshot 2026-02-26 170353 119.jpg","Feedback SQE to work with supplier for improvement","2/26/2026","Closed","SQE","Material issue","Metal","Luu Hoang Nhan (VN.RYOBI-PIE)"
"2/26/2026","Day shift","High Mix","095724301","C2-047","The threads failed to engage.","10","3.00%","Plastic overflow on the threads.","615042001","chee yuen ","Screenshot 2026-02-26 170208 724.jpg","The supplier needs to enhance molding parameters to avoid material overflow.","2/26/2026","Closed","SQE","Material issue","Plastic","Le Song Toan (VN.RYOBI-PIE)"
"2/26/2026","Day shift","High Mix","096871301","C2-023","“The equipment is not functioning","1","0.30%","The operator damaged the PCBA component during operation.","N/A","N/A","Screenshot 2026-02-26 183439 817.jpg","The operator shall perform the operation more carefully","2/26/2026","Closed","Prod","Man issue","N/A","Nguyen Minh Hieu (VN.RYOBI-PIE)"
"2/26/2026","Day shift","High Mix","011192008","C2-010","Tool can run but no light","2","0.40%","The operation of routing the wire into the housing is obstructed.","N/A","N/A","Screenshot 2026-02-26 183625.jpg","Retrain the operator follow WI","2/26/2026","Closed","Prod","Man issue","N/A","Le Song Toan (VN.RYOBI-PIE)"
"2/26/2026","Day shift","High Mix","011192006","C2-010","The operator finds it difficult to operate","10","1.00%","die casting NG dim 44 spec (12.3-12.55) act 12.94","644221001","WEIDA","Screenshot 2026-02-26 185856 192.jpg","SQE has handled the issue and contacted the supplier to conduct sorting to ensure OK parts for the production","2/26/2026","Closed","SQE","Material issue","Metal","Nguyen Minh Hieu (VN.RYOBI-PIE)"
"2/26/2026","Night shift","High Volume","095112202","C1-05","The bottle cap is leaking oil","50","22.00%","The bottle cap has insufficient plastic","551067004-03","SHINE BRIGHT","Image (100).jpg","SQE contacts suppliers for sorting and improvement.","2/26/2026","Keep monitoring","SQE","Material issue","Plastic","Nguyen Phu Quoc (VN.RYOBI-PIE)"
"2/26/2026","Night shift","High Volume","011078026","C1-057","The tool shoot the nails is slowly","2","0.34%","The hall sensor PCBA is missing the solder","282160045","Genbyte","truong52.png","Feed back to SQE team to work with supplier to improve this case to do not repeat at next job","2/27/2026","Closed","SQE","Material issue","PCBA","Kien Minh Truong (VN.RYOBI-PIE)"
"2/26/2026","Night shift","High Volume","095501201","C1-37","The tool is failed current when testing at EOL machine, it's current was lower than current specification at WI","15","3.00%","The EOL machine test the blower tool without joint the air tube into the blower tool",,"N/A","truong53.png","Feed back to ME team to come the line fix this issue","2/27/2026","Closed","PM","Machine issue","N/A","Kien Minh Truong (VN.RYOBI-PIE)"
"2/26/2026","Night shift","High Volume","096607002","C1-07","The tool can not load the program","15","3.33%","Man issue: the operator D-tech signal pin is tilted after shooting screw","N/A","N/A","truong54.png","Feed back to group leader and line leader to know this issue and improve this case","2/27/2026","Closed","Prod","Man issue","PCBA","Kien Minh Truong (VN.RYOBI-PIE)"
"2/26/2026","Night shift","High Mix","011093008","C2-009","The stapler tool cannot fire staples","2","0.50%","The operator missed one part during assembly","N/N","N/A","2026-02-27 062636.jpg","Retrain the operators to adhere to the WI   ","2/26/2026","Closed","Prod","Man issue","N/A","Tran Quoc Kiet (VN.RYOBI-PIE)"
"2/26/2026","Night shift","High Mix","096866001","C2-025","The operator detected an abnormal appearance.","9","2.25%","The carton label is correct, but the material inside is wrong.","549017001","MING SHING (HONG KONG) COMPANY LIMITED","2026-02-26 866.jpg"," Respond SQE to call supplier for sorting housing ok and improve","2/26/2026","Closed","SQE","Material issue","Plastic","Tran Minh Kha (VN.RYOBI-PIE)"
"2/26/2026","Night shift","High Mix","011238019","C2-030","The tool failed to operate","2","0.40%","Improper wire routing caused the wire to be pinched","N/A","N/A","2026-02-27 063742.jpg","Retrain the operators to adhere to the WI   ","2/26/2026","Closed","Prod","Man issue","N/A","Tran Quoc Kiet (VN.RYOBI-PIE)"
"2/26/2026","Night shift","High Mix","011200001","C-007","The tool failed to operate","2","0.40%","The operator did not solder the motor terminal","N/A","N/A","2026-02-27 065015.jpg","Retrain the operators to adhere to the WI ","2/26/2026","Closed","Prod","Man issue","N/A","Tran Quoc Kiet (VN.RYOBI-PIE)"
"2/26/2026","Night shift","High Mix","095834301","C2-047","The water sprayer fails to discharge water","2","0.34%","The non-return valve should be connected to Tube 2; however, it was mistakenly connected to Tube 1.","N/A","N/A","2026-02-26 21.jpg"," Ask the operator to review the work instruction (WI) at their workstation and ensure greater attention to detail during the assembly process.","2/26/2026","Closed","Prod","Man issue","N/A","Mai Chieu Linh (VN.RYOBI-PIE)"
"2/26/2026","Night shift","High Mix","095119109","C2-045","The operator was unable to pass the pin through.","1","0.10%","The incoming material is NG; P/N 310260005 has not been machined to dimension 38.","310260005","ZHIAO VN","2026-02-26 119.jpg","Respond to SQE to work with supplier to improve this part to not repeat issues","2/26/2026","Closed","SQE","Material issue","Metal","Tran Minh Kha (VN.RYOBI-PIE)"
"2/26/2026","Night shift","High Mix","011200001","C2-007","The tool is making an abnormal noise.","3","0.70%","The operator installed two washers in the gearbox assembly during the pressing operation.","N/A","N/A","2026-02-27 070014.jpg","Retrain the operators to adhere to the WI   ","2/26/2026","Closed","Prod","Man issue","N/A","Tran Quoc Kiet (VN.RYOBI-PIE)"
"2/26/2026","Night shift","High Mix"," 095834301"," C2-047","The water sprayer fails to discharge water","2","0.34%","The disc filter top holder is missing a hole (dimension 11 on drawing)","538884001","MING SHING (HONG KONG) COMPANY LIMITED","2026-02-26 1.jpg","The SQE arranged for the supplier to sort the good material to resume production line and required corrective action from supplier to improve future lots.","2/26/2026","Closed","SQE","Material issue","Plastic","Mai Chieu Linh (VN.RYOBI-PIE)"
"2/26/2026","Night shift","High Mix","011449002","C2-011","The product operates, but the LED light does not turn on.","1","0.30%","The wire is broken because the operator did not follow the work instruction (WI) during wiring.","N/A","N/A","2026-02-27 072102.jpg","Ask the operator to review the work instruction (WI) at their workstation and ensure that the wires are routed according to the specified layout inside the housing.","2/26/2026","Closed","Prod","Man issue","N/A","Tran Quoc Kiet (VN.RYOBI-PIE)"
"2/26/2026","Day shift","High Mix","159438007","C2-003","Failed test at station C35","8","3.00%","Test failed due to loose mold pins","N/A","N/A","x2621.jpg","PM need to improve the mold","2/26/2026","Closed","PM","Machine issue","N/A","Nguyen Trong Nhan (VN.RYOBI-PIE)"
"2/26/2026","Night shift","High Mix","319066001","C2-016","Material stuck with fixture","5","3.00%","Material meet spec, fixture not suitable with material thickness","N/A","N/A","2026-02-26 11.jpg","Modify fixture to keep line run smoothly.","2/26/2026","Closed","PM","Machine issue","N/A","Tran Minh Kha (VN.RYOBI-PIE)"
"2/25/2026","Day shift","High Volume","096882001DG9","C1-29","Product failed to operate","1","0.10%","Workmanship issue: Broken wire at the switch connection point.","N/A","N/A","Screenshot 2026-02-25 133159.png","Feedback to Prod to remind OP at the involved station","2/25/2026","Closed","Prod","Man issue","N/A","Luu Vinh Nghi (VN.RYOBI-PIE)"
"2/25/2026","Day shift","High Volume","096560102","C1-42","No funtion","2","0.30%","Diode skewed","282200004-02","DS","Phương tiện truyền thông (34).jpg","Informed to SQE team to work with supplier to improve this part to prevent this issue","2/26/2026","Closed","SQE","Material issue","PCBA","Le Hong Phong (VN.RYOBI-PIE)"
"2/25/2026","Day shift","High Mix","095875304","C2-051","Loose plastic base causing the rubber to drop","100","0.20%","Plastic base  NG dim 51 Spec 9.04-9.32 Act 8.94 ","546872001","FUKAI","875 2026-02-25 192742.jpg","SQE improve incoming quality control and soting material meets drawing specification","2/25/2026","Closed","SQE","Material issue","Plastic","Nguyen Minh Hieu (VN.RYOBI-PIE)"
"2/25/2026","Night shift","High Volume","011228022","C1-64","Noise issue ","1","0.50%","Stamping dimension failure","N/A","N/A","Image (99)1.jpg","The ME adjusted the stamping dimensions","2/25/2026","Closed","PM","Machine issue","N/A","Nguyen Phu Quoc (VN.RYOBI-PIE)"
"2/25/2026","Night shift","High Mix","095817304"," C2-025","The operator was unable to assemble the bracket into the steel tube.","28","8.80%","Incoming material NG: P/N 518033003 — internal deformation.","318033003","VINASTAR","2026-02-25 817.jpg","The SQE arranged for the supplier to sort the good material to resume production line and required corrective action from supplier to improve future lots.","2/25/2026","Closed","SQE","Material issue","Plastic","Tran Minh Kha (VN.RYOBI-PIE)"
"2/25/2026","Night shift","High Mix","095283305","C2-047","The product cannot operate.","2","0.40%","The wire was not properly secured in the crimp terminal, resulting in conductor pull-out after crimping.","N/A","N/A","2026-02-25 11.jpg","Ask the operator to review the work instruction (WI) at their workstation and ensure greater attention to detail during the assembly process.","2/25/2026","Closed","Prod","Man issue","N/A","Mai Chieu Linh (VN.RYOBI-PIE)"
"2/25/2026","Night shift","High Mix","011211021","C2-007","The product operates with high current(A). Spec: <3A, actual: ~5A) ","2","0.48%","The operator installed two washers in the gearbox assembly during the pressing operation.","N/A","N/A","2026-02-25 2.jpg","Ask the operator to review the work instruction (WI) at their workstation and ensure greater attention to detail during the assembly process.","2/25/2026","Closed","Prod","Man issue","N/A","Mai Chieu Linh (VN.RYOBI-PIE)"
"2/25/2026","Night shift","High Mix","095817304"," C2-025","The operator placed the tube into the fixture and noticed it was in the wrong position.","1","0.31%","Incoming material NG: P/N 637105001 — dimension #13 out of specification (spec: 322.60 mm–323.60 mm; actual: 234 mm).","637105001","HONG KONG SHAN YUAN CO., LIMITED","2026-02-25 817 2.jpg","Informed to SQE team to work with supplier to improve this part to prevent this issue","2/25/2026","Closed","SQE","Material issue","Metal","Tran Minh Kha (VN.RYOBI-PIE)"
"2/25/2026","Night shift","High Mix"," 306527006"," C2-016","The safety lock is not functioning.","2","0.25%","The operator assembled the safety lock and spring in the wrong positions.","N/A","N/A","2026-02-25 527.jpg","Retrain the operator to assemble according to the WI.","2/25/2026","Closed","Prod","Man issue","N/A","Tran Minh Kha (VN.RYOBI-PIE)"
"2/25/2026","Night shift","High Mix","095283305","C2-047","The safety trigger was stuck in the engaged position.","2","0.40%","The wire was assembled in the wrong position due to the operator not following the work instruction (WI).","N/A","N/A","2026-02-25 4.jpg","Ask the operator to review the work instruction (WI) at their workstation and ensure that the wires are routed according to the specified layout inside the housing.","2/25/2026","Closed","Prod","Man issue","N/A","Tran Quoc Kiet (VN.RYOBI-PIE)"
"2/25/2026","Night shift","High Mix","030247012","C2-013","The tool cannot work","30","4.40%","The material issue: The bracket had burr at the position insert carbon brush.","520404001","MING SHING INDUSTRIAL LIMITED","Screenshot 2026-02-26 061543.png","SQE arrange sorting, SQE team work with supplier for the improvement","2/25/2026","Closed","SQE","Material issue","Plastic","Nguyen Si Phu (VN.RYOBI-PIE)"
"2/25/2026","Night shift","High Volume","011210015","C1-055","The tool is failed run out","15","3.00%","The fixture is loose so the angle of orbital and roller is misaligned","N/A","N/A","truong50.png","Feed back to ME team to fix this case","2/26/2026","Closed","PM","Machine issue","N/A","Kien Minh Truong (VN.RYOBI-PIE)"
"2/25/2026","Night shift","High Volume","095251132","C1-03","The tool can not function","1","0.20%","The main trigger is can change state from ON to OFF when trigging","760579003","NingBo","truong51.png","feedback to SQE team to work with supplier to improve this part to this issues not repeat","2/26/2026","Closed","SQE","Material issue","Switch","Kien Minh Truong (VN.RYOBI-PIE)"
"2/25/2026","Day shift","High Mix","001294015","C2_003","The stamping motor lacks material","3","0.60%","The operator is not focused","N/A","N/A","Screenshot 2026-02-26 072604.jpg","Re-guide operators at this station","2/25/2026","Closed","Prod","Man issue","N/A","Le Song Toan (VN.RYOBI-PIE)"
"2/25/2026","Day shift","High Mix","011211008","C2-007","The device is not working","2","0.20%","The operator caused glue overflow that bonded to the motor.","N/A","N/A","211 2026-02-26 073303.jpg","Retrain the operator follow WI","2/25/2026","Closed","Prod","Man issue","N/A","Le Song Toan (VN.RYOBI-PIE)"
"2/25/2026","Day shift","High Mix","011238019","C2-030","Device can't working just have light in led","1","0.20%","The motor became stuck because a ware washer dropped into it and caused jamming.","N/A","N/A","2026-02-25-D-1.png","Re-training operator keep maintain 5S at motor's assembly station.","2/25/2026","Closed","Prod","Man issue","N/A","Leon Phan Thanh Phong (VN.RYOBI-PIE)"
"2/24/2026","Day shift","High Volume","096007303","C1-16","Stuck trigger","2","0.60%","Part trigger bavia","542233004-04","MING HAO","91.png","Respond to SQE to work with supplier to improve this part to not repeat issues","2/25/2026","Closed","SQE","Material issue","Plastic","Le Hong Phong (VN.RYOBI-PIE)"
"2/24/2026","Day shift","High Volume","095251202","C1-36","Override","1","0.30%","Part trigger have bur","531914002-02","MING SHING","92.png","Respond to SQE to work with supplier to improve this part to not repeat issues","2/25/2026","Closed","SQE","Material issue","Plastic","Le Hong Phong (VN.RYOBI-PIE)"
"2/24/2026","Day shift","High Volume","096560101","C1-42","No funtion","1","0.30%","PCBA pin signal short  8+9","282200004-02","DS","93.png","Respond to SQE to work with supplier to improve this part to not repeat issues","2/25/2026","Closed","SQE","Material issue","PCBA","Le Hong Phong (VN.RYOBI-PIE)"
"2/24/2026","Day shift","High Mix","161032004","C2_171","After assembly, the power switch is stiff and does not operate smoothly.","10","20.00%","the material NG dim#1 (47,15~47.45mm) act 47,60mm","535508001","Hong nhat trieu quan Viet Nam","Screenshot 2026-02-24 182919.jpg","SQE sorting the good material for the mass production and feedback the Supplier improve the new lot of material","3/12/2026","Open","SQE","Material issue","Plastic","Le Song Toan (VN.RYOBI-PIE)"
"2/24/2026","Day shift","High Mix","011231012","C2-034","Tool can not run","2","0.22%","Insufficient solder on the pin","N/A","N/A","Screenshot 2026-02-24 183820.jpg","Retrain the operator follow WI","2/24/2026","Closed","Prod","Man issue","N/A","Nguyen Minh Hieu (VN.RYOBI-PIE)"
"2/24/2026","Day shift","High Mix","096871301","C2-025"," Tool can not run","2","0.46%","The plastic at the motor pin melted due to soldering heat.","N/A","N/A","Screenshot 2026-02-24 184630.jpg","Retrain the operator following WI","2/24/2026","Closed","Prod","Man issue","N/A","Nguyen Minh Hieu (VN.RYOBI-PIE)"
"2/24/2026","Night shift","High Volume","096764001DG9","C1-31","The bushing after pressing into the motor's output shaft is broken","4","0.30%","The fixture of machine have risk, leading to the worker put the motor into fixture is misaligned","N/A","N/A","truong46.png","Require ME fix this fixture","2/25/2026","Closed","PM","Machine issue","Motor","Kien Minh Truong (VN.RYOBI-PIE)"
"2/24/2026","Night shift","High Volume","743044002-FMP","C1-70","Can not press the ball bearing into the front endbell","1","0.30%","The front endbell is failed at dimension 27","647119005-02","Shunda ","truong47.png","Feed back to SQE team to work with supplier to improve this case to do not repeat at next job","2/25/2026","Closed","SQE","Material issue","Metal","Kien Minh Truong (VN.RYOBI-PIE)"
"2/24/2026","Night shift","High Volume","011416011","C1-57","This tool emits smoke during operation.","4","1.33%","Man issues: the operator did not tighten the screw go all the way down, leading to the stator and rotor is touched when tool running","N/A","N/A","truong48.png","Remind the group lead to re-train the OP to improve and pay attention to this issue","2/25/2026","Closed","Prod","Man issue","Motor","Kien Minh Truong (VN.RYOBI-PIE)"
"2/24/2026","Night shift","High Volume","096560102","C1-42","The gear is broken when stamping into the output shaft","2","0.67%","The output is failed at dimension 16","623769001-03","Bach Tung","truong49.png","Feed back to SQE team to work with supplier to improve this case to do not repeat at next job","2/25/2026","Closed","SQE","Material issue","Metal","Kien Minh Truong (VN.RYOBI-PIE)"
"2/24/2026","Night shift","High Mix","011211008","C2-007","The product cannot operate","2","0.50%","The wire was broken during the wiring process","N/A","N/A","2026-02-25 061339.jpg","Retrain the operators to adhere to the WI","2/24/2026","Closed","Prod","Man issue","N/A","Tran Quoc Kiet (VN.RYOBI-PIE)"
"2/24/2026","Night shift","High Mix"," 011254032","C2-005","The tool is not operating and flashes a red light 9 times.","3","0.34%","The operator caused a short circuit by soldering the red and white wires together.","N/A","N/A","2026-02-24 254.jpg","Retrain the operator to inspect the work after soldering and to follow the WI.","2/24/2026","Closed","Prod","Man issue","N/A","Tran Quoc Kiet (VN.RYOBI-PIE)"
"2/24/2026","Night shift","High Mix","011231012","C2-034","The tool is not operating and the indicator light does not turn on.","3","0.53%","The operator did not route the wires into the designated groove as specified in the WI.","N/A","N/A","2026-02-24 231.jpg","Retrain the operator to route the wires into the groove according to the WI.","2/24/2026","Closed","Prod","Man issue","N/A","Tran Minh Kha (VN.RYOBI-PIE)"
"2/24/2026","Night shift","High Mix","010686067","C2-003","The tool operates, but it rotates in the reverse direction.","5","1.25%","The operator soldered the switch wires to the motor in incorrect positions (the actual correct connection is the red wire to M1 and the black wire to M2, whereas the incorrect connection was red to M2 and black to M1).","N/A","N/A","2026-02-24 686.jpg","Retrain the operator to perform the operations correctly according to the WI.","2/24/2026","Closed","Prod","Man issue","N/A","Tran Minh Kha (VN.RYOBI-PIE)"
"2/24/2026","Night shift","High Mix","010686067","C2-003","The screw has an appearance defect and was rejected by the quality team.","200","16.60%","Material issue: The screw has an appearance defect.","661943001","JUN HANG METAL PRODUCTS LTD.","2026-02-25 1.jpg"," The SQE arranged for the supplier to sort the good material to resume production line and required corrective action from supplier to improve future lots.","2/24/2026","Keep monitoring","SQE","Material issue","Metal","Mai Chieu Linh (VN.RYOBI-PIE)"
"2/24/2026","Night shift","High Mix","159192004","C2-010","The motor assembly cannot be installed into the gearbox.","4","1.70%","Because the operator did not insert the bearing retainer ring before pressing.","N/A","N/A","2026-02-24 192.jpg","Instruct the operator to follow the correct sequence according to the WI.","2/24/2026","Closed","Prod","Man issue","N/A","Tran Minh Kha (VN.RYOBI-PIE)"
"2/24/2026","Night shift","High Mix","011231012","C2-034","The tool is not operating and flashes the indicator light 12 times.","2","0.30%","The operator dropped solder onto the temperature sensor wires.","N/A","N/A","2026-02-24 a231.jpg","Instruct the operator to inspect the work after soldering.","2/24/2026","Closed","Prod","Man issue","N/A","Tran Minh Kha (VN.RYOBI-PIE)"
"2/24/2026","Night shift","High Mix","030227005","C2-033","EOL detected a product cannot operate","1","0.24%","The power cord cable was not connected in switch","N/A","N/A","312.png","Remind line leader to manage production line to ensure quality","2/24/2026","Closed","Prod","Man issue","N/A","Dong Dinh Chanh (VN.RYOBI-PIE)"
"2/24/2026","Night shift","EEC","130690053","C2-096","The unit failed during testing at Steps 2.1 and 2.2","1","0.10%","The soldering tip was misaligned, leading to a short circuit.","N/A","N/A","Screenshot 2026-02-25 072919.jpg","Inform ME to fix soldering machine then continue follow until machine stable","2/27/2026","Closed","PM","Machine issue","N/A","Phung Quang Bao (VN.RYOBI-PIE)"
"2/24/2026","Day shift","High Mix","011238019","C2-030","The PCBA is broken ","1","0.30%","The operator drove the screw, causing damage to the PCBA.","N/A","N/A","x252.jpg","Retrain the operators to adhere to the WI and carefully check before transferring to the next step ","2/24/2026","Closed","Prod","Man issue","N/A","Nguyen Trong Nhan (VN.RYOBI-PIE)"
"2/24/2026","Day shift","High Mix","011060023","C2-001","The screw driving caused the housing to break.","4","1.50%","PM machine adjustment was not properly performed.","N/A","N/A","x2522.jpg","PM need to improve the machine ","2/24/2026","Closed","PM","Machine issue","N/A","Nguyen Trong Nhan (VN.RYOBI-PIE)"
"2/24/2026","Day shift","High Mix","011231012","C2-034","Tool cannot run ","2","1.00%","The pin was broken due to improper operation","N/A","N/A","x2523.jpg","Retrain the operators to adhere to the WI ","2/24/2026","Closed","Prod","Man issue","N/A","Nguyen Trong Nhan (VN.RYOBI-PIE)"
"2/24/2026","Day shift","High Mix","011308002","C2-014","Tool cannot run ","1","0.40%","The PCBA component was damaged due to improper assembly by the operator","N/A","N/A","x2524.jpg","Retrain the operators to adhere to the WI ","2/24/2026","Closed","Prod","Man issue","N/A","Nguyen Trong Nhan (VN.RYOBI-PIE)"
"2/24/2026","Day shift","High Mix","011238019","C2-030","Stator have noise abnormal when working","1","0.20%","Stator fail resistor, spec: 24.900mΩ, act: 28.1±7%mΩ","292023032","Công ty TNHH cơ điện Rotong Vietnam","2026-02-24-D-1.png","Feedback SQE to work with supplier for improvement","2/25/2026","Closed","SQE","Material issue","Motor","Leon Phan Thanh Phong (VN.RYOBI-PIE)"
"2/23/2026","Day shift","High Volume","095723303","C1-05","Stuck trigger turbo","6","1.50%","PART ""TURBO BUTTON"" fail dim 7, spec: 4.87-5.07mm, Actual: 5.24mm","543750001-01","FUKAI","87.png","Informed to SQE team to work with supplier to improve this part to prevent this issue","2/24/2026","Closed","SQE","Material issue","Plastic","Le Hong Phong (VN.RYOBI-PIE)"
"2/23/2026","Day shift","High Volume","011420011","C1-53","Fail step P06.3-Rigid rotating gears","8","0.40%","Fail step P04- stamping size failure. Spec:-0.2-0.0, Actual: 0.013","NA","NA","88.png","PM adjusts the stamping dimensions to the correct specifications and daily check","2/24/2026","Closed","PM","Machine issue","N/A","Le Hong Phong (VN.RYOBI-PIE)"
"2/23/2026","Day shift","High Volume","011420011","C1-63","Trigger safety NG","150","20.00%","Part ""PADDLE SWITCH TRIGGER"" NG dim 6, Spec: 1.6-1.8mm, Actual: 2.0mm","552498001-01","GOOD MARK","90.png","Informed to SQE team to work with supplier to improve this part to prevent this issue","2/24/2026","Closed","SQE","Material issue","Plastic","Le Hong Phong (VN.RYOBI-PIE)"
"2/23/2026","Night shift","High Volume","096880001","C1-37","Assembly clearance greater than 1 mm","1","0.50%","Caused by the operator’s assembly action, which pinched the wire","N/A","N/A","Image (98)1.jpg","Leader to retrain the operators","2/23/2026","Closed","Prod","Man issue","N/A","Nguyen Phu Quoc (VN.RYOBI-PIE)"
"2/23/2026","Night shift","High Mix","030409002","C2-053","The product has air leakage in EOL testing station","6","0.50%","Workmanship issue: The rubber ring was not installed in the process #C29","N/A","N/A","Screenshot 2026-02-24 0503181.png","Line leader retrain the Operator and reinforce 5S in the line","2/23/2026","Closed","Prod","Man issue","N/A","Dong Dinh Chanh (VN.RYOBI-PIE)"
"2/23/2026","Night shift","High Mix","096631302","C2-047","The tool is not operating.","1","0.30%","During the press‑fit assembly process, the operator did not properly align the motor with the stamping mold.","N/A","N/A","2026-02-23 631.jpg","Retrain the operator to adhere to the WI.","2/23/2026","Closed","Prod","Man issue","N/A","Tran Quoc Kiet (VN.RYOBI-PIE)"
"2/23/2026","Night shift","High Mix","011325011","C2-007","The operator was unable to assemble the output gear into the balance block.","300","60.00%","Incoming material NG: P/N 615514003 — dimension #19 out of spec. Spec: 26.43–26.53; Actual: 26.2842.","615514003 ","WEIDA","2026-02-23 A325.jpg","Sorting material to keep line running/ Long term: SQE work with supplier to provide 8D report","3/6/2026","Open","SQE","Material issue","Metal","Tran Minh Kha (VN.RYOBI-PIE)"
"2/23/2026","Night shift","High Mix","095443301","C2-041","The product head assembly unable to pivot smoothly across five different angles as required by WI at station 14.1, step 8​","180","60.00%","Material issue: The left pivot button was out of spec dim 6 (Spec: 21.57-22.61mm; Actual: 23.26mm) and dim 17 (Spec: 27.28-27.79mm; Actual: 27.89mm)","525447001","CONG TY TNHH CO KHI TONG HOP KIM LONG","24-2-2026 1.png","SQE requested supplier to sort good material to resume the production line and request 8D report from KIM LONG supplier","3/6/2026","Open","SQE","Material issue","Plastic","Tran Quoc Kiet (VN.RYOBI-PIE)"
"2/23/2026","Day shift","High Mix","011254021","C2-002","Tool can't run","3","0.08%","Solder the jumper bridge on the power pin","N/A","N/A","Screenshot 2026-02-24 071258.jpg","Re-guide operators at this station","2/23/2026","Closed","Prod","Man issue","N/A","Le Song Toan (VN.RYOBI-PIE)"
"2/23/2026","Day shift","High Mix","011238019","C2-030","Tool can not run","1","0.03%","The PCBA was deformed due to a screw being driven into it.","N/A","N/A","Screenshot 2026-02-24 072318.jpg","Retrain the operator following to the WI","2/23/2026","Closed","Prod","Man issue","N/A","Le Song Toan (VN.RYOBI-PIE)"
"2/23/2026","Day shift","EEC","130597049","122","The PCBA Power tower was broken","1","0.10%","Unstable operation of the soldering machine caused mechanical impact, leading to damage to the PCBA power tower.","N/A","N/A","Screenshot 2026-02-24 072913.jpg","Inform ME to fix soldering machine then continue follow until machine stable","2/23/2026","Closed","PM","Machine issue","N/A","Phung Quang Bao (VN.RYOBI-PIE)"
"2/23/2026","Night shift","High Mix","030409002","C2-053","Products were failed at mode Group2","3","0.75%","Workmanship issue: The rubber ring was not installed as step C29 required","N/A","N/A","1.png","Repair and Remind Line Leader and Operator at the station.","2/23/2026","Closed","Prod","Man issue","N/A","Dong Dinh Chanh (VN.RYOBI-PIE)"
"2/23/2026","Night shift","High Mix","030409002","C2-053","Products were found at EOL station with failed group 1","3","0.75%","The rubber ring at top cap was damaged due to pinching at step C17","N/A","N/A","210.png","Repair. Remind Line Leader to share awareness to reinforce the quality of the production line.","2/23/2026","Closed","Prod","Man issue","N/A","Dong Dinh Chanh (VN.RYOBI-PIE)"
"2/23/2026","Day shift","High Mix","011274007","C2-002","Cannot assembly","1","0.20%","The crank shaft 623190002 fail dim #5, spec 5.15 - 5.2, act: 5.22","623190002","NGHIA LONG","2026-02-23 1.jpg","Feedback SQE to work with supplier for improvement.","2/23/2026","Closed","SQE","Material issue","Metal","Hoang Dinh Trung (VN.RYOBI-PIE)"
"2/23/2026","Day shift","High Mix","030227005","C2-033","After screw assembly, a gap larger than 0.3 mm was found.","30","15.30%","Housing burrs were found at the groove area where the PCBA steel plate is installed.","513971004/340972005","MING SING","Screenshot 2026-02-24 084608.png","Demand immediate process correction from the supplier to permanently eliminate housing burrs. SQE will closely monitor and validate corrective action effectiveness.","2/23/2026","Closed","SQE","Material issue","Plastic","Ha Thanh Dien (VN.RYOBI-PIE)"
"2/23/2026","Day shift","High Mix","011238019","C2-030","Tool has big noise","1","0.20%","Bearing was broken because operator input motor into fixture not alighment","N/A","N/A","2026-02-23 2.jpg","Feedback leader and retraining operator at pressing station.","2/23/2026","Closed","Prod","Man issue","N/A","Hoang Dinh Trung (VN.RYOBI-PIE)"
"2/23/2026","Night shift","High Mix","030169026","C2-032","Products were burnt in Free Run Station.","3","0.87%","The wiring station has arranged motor's wire in wrong position. Especially. the stator's red wire should be place in terminal "" 8"". This caused motor burnt. ","N/A","N/A","310.png","WMS: Based PE's Experience, PE guide the operator how to arrange the wire in correct place.","3/3/2026","Closed","Prod","Man issue","N/A","Dong Dinh Chanh (VN.RYOBI-PIE)"
"2/23/2026","Day shift","High Mix","030169026","C2-032","Burrs were generated in the hole after the stamping process.","1","0.40%","At step M04, the operator did not algin rotor and die casting during input material into pressing fixture. That caused the rotor was positioned off-center from the flat surface at the hole location.","N/A","N/A","Screenshot 2026-02-24 092012.png","Require the leader to reinforce WI compliance at step M04 to ensure proper rotor positioning.","2/23/2026","Closed","Prod","Man issue","N/A","Ha Thanh Dien (VN.RYOBI-PIE)"
"2/22/2026","Day shift","High Volume","011252022","C1-57","Unable to assemble part DRIVER GUIDE COVER","4","0.60%","Part ''DRIVER GUIDE COVER''  deform fai dim: 5.1-5.22mm, actual: 5.55mm","644014001-03","WEIDA","86.png","Informed to SQE team to work with supplier to improve this part to prevent this issue","2/23/2026","Closed","SQE","Material issue","Metal","Le Hong Phong (VN.RYOBI-PIE)"
"2/22/2026","Night shift","High Mix","096631302","C2-047","The tool’s safety trigger feature is working inconsistently","5","1.60%","The wiring has not been placed properly into the housing groove.","N/A","N/A","631 2026-02-23 050511.jpg","Retrain the operators to adhere to the WI","2/22/2026","Closed","Prod","Man issue","N/A","Nguyen Minh Hieu (VN.RYOBI-PIE)"
"2/22/2026","Night shift","High Mix","011254021","C2-002","The tool is not working and the light does not turn on.","7","1.40%","The operator welded the PCBA wires and battery terminals in the wrong position.","N/A","N/A","2026-02-22 254.jpg","Retrain the operator to adhere to the WI. ","2/22/2026","Closed","Prod","Man issue","N/A","Tran Minh Kha (VN.RYOBI-PIE)"
"2/22/2026","Night shift","High Mix","159344004","C2-028","Cosmetic defect: scratch on the front gearcase.","13","1.30%","Due to the operator stacking the WIP items.","N/A","N/A","2026-02-22 344.jpg","Retrain the operator not to stack parts and to follow the 3–5 WIP process properly.","2/22/2026","Closed","Prod","Man issue","N/A","Nguyen Minh Hieu (VN.RYOBI-PIE)"
"2/22/2026","Night shift","High Mix"," 062024010","C2-054","The tool does not power on and the indicator light doesn’t turn on.","4","0.50%","The operator welded the PCBA wires and battery terminals in the wrong position.","N/A","N/A","2026-02-22 024.jpg","Instruct the operator to review the WI and retrain them to perform the operations strictly in accordance with the WI.","2/22/2026","Closed","Prod","Man issue","N/A","Tran Minh Kha (VN.RYOBI-PIE)"
"2/21/2026","Day shift","High Volume","096918002","C1-31","Unit can not boots turbo","1","0.02%","Assebmly shorted Pin PCBA","NA","NA","BBB.png","Retrain operator follow WI","2/21/2026","Closed","Prod","Man issue","N/A","Nguyen Phu Quoc (VN.RYOBI-PIE)"
"2/21/2026","Day shift","High Mix","030424002","C2-055","The O-ring was improperly installed and not fully positioned in the piston groove.","2","0.85%","Dim #25: The piston groove was not completely machined, and excess burrs remain.","318404001","YUEQING SHENJIAN","Screenshot 2026-02-21 145631.png","Request the supplier to implement immediate corrective and preventive actions for Dim #25 machining improvement. SQE will follow up and validate effectiveness to ensure no recurrence.","3/14/2026","Open","SQE","Material issue","Metal","Ha Thanh Dien (VN.RYOBI-PIE)"
"2/21/2026","Day shift","High Volume","096560101","C1-42","Run intemitent","1","0.02%","Shorted PCBA Pin 8 9 ","282200004-02","DS","bbbb.png","SQE work with Supplier to prevent the issue","2/21/2026","Closed","SQE","Material issue","PCBA","Le Hong Phong (VN.RYOBI-PIE)"
"2/21/2026","Day shift","High Volume","095793002","C1-43","Auto Run","1","0.20%","The negative power wire short the switch housing.","NA","NA","Image - 2026-02-21T190617.660.jpg","Training for operation","2/22/2026","Closed","Prod","Man issue","N/A","Le Hong Phong (VN.RYOBI-PIE)"
"2/21/2026","Day shift","High Mix","011159020","C2-004","Tool cannot run","2","0.50%","Cold weld appearance without bonding","N/A","N/A","KIET 2026-02-21 194219.jpg","Retrain the operators to adhere to the WI ","2/21/2026","Closed","Prod","Man issue","N/A","Tran Quoc Kiet (VN.RYOBI-PIE)"
"2/21/2026","Day shift","High Mix","316292006","C2-018","One position is not tightened properly.","5","2.00%","Screw installed in the wrong direction, not according to WI","N/A","N/A","X21211.jpg","Retrain the operators to adhere to the WI and carefully check before transferring to the next step ","2/21/2026","Closed","Prod","Man issue","N/A","Nguyen Trong Nhan (VN.RYOBI-PIE)"
"2/21/2026","Day shift","High Mix","011092015","C2-009","This P/N cannot be used.","4","2.00%","Damaged during stamping (cracked and dented).","N/A","N/A","X2122.jpg","Retrain the operators to adhere to the WI and carefully check before transferring to the next step ","2/21/2026","Closed","Prod","Man issue","N/A","Nguyen Trong Nhan (VN.RYOBI-PIE)"
"2/21/2026","Night shift","High Mix","095379201","C2-043","Cosmetic defect: plastic shortage during the molding process.","1","0.30%","Material issue: plastic short shot during molding.","544386001/544402001","MINH VIET","2026-02-21 797.jpg","Feed back to SQE to work with supplier to clear this case and improve it","2/21/2026","Closed","SQE","Material issue","Plastic","Nguyen Minh Hieu (VN.RYOBI-PIE)"
"2/21/2026","Night shift","High Mix","096797001","C2-041","The handle and hose assembly is missing the retaining lock.","2","1.00%","Material issue: shortages during assembly from the supplier.","316622007","LONG BAO","2026-02-21 A797.jpg","Feed back to SQE to work with supplier to clear this case and improve it","2/21/2026","Closed","SQE","Material issue","Plastic","Nguyen Minh Hieu (VN.RYOBI-PIE)"
"2/21/2026","Night shift","High Mix","316292006","C2-018","The operator is unable to perform the assembly at this station.","1","1.00%","The operator positioned the part incorrectly in the stamping mold.","N/A","N/A","2026-02-21 292.jpg","Retrain the operator to perform the procedure according to the WI.","2/21/2026","Closed","Prod","Man issue","N/A","Tran Minh Kha (VN.RYOBI-PIE)"
"2/21/2026","Night shift","High Mix","316292006","C2-018","The pressure tank does not reach the required pressure.”","5","2.00%","The operator did not install the O‑ring.","N/A","N/A","2026-02-21292_1.jpg","Retrain operator following WI","2/21/2026","Closed","Prod","Man issue","N/A","Tran Minh Kha (VN.RYOBI-PIE)"
"2/21/2026","Day shift","High Mix","011393001","C2-031","The blow mold cable drum cannot be assembled ","2","1.00%","The blow mould cable drum has no hole","319393002","JINGGUANG PLASTIC PRODUCTS DONG NAI VIETNAM CO., LTD","x2211.jpg","SQE requires the supplier to implement corrective actions and improvements.","2/21/2026","Closed","SQE","Material issue","Plastic","Nguyen Trong Nhan (VN.RYOBI-PIE)"
"2/21/2026","Night shift","High Mix","030267007","C2-033","The tool cannot run.","1","0.10%","The carbon brush was damaged due to installation misalignment.","N/A","N/A","Screenshot 2026-02-22 072145.png","Scrap, inform line leader remid the operator focus on work.","2/21/2026","Closed","Prod","Man issue","N/A","Nguyen Si Phu (VN.RYOBI-PIE)"
"2/21/2026","Day shift","High Mix","316292006","C-018","The tank does not accept air during pumping","3","1.00%","Missing screw at the required position due to operator error","N/A","N/A","kiet 2026-02-21 0737161.jpg","Retrain the operators to adhere to the WI ","2/21/2026","Closed","Prod","Man issue","N/A","Tran Quoc Kiet (VN.RYOBI-PIE)"
"2/20/2026","Day shift","EEC","130597246","C2-091","BP failure mode #8 at Performance testing (short circuit)","1","0.10%","The soldering tip was misaligned, leading to a short circuit.","N/A","N/A","Screenshot 2026-02-20 120409.jpg","Inform the PM team to check and adjust the machine immediately.","2/20/2026","Closed","PM","Machine issue","N/A","Phung Quang Bao (VN.RYOBI-PIE)"
"2/20/2026","Day shift","High Mix","030425002","C2-053","The tool did not pass the air leakage test at EOL.","4","1.60%","The operator forgot to install the sealing washer.","N/A","N/A","Screenshot 2026-02-20 180158.png","Inform the line leader to conduct operator retraining and  process controls to avoid recurrence","2/20/2026","Closed","Prod","Man issue","N/A","Ha Thanh Dien (VN.RYOBI-PIE)"
"2/20/2026","Day shift","High Mix","010924002","C2-007","The product generates abnormal noise during operation","1","0.18%","The operator assembled an incorrect planet gear","N/A","N/A","2026-02-20 1.jpg","Improve 5S at all stations.","2/20/2026","Closed","Prod","Man issue","N/A","Mai Chieu Linh (VN.RYOBI-PIE)"
"2/20/2026","Day shift","High Mix","010924002","C2-007","The product became jammed during operation","1","0.18%","The operator failed to install the magnet during the assembly process","N/A","N/A","2026-02-20 5.jpg","The operator must be retrained to be more careful during the assembly process and to strictly control 3 WIPs at each station on the line","2/20/2026","Closed","Prod","Man issue","N/A","Mai Chieu Linh (VN.RYOBI-PIE)"
"2/20/2026","Night shift","High Mix","096875304","C2-051","Visual defect","1","0.20%","Processing not performed","315354007_04","TENGDA","875  2026-02-21 025852.jpg","SQE should improve incoming quality inspection","2/20/2026","Closed","SQE","Material issue","Metal","Nguyen Minh Hieu (VN.RYOBI-PIE)"
"2/20/2026","Night shift","High Mix","096752301","C2-045","Visual defect","1","0.30%","missing plastic","553965002/553966002","KIM DIEP","752  2026-02-21 025729.jpg","SQE should perform better incoming quality control.","2/20/2026","Closed","SQE","Material issue","Plastic","Tran Minh Kha (VN.RYOBI-PIE)"
"2/20/2026","Night shift","High Mix"," 011249011","C2-010","The device is non-operational, and the LED indicator is blinking.","5","1.00%","The operator incorrectly welded the motor wires and the PCBA at the wrong positions.","N/A","N/A","2026-02-20 249.jpg","Retrain the operator to adhere to the WI. ","2/20/2026","Closed","Prod","Man issue","N/A","Tran Minh Kha (VN.RYOBI-PIE)"
"2/20/2026","Night shift","High Volume","096607002","C1-07 and C1-31","Can not shoot the screw into the hole of the motor","2","0.20%","The hole of the motor have no the thread","743093002-01","Topband","truong58.jpg","Feed back to SQE to work with supplier to clear this case and improve it","2/21/2026","Closed","SQE","Material issue","Motor","Kien Minh Truong (VN.RYOBI-PIE)"
"2/20/2026","Night shift","High Mix","316292006","C2-018","The air reservoir is pressurized, but the driver blade does not extend outward.","4","1.00%","Because the operator did not adjust the cam back to the correct position.","N/A","N/A","2026-02-20 292.jpg","Retrain the operator to place it in the correct orientation according to the WI.","2/20/2026","Closed","Prod","Man issue","N/A","Nguyen Minh Hieu (VN.RYOBI-PIE)"
"2/20/2026","Night shift","High Mix","030227005","C2-033","The sander failed to change speed during EOL testing","5","0.10%","Workmanship issue: The PCBA terminal was improperly inserted into the speed control board.","N/A","N/A","Picture22.png","Repair, inform line leader retrain the operator at this station","2/20/2026","Closed","Prod","Man issue","N/A","Nguyen Si Phu (VN.RYOBI-PIE)"
"2/20/2026","Night shift","High Mix","159117002","C2-034","External defect: scratch on the front gear case.","4","0.40%","5S issue: WIP items were placed on the production line and stacked on top of each other.","N/A","N/A","2026-02-20 117.jpg","Reinstruct the operator not to stack the WIP items and to follow the 3_5 WIP procedure correctly.","2/20/2026","Closed","Prod","Man issue","N/A","Tran Minh Kha (VN.RYOBI-PIE)"
"2/20/2026","Night shift","High Mix","030227005","C2-033","The sander didn’t work","1","0.10%","The operator forgot to assemble rotor and carbon brush at station C17&C34","N/A","N/a","Screenshot 2026-02-21 071030.png","Repari, inform to line leader retrain the operator at this station","2/20/2026","Closed","Prod","Man issue","N/A","Nguyen Si Phu (VN.RYOBI-PIE)"
"2/20/2026","Night shift","High Mix","030227005","C2-033","The sander did not work","1","0.10%","Workmanship issue: The stator terminal was not properly inserted into the brushless carbon at station C11.","N/A","N/A","Screenshot 2026-02-21 071525.png","repair, inform to line leader retrain the operator at this station","2/20/2026","Closed","Prod","Man issue","N/A","Nguyen Si Phu (VN.RYOBI-PIE)"
"2/20/2026","Night shift","High Mix","011274007","C2-002","The motor shaft is deformed, preventing the planetary gear from being pressed onto it.","1","0.25%","The operator did not align the motor with the gear properly during the press‑fitting process.","N/A","N/A","2026-02-20 274.jpg","Reinstruct the operator to ensure the components are fully seated and properly aligned before performing the pressing operation.","2/20/2026","Closed","Prod","Man issue","N/A","Nguyen Minh Hieu (VN.RYOBI-PIE)"
"2/20/2026","Day shift","High Mix","011393001","C2-031","The motor failed the test after the gearbox was assembled ","20","10.00%","The machine-side connector (+/–) is loose, causing poor contact with the motor.","N/A","N/A","x2121.jpg","PM need to improve the machine. ","2/20/2026","Closed","PM","Machine issue","N/A","Nguyen Trong Nhan (VN.RYOBI-PIE)"
"2/19/2026","Day shift","High Mix","011274007","C2-002","The AL gear case with 2 needle bearings cannot be assembled","9","4.00%","The die casting failed dim#9, spec: 20.95-21.05mm, actual: 21.23mm.","318790001","SHENZHEN YUEHUARUI HARDWARE PRODUCTS CO., LTD","x1921.jpg","SQE requires the supplier to implement the correct actions","2/19/2026","Closed","SQE","Material issue","Metal","Nguyen Trong Nhan (VN.RYOBI-PIE)"
"2/19/2026","Day shift","High Volume","096607002","7","Can not program firmware","1","1.92%","Soldering wire wrong position on the battery foot","N/A","N/A","image (4)2.png","Retrain operator following WI","2/19/2026","Closed","Prod","Man issue","N/A","Tran Duy Quat (VN.RYOBI-PIE)"
"2/19/2026","Night shift","High Mix","010924002","C2-059","The tool is running, but the shaft is jammed.","7","0.15%","The operator placed the motor assembly in the wrong orientation","N/A","N/A","924 2026-02-20 054315.jpg","Instruct the operator to re-read the WI and provide retraining to ensure proper execution according to the WI.","2/19/2026","Closed","Prod","Man issue","N/A","Nguyen Minh Hieu (VN.RYOBI-PIE)"
"2/19/2026","Night shift","High Mix","011238019","C2-030","The equipment is not operating; the motor shaft is seized and cannot rotate.","3","6.00%","The operator dropped a spacer washer into the rotor coil.","N/A","N/A","238 2026-02-20 061801.jpg","Guide the operator to recheck by rotating the shaft after finishing the task.","2/19/2026","Closed","Prod","Man issue","N/A","Tran Minh Kha (VN.RYOBI-PIE)"
"2/19/2026","Night shift","High Mix","159117002","C2-034","Appearance defect: plastic short shot during molding.","14","1.40%","Material issue: plastic short shot during molding.","316716001/316717001","MING SHING","2026-02-19 117.jpg","SQE requires the supplier to implement corrective actions and improvements","2/19/2026","Closed","SQE","Material issue","Plastic","Tran Minh Kha (VN.RYOBI-PIE)"
"2/19/2026","Day shift","High Mix","011249011","C2-010","Tool cannot run","4","1.50%","The solenoid wire was broken ","N/A","N/A","x2021.jpg","Retrain the operators to adhere to the WI","2/19/2026","Closed","Prod","Man issue","N/A","Nguyen Trong Nhan (VN.RYOBI-PIE)"
"2/19/2026","Day shift","High Mix","010945024","C2-008","Tool runs, but the driving blade is jammed.","5","2.00%","The operator assembled the part in the wrong groove, not according to WI.","N/A","N/A","x200202.jpg","Retrain the operators to adhere to the WI","2/19/2026","Closed","Prod","Man issue","N/A","Nguyen Trong Nhan (VN.RYOBI-PIE)"
"2/19/2026","Day shift","High Mix","011493003","C2-006","The tool cannot pass the functional test ","4","1.50%","The LED wire was broken, and the assembly position was misaligned.","N/A","N/A","x200203.jpg","Retrain the operators to adhere to the WI","2/19/2026","Closed","Prod","Man issue","N/A","Nguyen Trong Nhan (VN.RYOBI-PIE)"
"2/19/2026","Night shift","High Mix","030409002","C2-053","The tool was detected leakage air 120psi at the station EOL test.","1","0.10%","Workmanship issue: The rubber ring had misalignment at the station C11 process.","N/A","N/A","Screenshot 2026-02-20 070429.png","Repair, inform line leader remind the operator at this station","2/19/2026","Closed","Prod","Man issue","N/A","Nguyen Si Phu (VN.RYOBI-PIE)"
"2/19/2026","Night shift","High Mix","095396302","C2-041","The tool is not functioning.","1","0.50%","Due to the operator missing a component during assembly.","N/A","N/A","2026-02-19 396.jpg","Retrain the operator to perform the procedure according to the WI.","2/19/2026","Closed","Prod","Man issue","N/A","Nguyen Minh Hieu (VN.RYOBI-PIE)"
"2/19/2026","Night shift","High Mix","130690054","C2-096","The pin 4V was detected failure one color red in the led.","1","0.10%","Missing soldering on the pin MCU.","280079037","TOP TEK","Screenshot 2026-02-20 071055.png","inform to SQE team to work with supplier to prevent this issue.","2/19/2026","Closed","SQE","Material issue","PCBA","Nguyen So Ni (VN.RYOBI-PIE)"
"2/19/2026","Night shift","High Mix","096631302","C2-047","Self‑propelled tool","1","0.30%","Due to the operator installing the switch in the wrong position.","N/A","N/A","2026-02-19 631.jpg","Retrain the operator to perform the procedure according to the WI.","2/19/2026","Closed","Prod","Man issue","N/A","Tran Minh Kha (VN.RYOBI-PIE)"
"2/19/2026","Day shift","High Mix","010945024","C2-008","The tool is not functioning","10","5.00%","The direction blade assembly was in the wrong position","N/A","N/A","2026-02-20 073009.jpg","Retrain the operators to adhere to the WI   ","2/19/2026","Closed","Prod","Man issue","N/A","Tran Quoc Kiet (VN.RYOBI-PIE)"
"2/19/2026","Night shift","High Mix","010924002","C2-059","The tool lights up but does not operate.","1","1.00%","Due to the operator failing to install the magnet.","N/A","N/A","2026-02-19 924.jpg","Retrain the operator to perform the operation according to the WI.","2/19/2026","Closed","Prod","Man issue","N/A","Nguyen Minh Hieu (VN.RYOBI-PIE)"
"2/19/2026","Day shift","High Mix","095789401","C2-023","The product operates with an abnormal sound","2","1.00%","The operator did not tighten the screw properly.","N/A","N/A","2026-02-19 12.jpg","Re-train the operator on how to tighten the screw correctly and ask them to double-check after finishing their station.","2/19/2026","Closed","Prod","Man issue","N/A","Mai Chieu Linh (VN.RYOBI-PIE)"
"2/19/2026","Day shift","High Mix","010945024","C2-008","The tool cannot operate after installation because it is jammed.","200","20.00%","The P/N failed dim #5, spec 10.65mm-10.75mm act 10.93mm","635637002",,"KIET KKK.jpg","JIN JUE","2/19/2026","Closed","Prod","Material issue","Metal","Tran Quoc Kiet (VN.RYOBI-PIE)"
"2/19/2026","Day shift","High Mix","011197045","C2-029","The product cannot operate","4","0.40%","The motor was deformed during the pressing process.","N/A","N/A","2026-02-19 2.jpg","Re-train the operator to ensure the motor is properly fitted with the fixture before pressing the start button on the machine.","2/19/2026","Closed","Prod","Man issue","N/A","Mai Chieu Linh (VN.RYOBI-PIE)"
"2/19/2026","Day shift","High Mix","011220043","C2-001"," The housing is scratched","177","38.00%","Material issue: The housing was scratched in the original box","370404006/370405001","TOAN THAI HUNG TRADING PRODUCTION CO., LTD","2026-02-19 8.jpg","The SQE arranged for the supplier to sort the good material to resume production line. Request 8D report from supplier.","2/28/2026","Open","SQE","Material issue","Plastic","Mai Chieu Linh (VN.RYOBI-PIE)"
"2/18/2026","Day shift","EEC","130597244","C2-112","Components on PCBA are burnt and damaged","1","0.10%","Soldering machine works abnormal","N/A","N/A","dess.jpg","Inform PM come to check and adjust machine to avoid repeat issue","2/18/2026","Closed","PM","Machine issue","N/A","Ryan Le Gia Dat (VN.RYOBI-PIE)"
"2/18/2026","Day shift","High Volume","096893006DG9","C1-03","When assembling the gear set into the gearbox, it rotates quite stiffly.","89","14.40%","The gear's hole is non-concentric","613964001-01","Pu Zhou","truong54.jpg","Feed back to SQE to work with supplier to clear this case and improve it","2/19/2026","Closed","SQE","Material issue","Metal","Tran Duy Quat (VN.RYOBI-PIE)"
"2/18/2026","Night shift","High Volume","096893005","C1-27","When assembling the gear set into the gearbox, it rotates quite stiffly.","158","30.90%","The holes in the gear are not concentric, leading to failure the run out dimension.","613964001-01","Pu Zhou","truong55.jpg","Feed back to SQE to work with supplier to clear this case and improve it","2/19/2026","Keep monitoring","SQE","Material issue","Metal","Kien Minh Truong (VN.RYOBI-PIE)"
"2/18/2026","Night shift","High Volume","095792001","C1-22
","The slider when assembly into the spool base of boom head can not release when push","280","42.10%","The spool base of boom head of C2 tooling is failed at dimension 19 and BOOM call version 04 for production but at FAI file the version 04 just make by D tooling, as for C tooling just make version 03 =>The supplier delivered wrong version from BOOM","524851002-04","Minh Viet","truong56.jpg","Feed back to SQE team to work with supplier to improve this issue","2/19/2026","Keep monitoring","SQE","Material issue","Plastic","Kien Minh Truong (VN.RYOBI-PIE)"
"2/18/2026","Night shift","High Mix","095875304","C2-051","The operator detected an abnormal appearance condition.","2","0.20%","Due to NG incoming material, P/N 315354007 { sub P/N : 683623004 NG (Dim 21: spec 29.25, actual 26.5774) (Dim 27: spec 20.75, actual 22.7239)}.","315354007","TENGDA","2026-02-18 875.jpg","Informed SQE to work with supplier for improvement in next Lot. (The 2pcs were CE, charge cost to supplier)","2/18/2026","Closed","SQE","Material issue","Metal","Tran Minh Kha (VN.RYOBI-PIE)"
"2/18/2026","Night shift","High Mix","095396302","C2-041","The tool is not operating.","1","0.30%","Due to the operator soldering the wrong wires between the PCBA and the motor.","N/A","N/A","2026-02-18 396.jpg","N/A","2/18/2026","Closed","Prod","Man issue","N/A","Nguyen Minh Hieu (VN.RYOBI-PIE)"
"2/18/2026","Night shift","High Mix","011396010","C2-014","The tool is not operating and flashes a red light 9 times.","15","0.90%","Due to the operator placing the magnet in the wrong orientation according to the WI and skipping the re‑inspection step using the tester.”","N/A","N/A","2026-02-18 A396.jpg","Instruct the operator to re-read the WI and provide retraining to ensure proper execution according to the WI.","2/18/2026","Closed","Prod","Man issue","N/A","Tran Minh Kha (VN.RYOBI-PIE)"
"2/18/2026","Night shift","High Mix","030409002","C2-053","The tool failed the EOL test due to an air leakage issue.","15","4.20%","Workmanship issue: The rubber ring was assembled wrong position at the station C11","N/A","N/A","Screenshot 2026-02-19 065325.png","Repair, contact Line leader retrain the operator at this station","2/18/2026","Closed","Prod","Man issue","N/A","Nguyen Si Phu (VN.RYOBI-PIE)"
"2/18/2026","Night shift","High Volume","095633312","C1-26","The tool can not function when trig the safety trigger","10","10.00%","The safety trigger is failed when putting in the sorting gauge fixture","541586002-02","Fukai","truong57.jpg","Feed back to SQE to work with supplier to clear this case and improve it","2/19/2026","Keep monitoring","SQE","Material issue","Plastic","Kien Minh Truong (VN.RYOBI-PIE)"
"2/18/2026","Night shift","High Mix","030403002","C2-055","The nail gun cannot shoot nails","1","0.10%","The workmanship issue: Missing stamped trigger contact plate in the switch assembly","N/a","N/A","Screenshot 2026-02-19 065936.png","Repair, contact Line leader retrain the operator at this station","2/18/2026","Closed","Prod","Man issue","N/A","Nguyen Si Phu (VN.RYOBI-PIE)"
"2/18/2026","Day shift","High Mix","011479004","C2-027","The tool is not functioning","2","0.50%","The screw was installed in an incorrect location by the operator","N/A","N/A","KIETX1.jpg","Retrain the operators to adhere to the WI","2/18/2026","Closed","Prod","Man issue","N/A","Tran Quoc Kiet (VN.RYOBI-PIE)"
"2/18/2026","Day shift","High Mix","011479004","C-027","The tool is not functioning","2","0.50%","The operator skipped a step in the welding process","N/A","N/A","kiet 18.jpg","Retrain the operators to adhere to the WI ","2/18/2026","Closed","Prod","Man issue","N/A","Tran Quoc Kiet (VN.RYOBI-PIE)"
"2/18/2026","Day shift","High Mix","011114001","C2-002","The motor cannot run","1","0.50%","Broken connection wire","N/A","N/A","x192.jpg","Retrain the operators to adhere to the WI and carefully check before transferring to the next step ","2/18/2026","Closed","Prod","Man issue","N/A","Nguyen Trong Nhan (VN.RYOBI-PIE)"
"2/18/2026","Day shift","High Mix","011479004","C2-027","The tool is not working","1","0.50%","The welding touched the motor ","N/A","N/A","KIET 18 02 2026.jpg","Retrain the operators to adhere to the WI ","2/18/2026","Closed","Prod","Man issue","N/A","Tran Quoc Kiet (VN.RYOBI-PIE)"
"2/18/2026","Day shift","High Mix","010897002","C2-003","The die casting cannot be assembled ","1","0.50%","The die casting was broken during assembly ","N/A","N/A","x1922.jpg","Retrain the operators to adhere to the WI ","2/18/2026","Closed","Prod","Man issue","N/A","Nguyen Trong Nhan (VN.RYOBI-PIE)"
"2/18/2026","Day shift","High Mix","010945024","C2-008","The Driver Mass Guide Bracket cannot be assembled ","22","11.00%","R25 machined in the wrong direction","635642002","JOY PROSPER ENTERPRISE COMPANY LIMITED","kha 192.jpg","SQE requires the supplier to implement the correct actions","2/18/2026","Closed","SQE","Material issue","Metal","Tran Minh Kha (VN.RYOBI-PIE)"
"2/18/2026","Day shift","High Volume","096607002","C1-07"," The product cannot upload the firmware.","1","0.10%","Misaligned switch installation causes the connector pin to shift.","N/A","N/A","607_07_1.jpg","Feedback to production supervisors and leader for improvement.","2/18/2026","Closed","Prod","Man issue","N/A","Tran Duy Quat (VN.RYOBI-PIE)"
"2/17/2026","Day shift","High Mix","030409002","C2-053","Air leakage was detected at the EOL station.","10","5.00%","The operator forgot to install the sealing gasket at step A07 as required by the WI.","N/A","N/A","Screenshot 2026-02-17 150927.png","Inform the leader to retrain operators to ensure proper understanding the WI.","2/17/2026","Closed","Prod","Man issue","N/A","Ha Thanh Dien (VN.RYOBI-PIE)"
"2/17/2026","Day shift","High Mix","030409002","C2-053","Air leakage was detected at the EOL station.","1","0.80%","The operator installed two washers instead of one washer, as required in the WI.","N/A","N/A","Screenshot 2026-02-17 153029.png","Remove extra washer and rework NG part, inform the line leader to retrain the worker to follow the WI correctly.","2/17/2026","Closed","Prod","Man issue","N/A","Ha Thanh Dien (VN.RYOBI-PIE)"
"2/17/2026","Night shift","High Mix","095789401","C2-023","The rear support frame does not fit into the steel tube groove","91","90.00%","Material issue: NG DIM 24 (spec: 9.8-10.2 VS act: 10.73 , 10.80 , 10.65) and NG DIM 25 (spec: 5.0-5.4 VS act: pin gauge 4.99 cannot go through the hole)","685540001-01","SHIJIN","Screenshot 2026-02-17 225617.jpg","Request 8D report from supplier","2/27/2026","Open","SQE","Material issue","Metal","Tran Minh Kha (VN.RYOBI-PIE)"
"2/17/2026","Day shift","High Mix","011238019","C2-030","The scew  cannot be tightened","10","3.00%","Wrong screw selected due to insufficient operator training.","N/A","N/A","x172.jpg","Retrain the operator to adhere to the WI","2/17/2026","Closed","Prod","Man issue","N/A","Nguyen Trong Nhan (VN.RYOBI-PIE)"
"2/17/2026","Day shift","High Mix","011114011","C2-002","The guard hood is scratched","1","0.50%","Operator did not follow the correct procedure.","632144011","JOY PROSPER ENTERPRISE COMPANY LIMITED","x1722.jpg","Retrain the operator to adhere to the WI","2/17/2026","Closed","Prod","Man issue","N/A","Nguyen Trong Nhan (VN.RYOBI-PIE)"
"2/17/2026","Day shift","High Mix","159344004","C2-028","The die casting is cratched","30","13.00%","The operator handling error","644931001","VIET NAM HAI THAO MACHINERY COMPANY LIMITED","x1723.jpg","Retrain the operator to adhere to the WI","2/17/2026","Closed","Prod","Man issue","N/A","Nguyen Trong Nhan (VN.RYOBI-PIE)"
"2/17/2026","Day shift","High Mix","011059011","C2-011","The wire is broken ","1","0.50%","Pinched and broken during assembly.","N/A","N/A","X1724.jpg","Retrain the operator to adhere to the WI","2/17/2026","Closed","Prod","Man issue","N/A","Nguyen Trong Nhan (VN.RYOBI-PIE)"
"2/17/2026","Night shift","High Volume","096203102DG9","C1-42","The product cannot upload the firmware.","62","10.00%","Incoming material is NG. The black wire is broken, the wire is exposed and there is no continuity.","292747001","HAIXING","203_42_1.jpg","Feedback to SQE for improvement","2/18/2026","Closed","SQE","Material issue","PCBA","Tran Duy Quat (VN.RYOBI-PIE)"
"2/17/2026","Night shift","High Volume","095711001","C1-38","The gear slipped off the pin after stamping.","6","1.00%","The gear out of dimension 3. Spec 4.03, Actual 4.05.","611906001","PU ZHOU","771_38_1.jpg","Feedback to SQE for improvement","2/17/2026","Closed","SQE","Material issue","N/A","Tran Duy Quat (VN.RYOBI-PIE)"
"2/17/2026","Night shift","High Mix","011396010","C2-014","The tool is not operating and flashes a red light 9 times.","10","3.30%","Incorrect magnet pole orientation inserted by the operator.","N/A","N/A","2026-02-17 396.jpg","Retrain the operator to adhere to the WI.","2/17/2026","Closed","Prod","Man issue","N/A","Nguyen Minh Hieu (VN.RYOBI-PIE)"
"2/17/2026","Night shift","High Mix","011396010","C2-002","The tool is not operating and flashes a red light 9 times.","3","1.00%","The operator misaligned the motor when placing it into the stamping mold.","N/A","N/A","2026-02-17 3962.jpg","Retrain the operator to perform the task according to the WI.","2/17/2026","Closed","Prod","Man issue","N/A","Tran Minh Kha (VN.RYOBI-PIE)"
"2/17/2026","Night shift","High Mix","011238019","C2-030","The tool is not operating and flashes the light 12 times.","1","0.20%","Missing soldering between the PCBA and motor terminals by the operator.","N/A","N/A","2026-02-17 238.jpg","Retrain the operator to perform the task according to the WI.","2/17/2026","Closed","Prod","Man issue","N/A","Nguyen Minh Hieu (VN.RYOBI-PIE)"
"2/17/2026","Night shift","High Mix","159344004","C2-028","The die casting is cratched","7","1.40%","Due to the operator placing too many WIP items.","N/A","N/A","2026-02-17 344.jpg","Retrain the operator not to stack materials and to follow the 3–5 WIP procedure.","2/17/2026","Closed","Prod","Man issue","N/A","Tran Minh Kha (VN.RYOBI-PIE)"
"2/17/2026","Night shift","High Mix","011114011","C2-002","The tool is not operating.","1","0.20%","Due to the operator routing the wire through the screw‑driving area, causing the wire to break.","N/A","N/A","2026-02-17 114 1.jpg","Retrain the operator to perform the task according to the WI.","2/17/2026","Closed","Prod","Man issue","N/A","Nguyen Minh Hieu (VN.RYOBI-PIE)"
"2/17/2026","Night shift","High Volume","096607002","C1-07","The product has an abnormal sound.","1","0.10%","At station 9, the operator handled one extra spring washer.","N/A","N/A","607_07.jpg","Feedback to production supervisors and leaders for improvement.","2/17/2026","Closed","Prod","Man issue","N/A","Tran Duy Quat (VN.RYOBI-PIE)"
"2/17/2026","Day shift","High Mix","010897002","C2-003","The motor cannot rotate ","1","0.50%","Due to misalignment during stamping","N/A","N/A","x182.jpg","Retrain the operators to adhere to the WI ","2/17/2026","Closed","Prod","Man issue","N/A","Nguyen Trong Nhan (VN.RYOBI-PIE)"
"2/17/2026","Day shift","High Mix","010897002","C2-003","Tool cannot run ","1","0.50%","The PCBA has a broken component.","N/A","N/A","x1822.jpg","Retrain the operators to adhere to the WI ","2/17/2026","Closed","Prod","Man issue","N/A","Nguyen Trong Nhan (VN.RYOBI-PIE)"
"2/17/2026","Day shift","High Mix","011114011","C2-002","The P/N cannot be assembled ","1","0.50%","The shaft broke during stamping and remained stuck in the die.","N/A","N/A","x1823.jpg","Retrain the operators to adhere to the WI ","2/17/2026","Closed","Prod","Man issue","N/A","Nguyen Trong Nhan (VN.RYOBI-PIE)"
"2/17/2026","Day shift","High Mix","011114011","C2-002","The die casting cannot be assembled ","1","0.50%","Broken during stamping.","N/A","N/A","x1824.jpg","Retrain the operators to adhere to the WI ","2/17/2026","Closed","Prod","Man issue","N/A","Nguyen Trong Nhan (VN.RYOBI-PIE)"
"2/17/2026","Day shift","High Mix","011249010","C2-010","Tool cannot run ","8","3.00%","Miswiring due to failure to follow the WI","N/A","N/A","x180266.jpg","Retrain the operators to adhere to the WI ","2/17/2026","Closed","Prod","Man issue","N/A","Nguyen Trong Nhan (VN.RYOBI-PIE)"
"2/17/2026","Night shift","High Mix","030409002","C2-053","The nail gun NG auto shoot nails mode 3T","20","10.00%","The switch was wrong dicrection at the station C19","N/A","N/A","Screenshot 2026-02-18 071203.png","repair, contact line leader retrain the operator at this station.","2/17/2026","Closed","Prod","Man issue","N/A","Nguyen So Ni (VN.RYOBI-PIE)"
"2/17/2026","Night shift","High Mix","011059011","C2-011","The operator is unable to assemble it onto the motor.","4","1.00%","Due to the operator at station Z05.2 missing the stamping of the shaft spacer.","N/A","N/A","2026-02-17 059.jpg","Retrain the operator to adhere to the WI. ","2/17/2026","Closed","Prod","Man issue","N/A","Tran Minh Kha (VN.RYOBI-PIE)"
"2/17/2026","Night shift","High Mix","010929007","C2-001","Incorrect motor stamping orientation.","4","0.80%","Due to the operator placing it in the stamping mold in the wrong orientation","N/A","N/A","2026-02-17 929.jpg","Retrain the operator to place it in the correct orientation according to the WI.","2/17/2026","Closed","Prod","Man issue","N/A","Nguyen Minh Hieu (VN.RYOBI-PIE)"
"2/17/2026","Day shift","High Mix","011249010","C2-010","The tool failed to operate","3","0.50%","The part was installed with misalignment due to inaccurate positioning during the operation","N/A","N/A","7.jpg","Retrain the operators to adhere to the WI ","2/17/2026","Closed","Prod","Man issue","N/A","Tran Quoc Kiet (VN.RYOBI-PIE)"
"2/17/2026","Day shift","High Mix","011114011","C2-008","The tool is not functioning","2","0.50%","The plug pin is broken ","N/A","N/A","kietx.jpg","Retrain the operations to adhere to the WI ","2/17/2026","Closed","Prod","Man issue","N/A","Tran Quoc Kiet (VN.RYOBI-PIE)"
"2/17/2026","Day shift","High Mix","096720001","C2-041","Tool cannot run","1","0.50%","The incoming material failed, has a crew inside","0318197003","ET ","kietx76788.jpg",,"2/17/2026","Closed","SQE","Material issue","N/A","Tran Quoc Kiet (VN.RYOBI-PIE)"
"2/17/2026","Day shift","High Mix","159117002","C2-034","Visual defect ","260","26.00%","The incoming material does not meet the drawing requirements. ","316717001-02/316716001-02","MING SHING","kha1802.jpg","SQE requires the supplier to implement corrective actions and improvements, 8D report ","3/4/2026","Keep monitoring","SQE","Material issue","Plastic","Tran Minh Kha (VN.RYOBI-PIE)"
"2/16/2026","Day shift","High Mix","030384006","C2-055","The tool cannot shoot nails due to air leakage.","5","4.00%","The air valve rubber O-ring was not installed.","N/A","N/A","Screenshot 2026-02-16 134847.png","Inform the line leader to retrain the operators at the C12.2 station to ensure proper understanding the WI.","2/16/2026","Closed","Prod","Man issue","N/A","Ha Thanh Dien (VN.RYOBI-PIE)"
"2/16/2026","Day shift","High Mix","030384006","C2-055","Air leakage was detected at the EOL station.","1","0.80%","the worker didn't fully insert the rubber O-ring into the groove of the plastic pipe.","N/A","N/A","Screenshot 2026-02-16 140720.png","Inform the leader to retrain the operators and require inspection before placing them to the next process","2/16/2026","Closed","Prod","Man issue","N/A","Ha Thanh Dien (VN.RYOBI-PIE)"
"2/16/2026","Day shift","High Mix","C2-055","030384006","The tool cannot fire nails.","1","0.80%","The piston latch was assembled in the wrong direction.","N/A","N/A","Screenshot 2026-02-16 142756.png","Inform the line leader to retrain the operators to ensure proper understanding of the WI at step C22.","2/16/2026","Closed","Prod","Man issue","N/A","Ha Thanh Dien (VN.RYOBI-PIE)"
"2/16/2026","Day shift","High Mix","011114011","C2-002","The part cannot be  assembled ","2","1.00%","Missing component during assembly.","N/A","N/A","x162.jpg","Retrain the operators to adhere to the WI and carefully check before transferring to the next step ","2/16/2026","Closed","Prod","Man issue","N/A","Nguyen Trong Nhan (VN.RYOBI-PIE)"
"2/16/2026","Day shift","High Mix","159344004","C2-028","Visual defect ","13","4.00%","Scratches caused by operator handling.","644931001","VIET NAM HAI THAO MACHINERY COMPANY LIMITED","X1622.jpg","Retrain the operators to adhere to the WI and carefully check before transferring to the next step ","2/16/2026","Closed","Prod","Man issue","N/A","Nguyen Trong Nhan (VN.RYOBI-PIE)"
"2/16/2026","Day shift","High Mix","010831004","C2-007","The tool shows unstable operation and failed the functional test.","16","10.00%","Pinched wire causing breakage and motor short.","N/A","N/A","x1623.jpg","Retrain the operators to adhere to the WI and carefully check before transferring to the next step ","2/16/2026","Closed","Prod","Man issue","N/A","Nguyen Trong Nhan (VN.RYOBI-PIE)"
"2/16/2026","Day shift","High Mix","010831004","C2-007","Poor solder wetting.","5","2.00%","Incorrect soldering machine parameter setting.","N/A","N/A","x1624.jpg","PM need to improve the machine","2/16/2026","Closed","PM","Machine issue","N/A","Nguyen Trong Nhan (VN.RYOBI-PIE)"
"2/16/2026","Day shift","High Mix","010837004","C2-007","Tool cannot run ","3","1.20%","The wire is broken","N/A","N/A","xkiet.jpg","Retrain the operators to adhere to the WI","2/16/2026","Closed","Prod","Man issue","N/A","Tran Quoc Kiet (VN.RYOBI-PIE)"
"2/16/2026","Day shift","High Mix","101897002","C2-003","Motor failed functional test after gearbox assembly","10","5.00%","wrong gear assembled by operator","N/A","N/A","xkiet2.jpg","Retrain the operators to adhere to the WI ","2/16/2026","Closed","Prod","Man issue","N/A","Tran Quoc Kiet (VN.RYOBI-PIE)"
"2/16/2026","Night shift","High Volume","011228022","C1-47","The product is not working","1","0.10%","The switch contact pins are burnt and deformed.","N/A","N/A","228-47_1.jpg","Feedback to production supervisors and leaders for improvement.","2/16/2026","Closed","Prod","Man issue","N/A","Tran Duy Quat (VN.RYOBI-PIE)"
"2/16/2026","Night shift","High Mix","030409002","C2-053","Air leakage was detected in the tool while operating in Group 2 mode at the EOL station.","10","3.30%","Missing rubber O-ring at the station C29","N/A","N/A","Screenshot 2026-02-17 063429.png"," Inform the line leader retrain the operator at this station.","2/16/2026","Closed","Prod","Man issue","N/A","Nguyen Si Phu (VN.RYOBI-PIE)"
"2/16/2026","Night shift","High Mix","011337005","C2-030","The device’s indicator light is flashing, but the unit is not functioning.","3","0.60%","The issue occurred because the operator failed to install the needle roller bearing.","N/A","N/A","2026-02-16  337.jpg","“Retrain the operator to perform the task according to the WI.","2/16/2026","Closed","Prod","Man issue","N/A","Tran Minh Kha (VN.RYOBI-PIE)"
"2/16/2026","Night shift","High Mix","011197045","C2-004","The tool displays a high current value during the feature test.","6","0.20%","Assembled on the wrong side.","N/A","N/A","197 2026-02-17 065836 hieu.jpg","Perform the operation training again according to the WI","2/16/2026","Closed","Prod","Man issue","N/A","Nguyen Minh Hieu (VN.RYOBI-PIE)"
"2/16/2026","Day shift","High Mix","101897002","C2-059","Tool cannot run ","10","5.00%","Wrong gear during assembly","N/A","N/A","kiet 172.png","Retrain the operators to adhere to the WI   ","2/16/2026","Closed","Prod","Man issue","N/A","Tran Quoc Kiet (VN.RYOBI-PIE)"
"2/16/2026","Night shift","High Mix","030412003","C2-033","The product was worked abnormal","17","5.00%","Workmanship issue: The rubber ring was assembled in the wrong direction at the station G16","N/A","N/A","Screenshot 2026-02-17 073151.png","Scrap, contact line leader retrain the operator at this station","2/16/2026","Closed","Prod","Man issue","N/A","Nguyen So Ni (VN.RYOBI-PIE)"
"2/15/2026","Day shift","High Mix","010945024","C2-008","The plastic part is difficult to fit in","40","10.00%","failed dim #3 , spec: 5-5,2mm, actual: 4.82mm","536133001-02","MING SHIMG","2026-02-15.png","SQE requests the supplier to provide corrective actions","2/15/2026","Closed","SQE","Material issue","Plastic","Tran Quoc Kiet (VN.RYOBI-PIE)"
"2/15/2026","Night shift","High Volume","096764010","C1-05","The product is missing the LED label.","1","1.00%","The operator skipped Step 1 at Station 16, the LED label‑applying step.","N/A","N/A","564.jpg","Feedback to production supervisors and leaders for improvement.","2/15/2026","Closed","SQE","Man issue","N/A","Tran Duy Quat (VN.RYOBI-PIE)"
"2/15/2026","Day shift","High Mix","010945024DP","C2-008","The tool powers on and operates unexpectedly before the main switch is engaged.","5","0.15%","Wires were soldered to the wrong color positions.","N/A","N/A","Screenshot 2026-02-16 023421.jpg","Perform the operation training again according to the WI.","2/15/2026","Closed","Prod","Man issue","N/A","Nguyen Minh Hieu (VN.RYOBI-PIE)"
"2/15/2026","Night shift","High Mix","010831004","C2-007","The equipment is operating under high current conditions.","10","2.00%","due to the operator installing the wrong knife‑grid P/N.","N/A","N/A","2026-02-15  A831.jpg","Retrain the operator to use the correct P/N according to the assembly position.","2/15/2026","Closed","Prod","Man issue","N/A","Tran Minh Kha (VN.RYOBI-PIE)"
"2/15/2026","Night shift","High Mix","095875304","C2-051","he motor is running, but the blade is not moving.","5","0.63%","The operator failed to install the planetary gear.","N/A","N/A","2026-02-15 OP 875.jpg","Retrain the operator to perform the procedure according to the WI.","2/15/2026","Closed","Prod","Man issue","N/A","Tran Minh Kha (VN.RYOBI-PIE)"
"2/15/2026","Night shift","High Mix","011337005","C2-030","The device’s indicator light is flashing, but the unit does not function.","3","0.60%","Incorrect wire routing caused the wire to break during the screw‑driving process.","N/A","N/A","2026-02-15 A337.jpg","Retrain the operator to perform the procedure according to the WI.","2/15/2026","Closed","Prod","Man issue","N/A","Nguyen Minh Hieu (VN.RYOBI-PIE)"
"2/15/2026","Night shift","High Volume","011252022","C1-57","The product is not working","1","0.10%","The signal cable is pinched and broken.","N/A","N/A","252_57_1.jpg","Feedback to production supervisors and leaders for improvement.","2/15/2026","Closed","Prod","Man issue","N/A","Tran Duy Quat (VN.RYOBI-PIE)"
"2/15/2026","Night shift","High Volume","011201005","C1-54","The product is not working","1","0.10%","The capacitor on the PCBA is dented.","N/A","N/A","201_52_1.jpg","Feedback to production supervisors and leaders for improvement.","2/15/2026","Closed","Prod","Man issue","N/A","Tran Duy Quat (VN.RYOBI-PIE)"
"2/14/2026","Day shift","High Mix","011945024","C2-008","The part cannot be removed from the stamping die after the stamping process.","6","3.00%","The mold is chipped.","N/A","N/A","x1421.jpg","PM need to improve the mold.","2/14/2026","Closed","PM","Machine issue","N/A","Nguyen Trong Nhan (VN.RYOBI-PIE)"
"2/14/2026","Day shift","High Mix","011163028","C2-027","The motor cannot be assembled ","1","0.50%","The operators pressed an extra gear ","N/A","N/A","NHAN 14022.jpg","Retrain the operators to adhere to the WI ","2/14/2026","Closed","Prod","Man issue","N/A","Nguyen Trong Nhan (VN.RYOBI-PIE)"
"2/14/2026","Night shift","High Volume","095606301","C1-01","The trimmer head does not release the line.","5","3.00%","The operator made a mistake at step 5, station 2. Missing stamping of the large steel bar and the small steel bar.","N/A","N/A","606_1_11.jpg","Feedback to production supervisors and leaders for improvement.","2/14/2026","Closed","Prod","Man issue","N/A","Tran Duy Quat (VN.RYOBI-PIE)"
"2/14/2026","Night shift","High Mix","095379204","C2-023","LED tank light part damaged","1","0.07%","The LED cover is misaligned","N/A","N/A","Screenshot 2026-02-15 054901.jpg","Retrain the operator to adhere to the WI. ","2/14/2026","Closed","Prod","Man issue","N/A","Nguyen Minh Hieu (VN.RYOBI-PIE)"
"2/14/2026","Night shift","High Mix","011208006","C2-030","The tool’s indicator light is on, but it is not functioning.","5","1.00%","Excess solder caused a short between the motor pin and the ground pin of the PCBA.","N/A","N/A","2026-02-14.jpg","Reinstruct the operation according to the WI.","2/14/2026","Closed","Prod","Man issue","N/A","Tran Minh Kha (VN.RYOBI-PIE)"
"2/14/2026","Night shift","High Mix","011385001DP","C2-040","The device operates normally, but the wire retraction is slow.","1","1.00%","The gear was assembled misaligned from the marked position on the gearbox ring.","N/A","N/A","2026-02-14-.jpg","N/A","2/14/2026","Closed","Prod","Man issue","N/A","Le Song Toan (VN.RYOBI-PIE)"
"2/13/2026","Day shift","High Mix","096779001","C2-025","The tool is not operating","2","0.50%","Caused by the operator assembling the pin incorrectly","N/A","N/A","2026-02-13 1.png","Retrain the operators to adhere to the WI   ","2/13/2026","Closed","Prod","Man issue","N/A","Tran Quoc Kiet (VN.RYOBI-PIE)"
"2/13/2026","Day shift","High Mix","096779002","C2-025","The machine cannot switch speeds","1","0.50%","Due to a broken wire, the machine cannot switch speeds","N/A","N/A","6.png","Retrain the operators to adhere to the WI   ","2/13/2026","Closed","Prod","Man issue","N/A","Tran Quoc Kiet (VN.RYOBI-PIE)"
"2/13/2026","Day shift","High Mix","011230024","C2-007","The tool is not operating","1","0.20%","The operator installed the gearbox in the wrong position.","N/A","N/A","2026-02-13 2.png","Retrain the operators to adhere to the WI   ","2/13/2026","Closed","Prod","Man issue","N/A","Tran Quoc Kiet (VN.RYOBI-PIE)"
"2/13/2026","Night shift","High Volume","011228022","C1-047","The tool run with vibrating and shaking","3","0.30%","The BOTTOM UNBALANCED BLOCK VE is machining defect it is failed at dimension 8","677115001-01","Weida","truong49.jpg","Feed back to SQE team to work with supplier to improve this case","2/14/2026","Closed","SQE","Material issue","Metal","Kien Minh Truong (VN.RYOBI-PIE)"
"2/13/2026","Night shift","High Volume","096700103","C1-42","The rubber cover does not fully cover the housing.","1","1.00%","The rubber cover is deformed.","566803001","Fukai","700_42_1.jpg","Feedback to SQE for improvement","2/13/2026","Closed","SQE","Material issue","Plastic","Tran Duy Quat (VN.RYOBI-PIE)"
"2/13/2026","Night shift","High Volume","095632320","C1-25","The product is not working.","1","0.10%","The signal wire terminal is broken.","N/A","N/A","632_25_1.jpg","Feedback to production supervisors and leaders for improvement.","2/13/2026","Closed","Prod","Man issue","N/A","Tran Duy Quat (VN.RYOBI-PIE)"
"2/13/2026","Night shift","High Volume","011399011","C1-063","The tool run with abnormal noise","7","1.06%","The pressing fixture have a foreign object cause broken gear","N/A",,"truong52.jpg","Feed back to ME team to fix this case","2/14/2026","Closed","PM","Machine issue","Metal","Kien Minh Truong (VN.RYOBI-PIE)"
"2/13/2026","Night shift","High Mix","011397002","C2-007","The tool is not operating as intended.","1","0.50%","The switch is installed in the wrong position.","N/A","N/A","2026-02-13.jpg","Retrain the operator to adhere to the WI. ","2/13/2026","Closed","Prod","Man issue","N/A","Tran Minh Kha (VN.RYOBI-PIE)"
"2/13/2026","Night shift","High Volume","011399011","C1-063","Incoming material is not good. The copper wire is broken.","3","1.00%","Incoming material is not good. Repeated occurrence","292025009","XIAN HUA","399_63_1.jpg","Feedback to SQE for improvement","2/13/2026","Closed","SQE","Material issue","Motor","Tran Duy Quat (VN.RYOBI-PIE)"
"2/13/2026","Night shift","High Mix","096631302","C2-047","The 5S material handling on the line is not good","1","0.30%","The 5S material handling on the line is not good","N/A","N/A","Screenshot 2026-02-14 040624.jpg","Control WIP on the line","2/13/2026","Closed","Prod","Man issue","N/A","Nguyen Minh Hieu (VN.RYOBI-PIE)"
"2/13/2026","Night shift","High Mix","011385001","C2-011","The tool cannot release or rewind the drain cleaning cable.","1","0.07%","Shaft misalignment with the gear groove during assembly.","N/A","N/A","Screenshot 2026-02-14 051014.jpg","Retrain the operator following to the WI","2/13/2026","Closed","Prod","Man issue","N/A","Le Song Toan (VN.RYOBI-PIE)"
"2/13/2026","Night shift","High Volume","095653008"," C1-09","The tool can not run","1","0.19%","The operator miss to shoot 4 screw to secure the motors","N/A","N/A","truong51.jpg","Feed back to group lead and line lead to improve this case","2/14/2026","Closed","Prod","Man issue","Motor","Kien Minh Truong (VN.RYOBI-PIE)"
"2/13/2026","Night shift","High Volume","095653008","C1-36","The tool can not run","1","0.12%","The motor connector has a fake weld","742391006-01","Rotong","truong53.jpg","Feed back to SQE team to work with supplier to improve this issue","2/14/2026","Closed","SQE","Material issue","Motor","Kien Minh Truong (VN.RYOBI-PIE)"
"2/13/2026","Day shift","High Mix","095558302","C2-021","The right handle cannot be assembled ","1","0.50%","Machining profile out of specification","542230001","VINASTAR","X2221.jpg","SQE requests the supplier to provide corrective improvements.","2/13/2026","Closed","SQE","Material issue","Plastic","Tran Quoc Kiet (VN.RYOBI-PIE)"
"2/13/2026","Day shift","High Mix","096798201","C2-043","The motor cannot be assembled","1","0.50%","Excess material due to insufficient machining","316796006","HONG KONG CNHT INTELLIGENT CO., LIMITED","x2223.jpg","SQE requests the supplier to provide corrective improvements.","2/13/2026","Closed","SQE","Material issue","Motor","Tran Quoc Kiet (VN.RYOBI-PIE)"
"2/12/2026","Day shift","High Volume","011201005","C1-054"," The product cannot operate","1","0.10%","Solder short on the PCBA. Machine already has Poka Yoke design. New Model transfer from 2F to 1F.","N/A","N/A","image-20260212-021458-d97f14b81.jpeg","Feedback to Prod to remind OP at the involved station","2/12/2026","Closed","Prod","Man issue","N/A","Luu Vinh Nghi (VN.RYOBI-PIE)"
"2/12/2026","Day shift","High Volume","011201005","C1-054","The product cannot operate","1","0.10%","Washer fell into the motor during assembly. New Model transfer from 2F to 1F.","N/A","N/A","Screenshot 2026-02-12 092746.png","Feedback to Prod to remind OP at the involved station","2/12/2026","Closed","Prod","Man issue","N/A","Luu Vinh Nghi (VN.RYOBI-PIE)"
"2/12/2026","Day shift","High Volume","011201005","C1-054"," The product cannot operate","1","0.10%","Error caused during rework","N/A","N/A","Screenshot 2026-02-12 093818.png","Feedback to Prod to remind OP at the involved station. No Unauthorized rewoking. Adding redbox for NG WIP isolation. New Model transfer from 2F to 1F.","2/12/2026","Closed","Prod","Man issue","N/A","Luu Vinh Nghi (VN.RYOBI-PIE)"
"2/12/2026","Day shift","High Volume","011201005","C1-054"," The product cannot operate","1","0.10%","PCBA damaged after screwed and missing solder joints Error from line set up phrase - mixed up WIP. Adding redbox for NG WIP isolation.","N/A","N/A","Screenshot 2026-02-12 094644.png","Feedback to Prod to remind OP at the involved station","2/12/2026","Closed","Prod","Man issue","N/A","Luu Vinh Nghi (VN.RYOBI-PIE)"
"2/12/2026","Day shift","High Volume","011201005","C1-054","The product operates abnormally","1","0.10%","Unwanted extra washer during assembly. New Model transfer from 2F to 1F.","N/A","N/A","Screenshot 2026-02-12 1000491.png","Feedback to Prod to remind OP at the involved station.","2/12/2026","Closed","Prod","Man issue","N/A","Luu Vinh Nghi (VN.RYOBI-PIE)"
"2/12/2026","Night shift","High Volume","156399003","C1-063","The stator copper wire broke when soldering the wire onto the PCBA.","5","1.00%","Incoming material is not good. The copper wire is broken.","292025009","XIAN HUA","399_1.jpg","Feedback to SQE for improvement","2/12/2026","Closed","SQE","Material issue","Motor","Tran Duy Quat (VN.RYOBI-PIE)"
"2/12/2026","Night shift","High Volume","095632301","C1-25","The product is not working.","1","0.10%","The motor signal wire was pinched and damaged","N/A","N/A","632_23_1.jpg","Feedback to production supervisors and leaders for improvement.","2/12/2026","Closed","Prod","Man issue","N/A","Tran Duy Quat (VN.RYOBI-PIE)"
"2/12/2026","Night shift","High Volume","095653008","C1-11","The blower assembly is misaligned with the hole","10","1.00%","The tail cone has excess plastic.","542248001","Ming Shing","653_11_11.jpg","Feedback to SQE for improvement","2/12/2026","Closed","SQE","Material issue","Plastic","Tran Duy Quat (VN.RYOBI-PIE)"
"2/12/2026","Night shift","High Volume","095251138","C1-40","The product is not working","1","0.10%","The GND signals on the PCBA are not connected to each other.","281335057","LONGOOD","251_1.jpg","Feedback to SQE for improvement","2/12/2026","Closed","SQE","Material issue","PCBA","Tran Duy Quat (VN.RYOBI-PIE)"
"2/12/2026","Night shift","High Volume","156399003","C1-63","The rotor assembly does not fit into the die-cast housing.","3","1.00%"," The GEAR CASE out of dimension 25. Spec 28.001 to 28.022, Actual 27.988.","647261001","SHUN KING","399_2.jpg","Feedback to SQE for improvement","2/12/2026","Closed","SQE","Material issue","Metal","Tran Duy Quat (VN.RYOBI-PIE)"
"2/12/2026","Night shift","High Mix","096752301","C2-043","Tool cannot run","3","0.99%","The spring came loose, causing the gear to get jammed.","N/A","N/A","Screenshot 2026-02-13 053402.jpg","Retrain the operator following the WI","2/12/2026","Closed","Prod","Man issue","N/A","Le Song Toan (VN.RYOBI-PIE)"
"2/12/2026","Night shift","High Mix","159356004","C2-030","Tool can run without light led","2","0.06%","The wire was arranged not correct","N/A","N/A","Screenshot 2026-02-13 060424.jpg","Retrain the operation following tho the WI","2/12/2026","Closed","Prod","Man issue","N/A","Le Song Toan (VN.RYOBI-PIE)"
"2/12/2026","Day shift","High Mix","316292010","C2-019","The outer cylinder cannot be assembled","3","1.50%","The outer cylinder fail dim#4, does not fit into the GO sorting fixture","698929001-01","SHENZHEN YUEHUARUI HARDWARE PRODUCTS CO., LTD","x1321.jpg","SQE requires the supplier to implement corrective actions and improvements.","2/12/2026","Closed","SQE","Material issue","Metal","Nguyen Trong Nhan (VN.RYOBI-PIE)"
"2/12/2026","Night shift","High Mix","096866001","C2-025","Tool can not run","1","0.25%","The switch connector was installed incorrectly (misaligned) during assembly.","N/A","N/A","Screenshot 2026-02-13 061046.jpg","Retrain the operatior following to the WI","2/12/2026","Closed","Prod","Man issue","N/A","Tran Minh Kha (VN.RYOBI-PIE)"
"2/12/2026","Day shift","High Mix","095381201","C2-021","The die casting cannot be assembled with the ball bearing ","1","0.50%","The die casting failed dim#13, spec: 23.96-23.98mm, actual; 22.86mm","643260001","DONGGUAN TIANYAO HARDWARE INDUSTRIAL CO., LTD","x1322.jpg","SQE requires the supplier to implement corrective actions and improvements.","2/12/2026","Closed","SQE","Material issue","Metal","Nguyen Trong Nhan (VN.RYOBI-PIE)"
"2/12/2026","Night shift","High Mix","095834102","C2-047","The tool is operating but not spraying water.","3","0.50%","The valve was assembled in the wrong orientation.","N/A","N/A","Screenshot 2026-02-13 061821.jpg","Retrain the operator following to the WI","2/12/2026","Closed","Prod","Man issue","N/A","Tran Minh Kha (VN.RYOBI-PIE)"
"2/12/2026","Night shift","High Mix","096752301","C2-043","The tool runs autonomously.","2","0.66%","The switch was installed upside down during assembly.","N/A","N/A","Screenshot 2026-02-13 062550.jpg","Retrain the operator following to the WI","2/12/2026","Closed","Prod","Man issue","N/A","Nguyen Minh Hieu (VN.RYOBI-PIE)"
"2/12/2026","Night shift","High Volume","096893006DG9","C1-03 and C1-27","Can not shoot the screw into the gear box","50","3.00%","The specification of screw shooting force in WI incorrect compare to assembly drawing","N/A","N/A","truong46.jpg","Feed back to IE team to update WI to fix this issue","2/13/2026","Closed","PIE","Method issue","Metal","Kien Minh Truong (VN.RYOBI-PIE)"
"2/12/2026","Night shift","High Volume","743039004","C1-70","The copper coils is failed the resistance value","1","0.02%","According drawing, each copper coil in each phase have 7 copper wires => In each phase will have 14 wires, in fact, NG part only has 13 wires so it NG. The reason causing this case is because the supplier wiring lack of wire or be twisted","292623003-03","ACE","truong47.jpg","Feed back to SQE team to work with supplier to improve this issue to do not repeat at the future","2/13/2026","Closed","SQE","Material issue","Motor","Kien Minh Truong (VN.RYOBI-PIE)"
"2/12/2026","Night shift","High Volume","743039004","C1-70","The motor testing at EOL machine is failed at current specification","100","5.00%","At the EOL station have 2 machine for testing but the current displayed on the two machines differs by approximately 4A.","N/A","N/A","truong48.jpg","Feed back to ME team to fix this issue","2/13/2026","Keep monitoring","PM","Machine issue","Motor","Kien Minh Truong (VN.RYOBI-PIE)"
"2/12/2026","Day shift","High Mix","095799001","C2-021","Tool cannot run ","1","0.50%","The operator skipped the step and did not install the wire","N/A","N/A","kiet 122.jpg","Retrain the operators to adhere to the WI ","2/12/2026","Closed","Prod","Man issue","N/A","Tran Quoc Kiet (VN.RYOBI-PIE)"
"2/12/2026","Day shift","EEC","130597181","C2-144","The PCBA Power tower was broken","1","0.10%","Unstable operation of the soldering machine caused mechanical impact, leading to damage to the PCBA power tower.","NA","NA","Screenshot 2026-02-13 073059.jpg","Inform ME to fix soldering machine then continue follow until machine stable","2/12/2026","Closed","PM","Machine issue","N/A","Phung Quang Bao (VN.RYOBI-PIE)"
"2/12/2026","Day shift","High Mix","095381201","C2-021","Missing logo","1","0.50%","The incoming material is missing the lego","313468001","MING SHING INDUSTRIAL LIMITED","X11111.jpg","SQE requests the supplier to provide corrective improvements.","2/12/2026","Closed","SQE","Material issue","Plastic","Nguyen Trong Nhan (VN.RYOBI-PIE)"
"2/11/2026","Day shift","High Volume","011252022","C1-057","Tool can't shoot nail","16","3.00%","Workmanship issue: Rubber seal was not applied, causing lack of air pressure in the air compressor","N/A","N/A","Screenshot 2026-02-11 131046.png","Feedback to Prod to remind OP at the involved station","2/11/2026","Closed","Prod","Man issue","N/A","Luu Vinh Nghi (VN.RYOBI-PIE)"
"2/11/2026","Day shift","High Volume","095793002","C1-43","Line release button stuck","5","20.00%","Burr on plastic spool base 524851003","524851003-02","Minh Hao","bur1.png","Burr removal","2/11/2026","Keep monitoring","SQE","Material issue","Plastic","Huge Ho Cong Minh Hieu (VN.RYOBI-PIE)"
"2/11/2026","Day shift","High Volume","096202301","C1-036","Adjust screw-gear ass'y for chain tension couldn't inserted into housing ","1","0.10%","Adjust screw-gear ass'y for chain tension failed DIM 2 (Actual: 51.97 mm; Spec: 50.8 - 51.2 mm)","315118005","CHAOHONG","Screenshot 2026-02-11 134602.png","Feedback to SQE to work with the supplier to sort and improve material","2/11/2026","Closed","SQE","Material issue","Metal","Luu Vinh Nghi (VN.RYOBI-PIE)"
"2/11/2026","Day shift","High Volume","011416009","C1-046","The label dimension is smaller than the normal label","10","100.00%","Label with wrong dimensions","941201298","HONGKONG GUANGJIU","Label with wrong dimensions.jpg","SQE requires the supplier for corrective actions and improvements","2/11/2026","Closed","SQE","Material issue","N/A","Cao Le Phong (VN.RYOBI-PIE)"
"2/11/2026","Day shift","High Mix","159356004","C2-030","Visual defect","2","0.50%","The screw machine overdrives the screws.","N/A","N/A","12.jpg","The PM team needs to adjust the screwdriving machine.","2/11/2026","Closed","PM","Machine issue","N/A","Tran Quoc Kiet (VN.RYOBI-PIE)"
"2/11/2026","Day shift","High Volume","095895102DG9","C1-03","Chain brake engaged but the saw keeps running","2","0.50%","The operator’s lay out wrong position  the wire to break","NA","NA","Wire damage.jpg","Leader to retrain the operators","2/11/2026","Closed","Prod","Man issue","PCBA","Cao Le Phong (VN.RYOBI-PIE)"
"2/11/2026","Day shift","EEC","130597049","C2-122","The BP is failed in performance testing process, failure mode #10","1","0.10%","Operator did not stretch the NTC wire on BP before placing into auto soldering machine.","N/A","N/A","Screenshot 2026-02-11 172425.jpg","Informed line leader to retrain and remind the Operator need to pay attention on this point","2/11/2026","Closed","Prod","Man issue","N/A","Phung Quang Bao (VN.RYOBI-PIE)"
"2/11/2026","Day shift","High Mix","095817304","C2-025","The motor cannot be assembled","198","25.00%","The motor failed dim#14, spec: 53.8-54.2 mm, actual: 54.41mm ","742223001","JINBA INTELLIGENT TECHNOLOGY CO., LTD","kha.jpg","Sorting material to keep line running/ Long term: SQE work with supplier to provide 8D report","3/2/2026","Closed","SQE","Material issue","Motor","Tran Minh Kha (VN.RYOBI-PIE)"
"2/11/2026","Day shift","High Mix","096725302","C2-021","Visual defect ","6","2.00%","Color smearing","544434001","MING SHING","kha 1102.jpg","SQE requires the supplier to implement corrective actions and improvements.","2/11/2026","Closed","SQE","Material issue","Plastic","Tran Minh Kha (VN.RYOBI-PIE)"
"2/11/2026","Day shift","High Mix","096725302","C2-021","The brushcutter guard cannot be assembled ","11","5.00%","The brushcutter guard has not yet been processed for dim#12","544415001","MING SHING (HONG KONG) COMPANY LIMITED","kha11021.jpg","SQE requires the supplier to implement corrective actions and improvements.","2/11/2026","Closed","SQE","Material issue","Plastic","Tran Minh Kha (VN.RYOBI-PIE)"
"2/11/2026","Day shift","High Mix","011316010","C2-008","The motor shaft rotation is not concentric.","4","2.00%","The operator broke the fan during assembly.","N/A","N/A","x1121.jpg","Retrain the operator to adhere to the WI","2/11/2026","Closed","Prod","Man issue","N/A","Nguyen Trong Nhan (VN.RYOBI-PIE)"
"2/11/2026","Day shift","High Mix","159356004","C2-030","The battery pin is bent","2","0.50%","The battery pin was installed in the wrong position.","N/A","N/A","2.png","Retrin the operators to adhere to the WI","2/11/2026","Closed","Prod","Machine issue","N/A","Tran Quoc Kiet (VN.RYOBI-PIE)"
"2/11/2026","Night shift","High Volume","743039004","C1-70","The shaft has a machining defect.","1","0.00%","The output shaft is failed at dimension 7","623382003-01","Bach Tung","truong45.jpg","Feed back to SQE team to work with supplier to improve this case","2/12/2026","Closed","SQE","Material issue","Metal","Kien Minh Truong (VN.RYOBI-PIE)"
"2/11/2026","Day shift","High Mix","096687301","C2-043","The product cannot be operated","2","0.30%","The operator missed a part during the assembly process.","N/A","N/A","2026-02-12 1.jpg","Ask the operator to review the WI at their workstation and be more careful during assembly.","2/11/2026","Closed","Prod","Man issue","N/A","Mai Chieu Linh (VN.RYOBI-PIE)"
"2/11/2026","Day shift","High Mix","011376009","C2-029","The product cannot be operated","3","0.50%","The L1 component on PCBA was broken during the assembly process","N/A","N/A","2026-02-12 2.jpg","Ask the operator to review the WI at their workstation and be more careful during assembly.","2/11/2026","Closed","Prod","Man issue","N/A","Mai Chieu Linh (VN.RYOBI-PIE)"
"2/10/2026","Day shift","High Volume","095606301","C1-01","The motor is running in the reverse direction.","1","0.10%","The power supply wires for the motor are incorrectly marked for polarity.","290989009","FU YUAN","606_1_1.jpg","Feedback to SQE for improvement","2/10/2026","Closed","SQE","Material issue","PCBA","Tran Duy Quat (VN.RYOBI-PIE)"
"2/10/2026","Day shift","High Volume","096916003DG9","C1-32","The motor is not operating","1","0.50%","The operator’s handling caused the wire to break","N/A","N/A","Image (97).jpg","Leader to retrain the operators","2/9/2026","Closed","Prod","Man issue","N/A","Nguyen Phu Quoc (VN.RYOBI-PIE)"
"2/10/2026","Day shift","EEC","130597244","C2-088","The unit failed in performance testing process, failure mode #8","1","0.10%","Machine issue: Soldering machine misalignment caused a short circuit and not have power","N/A","N/A","Screenshot 2026-02-10 173137.jpg","Inform the PM team to check and adjust the machine to prevent recurrence. Continue monitoring the next 20 units and release the line.","2/11/2026","Closed","PM","Machine issue","N/A","Phung Quang Bao (VN.RYOBI-PIE)"
"2/10/2026","Night shift","High Volume","096561102","C1-31","The motor rotate in wrong direction","1","0.18%"," The wiring order of The CONNECTOR ASS'Y WITH WIRES is incorrect ","292797001-03","Eagle VN","truong44.jpg","Feed back to SQE team to work with supplier to improve this case","2/11/2026","Closed","SQE","Material issue","PCBA","Kien Minh Truong (VN.RYOBI-PIE)"
"2/10/2026","Night shift","High Volume","096712023","C1-23","No funtion","25","3.00%","Fail note 2: TRAVEL DISTANCE: SPEC 2.6mm MAX, ACTUAL: 2.8mm","760034061-04","JIABEN","85.png","Respond SQE to call supplier for sorting and control note 2","2/11/2026","Closed","SQE","Material issue","Switch","Le Hong Phong (VN.RYOBI-PIE)"
"2/10/2026","Day shift","High Mix","159304006","C2-034","Tool cannot run ","3","1.00%","The plug was inserted at an angle by the worker","N/A","N/A","x112.jpg","Retrain the operator to adhere to the WI ","2/10/2026","Closed","Prod","Man issue","N/A","Nguyen Trong Nhan (VN.RYOBI-PIE)"
"2/10/2026","Day shift","High Mix","011229004","C2-008","The shaft cannot be assembled ","1","0.50%","The worker pressed in one extra bearing","N/A","N/A","x1122.jpg","Retrain the operator to adhere to the WI ","2/10/2026","Closed","Prod","Man issue","N/A","Nguyen Trong Nhan (VN.RYOBI-PIE)"
"2/10/2026","Day shift","High Mix","159107004","C2-002","The die casting cannot be assembled","1","0.50%","The die casting failed dim#30, spec: 27.965-27.985mm, actual: 27.074mm ","644201001","DONGGUAN TIANYAO HARDWARE INDUSTRIAL CO., LTD","x1123.jpg","SQE requires the supplier to implement corrective actions and improvements.","2/10/2026","Closed","SQE","Material issue","Metal","Nguyen Trong Nhan (VN.RYOBI-PIE)"
"2/10/2026","Day shift","High Mix","011316009","C2-007","The shaft cannot be assembled","7","12.00%","The shaft failed dim#16, spec: 7.965-7.985mm, actual: 8.025mm ","623147004","JUN JAM METAL PRODUCTS TECHNOLOGY LIMITED","kha .jpg","SQE requires the supplier to implement corrective actions and improvements.","2/10/2026","Closed","SQE","Material issue","Metal","Tran Minh Kha (VN.RYOBI-PIE)"
"2/9/2026","Night shift","High Volume","096916003DG9","C1-32","can't upload firmware","1","0.20%","PCBA NG, Short circuit to signal pins 8 and 9.","282200005-02","DS","84.png","Respond SQE to call supplier for improve","2/10/2026","Closed","SQE","Material issue","PCBA","Le Hong Phong (VN.RYOBI-PIE)"
"2/9/2026","Day shift","High Mix","096835104","C2-043","Tool cannot run ","1","0.50%","The wire was broken during assembly ","N/A","N/A","kiet921.jpg","Retrain the operators to adhere to the WI ","2/9/2026","Closed","Prod","Man issue","N/A","Tran Quoc Kiet (VN.RYOBI-PIE)"
"2/9/2026","Day shift","High Mix","011059013","C2-031","Tool cannot run ","1","0.50%","The wire was broken during assembly","N/A","N/A","kiet922.jpg","Retrain the operators to adhere to the WI ","2/9/2026","Closed","Prod","Man issue","N/A","Tran Quoc Kiet (VN.RYOBI-PIE)"
"2/9/2026","Day shift","High Volume","096561102","C1-31","nut pressing not in the correct position","10","5.00%","The root cause is that the fixture is not centered with the nut","N/A","N/A","Image (96).jpg","ME adjusted the fixture to be centered with the nut","2/9/2026","Closed","PM","Machine issue","N/A","Nguyen Phu Quoc (VN.RYOBI-PIE)"
"2/9/2026","Day shift","High Volume","096764001DG9","C1-05","The motor rotates in reverse.","1","0.10%","The PCBA has an incorrect phase wire sequence. The correct sequence should be: blue wire, red wire, black wire. The actual sequence is: red wire, blue wire, black wire.","281335132","DS","764_05_1.jpg","Feedback to SQE for improvement","2/9/2026","Closed","SQE","Material issue","PCBA","Tran Duy Quat (VN.RYOBI-PIE)"
"2/9/2026","Day shift","High Volume","096893006DG9","C1-27","The product draws high current during operation.","1","0.10%","Motor not good due to shaft misalignment caused by incorrect positioning in the fixture.","N/A","N/A","893_27_1.jpg","Feedback to production supervisors and leaders for improvement.","2/9/2026","Closed","Prod","Man issue","N/A","Tran Duy Quat (VN.RYOBI-PIE)"
"2/9/2026","Day shift","High Volume","096561102","C1-31","The product operates automatically.","1","0.10%","The start switch is deformed by soldering, resulting in a stuck button","N/A","N/A","561_31_1.jpg","Feedback to production supervisors and leaders for improvement.","2/9/2026","Closed","Prod","Man issue","N/A","Tran Duy Quat (VN.RYOBI-PIE)"
"2/9/2026","Day shift","High Volume","096561102","C1-31","The product cannot upload the firmware","1","0.10%","The start switch is deformed by soldering","N/A","N/A","561_31_2.jpg","Feedback to production supervisors and leaders for improvement.","2/9/2026","Closed","Prod","Man issue","N/A","Tran Duy Quat (VN.RYOBI-PIE)"
"2/9/2026","Day shift","High Mix","095817304","C2-025","The part cannot fit into the fixture, so it cannot be assembled.","15","8.00%","the material specification is 9.61–9.78 mm, but the fixture shaft is 9.83 mm.","N/A","N/A","kiet111.jpg","PM need to improve the fixture","2/9/2026","Closed","PM","Machine issue","N/A","Tran Quoc Kiet (VN.RYOBI-PIE)"
"2/9/2026","Day shift","High Mix","159107004","C2-002","The die casting cannot be assembled","1","0.50%","The die casting failed dim#30, spec: 27.965-27.985mm, actual: 27.074mm ","644201001","DONGGUAN TIANYAO HARDWARE INDUSTRIAL CO., LTD","x92.jpg","SQE requires the supplier to implement corrective actions and improvements.","2/9/2026","Closed","SQE","Material issue","Metal","Nguyen Trong Nhan (VN.RYOBI-PIE)"
"2/9/2026","Day shift","High Mix","011390001","C2-018"," The tool is running with abnormal noise ","2","1.00%","The white plastic ring was not installed","N/A","N/A","x922.jpg","Retrain the operator to adhere to the WI ","2/9/2026","Closed","Prod","Man issue","N/A","Nguyen Trong Nhan (VN.RYOBI-PIE)"
"2/9/2026","Day shift","High Mix","159107004","C2-002","Tool cannot be assembled ","1","0.50%","Misaligned stamping resulted in P/N damage.","N/A","N/A","x923.jpg","Retrain the operator to adhere to the WI ","2/9/2026","Closed","Prod","Man issue","N/A","Nguyen Trong Nhan (VN.RYOBI-PIE)"
"2/9/2026","Day shift","High Mix","010955028","C2-010","The screw is missing.","3","1.00%","The operator skipped a step in the WI.","N/A","N/A","x924.jpg","Retrain the operator to adhere to the WI ","2/9/2026","Closed","Prod","Man issue","N/A","Nguyen Trong Nhan (VN.RYOBI-PIE)"
"2/9/2026","Day shift","High Mix","010955028","C2-010","Tool cannot run ","2","1.00%","Magnet installed with reversed polarity.","N/A","N/A","x925.jpg","Retrain the operator to adhere to the WI ","2/9/2026","Closed","Prod","Man issue","N/A","Nguyen Trong Nhan (VN.RYOBI-PIE)"
"2/9/2026","Night shift","High Volume","096916003DG9 -- TRIMMER ","C1-32","When assembly the lock ring into the knob do not fit","5","3.00%","The knob is burred","536875001-09","Minh Viet","truong42.jpg","Feedback to SQE Team to work with supplier to improve this issue to do not repeat","2/10/2026","Closed","SQE","Material issue","Plastic","Kien Minh Truong (VN.RYOBI-PIE)"
"2/9/2026","Night shift","High Volume","096916003DG9 -- BLOWER","C1-32","The tool is failed at specification of low current when testing at EOL machine","10","100.00%","The cylinder that activates the main trigger does not release full of travel distance","N/A","N/A","truong43.jpg","Feed back to ME team to improve this case","2/10/2026","Closed","PM","Machine issue","Switch","Kien Minh Truong (VN.RYOBI-PIE)"
"2/9/2026","Night shift","High Mix","095817304","C2-025","Tool cannot run","1","0.09%"," PCBA collided with the housing","N/A","N/A","Screenshot 2026-02-10 063353.jpg","Re-train the operator following the WI","2/9/2026","Closed","Prod","Man issue","N/A","Le Song Toan (VN.RYOBI-PIE)"
"2/9/2026","Night shift","High Mix","230840007","C2-020","gear backward extrusion motor","2","0.03%","The operator was distracted and stamped the wrong WI.","N/A","N/A","Screenshot 2026-02-10 0654591.jpg","Re-train and remind the operator  following the WI","2/9/2026","Closed","Prod","Man issue","N/A","Le Song Toan (VN.RYOBI-PIE)"
"2/9/2026","Night shift","High Mix","095834102","C2-047","Insufficient pressure during tool testing.","1","0.07%","Incorrect rubber piece orientation during installation.","N/A","N/A","Screenshot 2026-02-10 0710301.jpg","Re train the operation following the Wi","2/9/2026","Closed","Prod","Man issue","N/A","Nguyen Minh Hieu (VN.RYOBI-PIE)"
"2/8/2026","Day shift","High Volume","096916003DG9","C1-34"," PCBA failed to flash the firmware","1","0.50%","Electrical wire damaged during soldering","N/A","N/A","Image (95).jpg","Leader to retrain the operators","2/8/2026","Closed","Prod","Man issue","PCBA","Nguyen Phu Quoc (VN.RYOBI-PIE)"
"2/8/2026","Night shift","High Volume","011217004","C1-64","Housing GAP","13","2.00%","Part housing deform, fail 3D spec: 0.9-1mm, Actual: 0.66mm","542994004-01","MingShing","83.png","Respond SQE to call supplier for sorting Part ok and improve","2/9/2026","Closed","SQE","Material issue","Plastic","Le Hong Phong (VN.RYOBI-PIE)"
"2/8/2026","Night shift","High Volume","095606409","C1-01","The motor is stiff when rotating","4","1.00%","The specification of no load current at 20VDC  is less than or equal to 1.3A but actual it is 3.5A","230403005-01","Jinba","truong39.jpg","Feedback to SQE Team to work with supplier to improve this issue to do not repeat","2/9/2026","Closed","SQE","Material issue","Motor","Kien Minh Truong (VN.RYOBI-PIE)"
"2/8/2026","Night shift","High Volume","011217004","C1-64","The blade clamp can not rotate","1","0.10%","The angle of the blade is misaligned.","300309055-02","BTR METAL","truong41.jpg","Feedback to SQE Team to work with supplier to improve this issue to do not repeat","2/9/2026","Closed","SQE","Material issue","Metal","Kien Minh Truong (VN.RYOBI-PIE)"
"2/7/2026","Day shift","High Mix","030426002","C2-055","Air leakage Group #1 and #2","2","5.00%","The piston was detected with a crack caused by defective incoming material","318404002-03",,"material NG.jpg","SQE review and sort the incoming material to keep the line running","2/14/2026","Keep monitoring","SQE","Material issue","Metal","Chu Nam Kien (VN.RYOBI-PIE)"
"2/7/2026","Day shift","High Volume","095112109","C1-23","The oil tube is not properly attached to the oil valve","1","0.50%","The operator’s actions do not comply with the Work Instruction (WI)","N/A","N/A","Image (94).jpg","Leader to retrain the operators","2/7/2026","Closed","Prod","Man issue","N/A","Nguyen Phu Quoc (VN.RYOBI-PIE)"
"2/7/2026","Night shift","High Volume","095113109","C1-38","The bearing pressed against the shaft is loose.","9","1.50%","Part SHAFT fail dim 14. spec:5.993-6.018mm. Actual: 5,987mm ","623088001-01","DONGGUAN JUNDA ","82.png","Respond SQE to call supplier for sorting and improve","2/8/2026","Closed","SQE","Material issue","Metal","Le Hong Phong (VN.RYOBI-PIE)"
"2/7/2026","Night shift","High Volume","095501201","C1-09","The step for check air flow at the machine of tool is failed","10","100.00%","The switch for trigger when having the air flow is NG that tool blow is not trigger","N/A","N/A","truong36.jpg","Feed back to ME team to fix this issue","2/8/2026","Closed","PM","Machine issue","N/A","Kien Minh Truong (VN.RYOBI-PIE)"
"2/7/2026","Night shift","High Volume","096561101","C1-31","After stamping the terminal into the metal tube is exposed","7","3.00%","REPEAT ISSUE:     The metal tube is failed at dimension 2","687307001-03","Zhongheng","truong37.jpg","Feed back to SQE team to work with supplier to improve this issue to do not repeat at the future","2/8/2026","Keep monitoring","SQE","Material issue","Metal","Kien Minh Truong (VN.RYOBI-PIE)"
"2/7/2026","Night shift","EEC","130597181","C2-144"," Fail in semi FGs testing process,  Failure mode #12, Charge FET Voltage test.","1","0.10%","Workmanship issue: The NTC wire hasn't been fixed then stuck inside stamping at #VT3 position, create shorted #VT3 (11v+) to NTC wire / GND pin that burnt circuit trace, damaged PCBA","N/A","N/A","6066477435877789546_120.jpg","Scrap, contact Line leader retrain the operator at this station","2/7/2026","Closed","Prod","Man issue","PCBA","Nguyen Si Phu (VN.RYOBI-PIE)"
"2/7/2026","Day shift","High Mix","159309016","C2-011","Tool cannot run ","1","0.50%","The PCBA is not yet soldered onto the motor.","N/A","N/A","x82.jpg","Retrain the operators to adhere to the WI and carefully check before transferring to the next step ","2/7/2026","Closed","Prod","Man issue","N/A","Tran Quoc Kiet (VN.RYOBI-PIE)"
"2/7/2026","Day shift","High Mix","096835104","C2-043","The die casting cannot be assembled","1","0.50%","The die casting has deformed","643525001","NINGBO BEILUN CHAIQIAO HONGAO HONGXING MOULD FACTORY","kiet x82.jpg","SQE requires the supplier to implement the improvement actions. ","2/8/2026","Closed","SQE","Material issue","Metal","Tran Quoc Kiet (VN.RYOBI-PIE)"
"2/7/2026","Day shift","High Mix","109694009","C2-003","The screw cannot be driven into the part.","4","4.70%","Material issue: Die casting NG dimension 6 ","641587002-02","HaiThao Viet Nam","2026-02-07.jpg","SQE work with supplier to improve this defect","2/7/2026","Closed","SQE","Material issue","Metal","Tran Minh Kha (VN.RYOBI-PIE)"
"2/6/2026","Night shift","High Volume","096560101","C1-36","The bearing into the gearbox is loose.","8","1.50%","Part GEARBOX fail dim 5, Spec: 27.969-27.99mm, Actual: 28.009mm","645077001-01","SHUN KING PARK PRECISION CASTING","81.png","Respond SQE to call supplier for improve","2/7/2026","Closed","SQE","Material issue","Metal","Le Hong Phong (VN.RYOBI-PIE)"
"2/6/2026","Day shift","High Mix","011081016","C2-031","The product cannot change its operating mode","3","0.70%","Man issue: The operator omitted a part during assembly process.","N/A","N/A","2026-02-06 11.jpg","Ask the operator to review the WI at their workstation.","2/6/2026","Closed","Prod","Man issue","N/A","Mai Chieu Linh (VN.RYOBI-PIE)"
"2/6/2026","Day shift","EEC","130597049","C2-122","An abnormal gap was detected between the top cover and the right side panel after the assembly process","5","0.50%","Material issue: The right side panel NG Dim #15","316707002-01","Yuen Fung","Screenshot 2026-02-06 155031.jpg","SQE arrange sorting material to resume production line and work with supplier for further improvement","2/9/2026","Closed","SQE","Material issue","Plastic","Phung Quang Bao (VN.RYOBI-PIE)"
"2/6/2026","Day shift","High Volume","095731101","C1-37","Production team report failure on output Gear pressing station due to burr","5","6.00%","Miss places the output gear direction, Using the direction without chamfer","N/A","N/A","image (5)1.png","Leader to retrain the operators","2/6/2026","Closed","Prod","Material issue","Metal","Nguyen Phu Quoc (VN.RYOBI-PIE)"
"2/6/2026","Day shift","High Mix","316292007","C2-019","The air tank pressure is insufficient","1","3.00%","Man issue: The operator missed installing the rubber gasket","N/A","N/A","image (2)1.png","Remind OP and leader focus on work, follow strictly WI","2/6/2026","Closed","Prod","Man issue","N/A","Tran Quoc Kiet (VN.RYOBI-PIE)"
"2/6/2026","Day shift","High Mix","096892004","C2-043","Tool cannot run ","1","0.50%","The wire is broken ","N/A","N/A","x621.jpg","Retrain the operators to adhere to the WI ","2/6/2026","Closed","Prod","Man issue","N/A","Tran Quoc Kiet (VN.RYOBI-PIE)"
"2/6/2026","Day shift","High Mix","095479203","C2-023","The shaft cannot be assembled","8","4.00%","The shaft failed dim#4, spec: 6.4-6.6mm, actual: 7.07mm","549402001","MING SHING","kiet 62.jpg","SQE requires the supplier to implement the improvement actions. ","2/6/2026","Closed","SQE","Material issue","Plastic","Tran Quoc Kiet (VN.RYOBI-PIE)"
"2/6/2026","Day shift","High Mix","095479203","C2-023","The shaft cannot be assembled","2","1.00%","The shaft is not threaded ","549402001","MING SHING","kiet 622.jpg","SQE requires the supplier to implement the improvement actions. ","2/6/2026","Closed","SQE","Material issue","Plastic","Tran Quoc Kiet (VN.RYOBI-PIE)"
"2/6/2026","Day shift","High Mix","011252017","C2-010","The product cannot drive staples.","1","0.20%","Man issue: The operator assembled the Hall sensor into the housing in the wrong direction.","N/A","N/A","2026-02-06 3.jpg","Ask the operator to review the WI at their workstation and be more careful during assembly.","2/6/2026","Closed","Prod","Man issue","N/A","Mai Chieu Linh (VN.RYOBI-PIE)"
"2/6/2026","Day shift","High Mix","011252017","C2-010","The product cannot drive staples.","3","0.60%","Man issue: The operator omitted a part during assembly process.","N/A","N/A","2026-02-06 4.jpg","Ask the operator to review the WI at their workstation and be more careful during assembly.","2/6/2026","Closed","Prod","Man issue","N/A","Mai Chieu Linh (VN.RYOBI-PIE)"
"2/6/2026","Day shift","High Mix","159404003","C2-002","The pin cannot be retained in the die-cast part after press-fitting.","3","1.00%","Material issue: The die-casting fails dim#22 (spec: 7.94 -7.965mm; actual: 8.24mm)","647144001","Tianyao Vietnam Hardware Industrial CO,Ltd","2026-02-06 6.jpg","The SQE requires the supplier to implement corrective and improvement actions.","2/6/2026","Closed","SQE","Material issue","Metal","Mai Chieu Linh (VN.RYOBI-PIE)"
"2/6/2026","Day shift","High Mix","096727025","C2-021","The harness left hook black is misaligned after tightening the screw (visual defect).","15","3.00%","Material issue: The harness left hook black fails dim#22 (spec: 0.05-0.3mm; actual: 1mm).","639788004","SYF Vietnam","2026-02-06 5.jpg","The SQE arranged for the supplier to sort conforming material to resume the production line and requested supplier improvements in subsequent lots.","2/6/2026","Closed","SQE","Material issue","Metal","Mai Chieu Linh (VN.RYOBI-PIE)"
"2/6/2026","Night shift","High Volume","096560101","C1-36","Can not stamping the pin into the hole of brake band link part ","10","10.00%","REPEAT ISSUE: The brake band link part is failed at dimension 6","531902001-01","Ming Shing","truong35.jpg","Feed back to SQE team to work with supplier to improve this case to do not repeat at the future","2/7/2026","Keep monitoring","SQE","Material issue","Plastic","Kien Minh Truong (VN.RYOBI-PIE)"
"2/6/2026","Night shift","High Mix","030426002","C2-055","The testing station #C35 found product failed function","1","0.20%","The exhaust gate on cylinder was cracked","686261001","SUZHOU CHANGZHI PRECISION MACHINERY CO., LTD","Screenshot 2026-02-07 055217.png","SQE arrange sorting material and inform supplier for the improvement ","2/6/2026","Closed","SQE","Material issue","Metal","Dong Dinh Chanh (VN.RYOBI-PIE)"
"2/6/2026","Night shift","High Mix","011443002","C2-013","Tool cannot run","5","1.00%","Incorrect installation operation leading to misalignment; toggle-type push button (1T–3T)","N/A","N/A","ST 2026-02-07 072359.jpg","Re-train the operator following the WI","2/6/2026","Closed","Prod","Man issue","N/A","Le Song Toan (VN.RYOBI-PIE)"
"2/6/2026","Day shift","High Mix","159235006","C2-028","The housing gap is larger than 0.3.","10","1.25%","Due to improper alignment of the speed shift lever.","N/A","N/A","2026-02-06 2.jpg","Retrain the operator to adhere to the WI.","2/6/2026","Closed","Prod","Man issue","N/A","Tran Minh Kha (VN.RYOBI-PIE)"
"2/6/2026","Day shift","High Mix","159404003","C02-002","The counterbalance cannot be assembled.","7","1.50%","Dimension #1 failed: spec 5.05 ± 0.15, actual 4.95.","687006001","Yangzhou Juneng","2026-02-06 12.jpg","Inform SQE to perform sorting and drive supplier improvement.","2/6/2026","Closed","SQE","Material issue","Metal","Tran Minh Kha (VN.RYOBI-PIE)"
"2/5/2026","Night shift","High Volume","095112109","C1-23","Thread NG","40","6.00%","Part  BOOM CLAMP fail dim 17","638010001-12","LECO","80.png","Respond SQE to call supplier for sorting part ok and improve","2/6/2026","Closed","SQE","Material issue","Metal","Le Hong Phong (VN.RYOBI-PIE)"
"2/5/2026","Day shift","EEC","130597245","C2-090","There's gap at Left side panel during assembly","20","2.00%","Incoming material issue: The rib in left side panel was deformed","316708014","GOOD MARK ","Screenshot 2026-02-05 144358.jpg","SQE arrange sorting material to resume production line and work with supplier for further improvement","2/5/2026","Closed","SQE","Material issue","Plastic","Phung Quang Bao (VN.RYOBI-PIE)"
"2/5/2026","Day shift","EEC","130597247","C2-104","The unit lost function at Performance Test with failure mode #8","1","0.10%","Machine issue: soldering iron misaligned leading to short circuit and damaged PCBA","N/A","N/A","Screenshot 2026-02-05 145219.jpg","Inform the PM team to adjust the machine. Continue monitoring 20 more units with no issues, then release the line","2/5/2026","Closed","PM","Machine issue","N/A","Phung Quang Bao (VN.RYOBI-PIE)"
"2/5/2026","Day shift","High Volume","743039001","C1-70","Cannot be assembled","1","0.50%","The bell  failed the dim #8","623361001-01","Toyotaki","Image (91).jpg","SQE contact supplier inprove","2/5/2026","Closed","SQE","Material issue","Metal","Nguyen Phu Quoc (VN.RYOBI-PIE)"
"2/5/2026","Day shift","High Volume","011252022","C1-57","Unit fail led","10","10.00%","Button is not pushed fully to correct position when switch mode","N/A","N/A","image (93).jpg","ME adjust button to correct position","2/5/2026","Closed","PM","Machine issue","N/A","Nguyen Phu Quoc (VN.RYOBI-PIE)"
"2/5/2026","Day shift","High Mix","011081016","C2-031","The product cannot operate","1","0.20%","The operator wired into hole screw, causing the wire was broken","N/A","N/A","081.jpg","Retrain the operator to adhere to the WI.","2/5/2026","Closed","Prod","Man issue","N/A","Tran Minh Kha (VN.RYOBI-PIE)"
"2/5/2026","Day shift","High Mix","011252017","C2-010","The tool doesn't operate","2","0.40%","The operator has not installed the motor signal pin into the PCBA.","N/A","N/A","252.jpg","Retrain the operator to adhere to the WI.","2/5/2026","Closed","Prod","Man issue","N/A","Tran Minh Kha (VN.RYOBI-PIE)"
"2/5/2026","Day shift","High Mix","096892004","C2-043","Tool cannot run ","1","0.50%","Wire damaged due to pinching during assembly.","N/A","N/A","kiet1.jpg","Retrain the operators to adhere to the WI ","2/5/2026","Closed","Prod","Man issue","N/A","Tran Quoc Kiet (VN.RYOBI-PIE)"
"2/5/2026","Day shift","High Mix","096292004","C2-043","Tool cannot run ","1","0.50%","Switch damaged due to interference.","N/A","N/A","kiet2.jpg","Retrain the operators to adhere to the WI ","2/5/2026","Closed","Prod","Man issue","N/A","Tran Quoc Kiet (VN.RYOBI-PIE)"
"2/5/2026","Day shift","High Mix","011485001","C2-001","Visual defect","1","0.50%","The housing was cracked during handling","N/A","N/A","x62.jpg","Retrain the operators to adhere to the WI ","2/5/2026","Closed","Prod","Man issue","N/A","Nguyen Trong Nhan (VN.RYOBI-PIE)"
"2/5/2026","Night shift","High Mix","010686059","C2-008","The tool cannot change speed levels.","2","0.27%","Misaligned installation of the adapter jack","N/A","N/A","ST2026-02-06 071213.jpg","Re-train the operator following the WI","2/5/2026","Closed","Prod","Man issue","N/A","Le Song Toan (VN.RYOBI-PIE)"
"2/5/2026","Night shift","High Mix","010686059","C2-008","The tool operates at high current","5","0.67%","Operator installs excess washers","N/A","N/A","ST 2026-02-06 065534.jpg","Re-train the operator at the station","2/5/2026","Closed","Prod","Man issue","N/A","Le Song Toan (VN.RYOBI-PIE)"
"2/5/2026","Night shift","High Mix","096531201","C2-051"," the material cannot assembly with the different part","12","2.77%","P/N 687307006 Ng dim 27 spec (29.8-30.15 mm) act :29.55mm,","687307006","ZHONGSHAN JIN BI SHENGALUMINIUM PRODUCT","ST 2026-02-06 071056.jpg","SQE arrange sorting material to resume production line and work with supplier for further improvement","2/6/2026","Keep monitoring","SQE","Material issue","Metal","Le Song Toan (VN.RYOBI-PIE)"
"2/5/2026","Day shift","High Mix","010915006","C2-010","Tool can not shot nail","1","0.10%","Man issue: Operator assemble the magnet in wrong direction","N/A","N/A","image (2)1.jpg","Remind OP and leader at this station work carefully","2/5/2026","Closed","Prod","Man issue","N/A","Tran Minh Kha (VN.RYOBI-PIE)"
"2/4/2026","Day shift","High Mix","096892004","C2-043","EOL detect: The tool cannot change speed from low-speed mode to high-speed mode","4","1.00%","Man issue: The switch speed was assembled wrong position, causing the tool to operate only in high-speed mode.","N/A","N/A","kl.jpg","Retrain the operator to adhere to the WI. ","2/4/2026","Closed","Prod","Man issue","N/A","Tran Minh Kha (VN.RYOBI-PIE)"
"2/4/2026","Day shift","EEC","130597180","C2-124","The strap was burnt after Welding process","1","0.10%","Machine issue: Welding machine Z-axis over-travel caused the Strap misalignment (NG).","N/A","N/A","Screenshot 2026-02-04 153654.jpg","Inform the PM team to adjust the machine. Continue monitoring 20 more units with no issues, then release the line","2/4/2026","Closed","PM","Machine issue","N/A","Phung Quang Bao (VN.RYOBI-PIE)"
"2/4/2026","Day shift","High Mix","096892004","C2-043","The liner cannot be tightened into the tube ","68","20.00%","The liner failed dim#8, spec: 519-523mm, actual: 516mm","542477001","YAO-I VIETNAM COMPANY LIMITED","khathy.jpg","SQE requests the supplier to implement the improvement actions, 8D report","2/4/2026","Keep monitoring","SQE","Material issue","Plastic","Tran Minh Kha (VN.RYOBI-PIE)"
"2/4/2026","Day shift","High Mix","316292006","C2-019","The driver cylinder cannot be assembled","1","0.50%","The driver cylinder failed dim#8, spec: 139.35-139.55mm, actual: 144.46mm ","639970002","SHENZHEN YUEHUARUI HARDWARE PRODUCTS CO., LTD","x4226.jpg","SQE requires the supplier to implement corrective actions and improvements.","2/4/2026","Closed","SQE","Material issue","Metal","Nguyen Trong Nhan (VN.RYOBI-PIE)"
"2/4/2026","Day shift","High Mix","011294015","C2-007","The motor cannot be assembled after the punching step","1","5.00%","The operator punched the wrong side ","N/A","N/A","X4226-02.jpg","Retrain the operators to adhere to the WI ","2/4/2026","Closed","Prod","Man issue","N/A","Nguyen Trong Nhan (VN.RYOBI-PIE)"
"2/4/2026","Day shift","High Mix","096892004","C2-043","The tool runs in reverse.","1","0.50%","The worker connected the wires incorrectly","N/A","N/A","KIET.jpg","Retrain the operator to adhere to the WI. ","2/4/2026","Closed","Prod","Man issue","N/A","Tran Minh Kha (VN.RYOBI-PIE)"
"2/4/2026","Day shift","High Volume","095112109","C1-23"," The spring washer stamping station is not acceptable.","1","1.00%","The operator performed Step 1 at Station 2 incorrectly.","N/A","N/A","112_23.jpg","Feedback to production supervisors and leaders for improvement.","2/4/2026","Closed","Prod","Man issue","N/A","Tran Duy Quat (VN.RYOBI-PIE)"
"2/4/2026","Night shift","High Mix","010928009","C2-030","Tool can't run","1","0.20%","PCBA damaged due to collision with housing during assembly.","N/A","N/A","ST 2026-02-04 222055.jpg","Re-guide operators at this station","2/4/2026","Closed","Prod","Man issue","N/A","Le Song Toan (VN.RYOBI-PIE)"
"2/4/2026","Night shift","High Mix","011399015","C2-003","Tool cannot run","1","0.37%","Deformed capacitor on PCBA caused by misaligned screw fixture.","N/A","N/A","ST 2026-02-05 054110.jpg","Re-train the operator following the WI","2/4/2026","Closed","Prod","Man issue","N/A","Le Song Toan (VN.RYOBI-PIE)"
"2/4/2026","Night shift","High Volume","095113109","C1-38","The pin can not assembly into the cam","167","15.18%","Cam part is failed at dimension 6","679982001-01","SunLuen","truong33.jpg","Feed back to SQE team to work with supplier to improve this issue to do not repeat at the future","2/5/2026","Keep monitoring","SQE","Material issue","Metal","Kien Minh Truong (VN.RYOBI-PIE)"
"2/4/2026","Night shift","High Mix","030426002","C2-055","The Pneumatic Nailer has air leakage in Group #1 Testing process","30","8.00%","The rubbers were assembled upside down compare to WI","N/A","N/A","Screenshot 2026-02-05 061800.png","Isolated WIPs and Consoles first. The line leader re-training for Operators and conduct repair the defectives ","2/4/2026","Closed","Prod","Man issue","N/A","Dong Dinh Chanh (VN.RYOBI-PIE)"
"2/4/2026","Night shift","High Volume","095501301","C1-09","The housings is exposed after screw shooting","5","5.00%","The screw shooting force is out of specification of WI ","N/A","N/A","truong34.jpg","Feed back to ME team to fix this case","2/5/2026","Closed","PM","Machine issue","Plastic","Kien Minh Truong (VN.RYOBI-PIE)"
"2/4/2026","Day shift","High Mix","095403202","C2-021","Tool cannot run ","1","0.50%","The worker miswired the cable.","N/A","N/A","X52.jpg","Retrain the operators to adhere to the WI and carefully check before transferring to the next step ","2/4/2026","Closed","Prod","Man issue","N/A","Nguyen Trong Nhan (VN.RYOBI-PIE)"
"2/4/2026","Day shift","High Mix","096892004","C2-043","Tool cannot run ","1","0.50%","The connector plug was installed loosely ","N/A","N/A","X522.jpg","Retrain the operators to adhere to the WI and carefully check before transferring to the next step ","2/4/2026","Closed","Prod","Man issue","N/A","Nguyen Trong Nhan (VN.RYOBI-PIE)"
"2/3/2026","Day shift","EEC","130597297","C2-099","Indicator plug was loose after pressing","5","0.50%","The top cover housing cavity I2 out spec Dim12 (spec 6.6 - 6.7mm), actual 6.72mm.","316702005-02","GOOD MARK ","Screenshot 2026-02-03 162146.jpg","SQE arrange sorting material to resume production line and work with supplier for further improvement","2/7/2026","Closed","SQE","Material issue","Plastic","Phung Quang Bao (VN.RYOBI-PIE)"
"2/3/2026","Day shift","High Mix","095297206","C2-043","The motor does not fit into the stamping die.","1","0.50%","The motor failed dim #20, spec: 49.2-49.5mm, actual: 49.65mm ","742388001","TOPBAND SMART DONG NAI (VIET NAM) COMPANY LIMITED","x323.jpg","SQE requires the supplier to implement corrective actions and improvements.","2/3/2026","Closed","SQE","Material issue","Motor","Nguyen Trong Nhan (VN.RYOBI-PIE)"
"2/3/2026","Day shift","High Mix","011031035","C2-034","Runout test failed.","16","10.00%","PM machine false warning","N/A","N/A","XPM.jpg","PM need to improve the machine. ","2/3/2026","Closed","PM","Machine issue","N/A","Nguyen Trong Nhan (VN.RYOBI-PIE)"
"2/3/2026","Day shift","High Mix","011343002","C2-030","The tool does not fit tightly in the housing.","5","2.00%","The PCBA cannot be inserted into the slot.","N/A","N/A","XR.jpg","Retrain the operators to adhere to the WI and carefully check before transferring to the next step ","2/3/2026","Closed","Prod","Man issue","N/A","Nguyen Trong Nhan (VN.RYOBI-PIE)"
"2/3/2026","Night shift","High Volume","095394301","C1-37","The tool run with abnormal noise","1","0.30%","The pin after stamping into the cam and gear is damaged","N/A","N/A","truong32.jpg","Feed back to group lead and line lead to improve this case ","2/4/2026","Closed","Prod","Man issue","Metal","Kien Minh Truong (VN.RYOBI-PIE)"
"2/3/2026","Night shift","High Mix","030319004","C2-012","The product could not work","5","2.40%","The power cord has broken core -> miss connection","730377093","FU YUAN","Crack inside.jpg","SQE follow up to push supplier for the improvement","2/10/2026","Closed","SQE","Material issue","Switch","Dong Dinh Chanh (VN.RYOBI-PIE)"
"2/3/2026","Day shift","High Mix","011220042","C2-002","LED no light","1","0.20%","LED wire was broken because it wasnot placed in to the housing groove.","N/A","N/A","2026-02-03 1.jpg","Feedback leader to re-training operator.","2/3/2026","Closed","Prod","Man issue","N/A","Tran Minh Kha (VN.RYOBI-PIE)"
"2/3/2026","Day shift","High Mix","159294004","C2-044","Tool no run","1","0.20%","C-ring drop into motor -> Stuck rotor => Can not rotate","N/A","N/A","2026-02-03 2.jpg","Feedback leader to re-training operator, keep maintain 5S on production line.","2/3/2026","Closed","Prod","Man issue","N/A","Tran Minh Kha (VN.RYOBI-PIE)"
"2/3/2026","Day shift","High Mix","315295002","C2-019","Fill valve fail operation pressure","3","0.30%","Missing rubber in the filter","N/A","N/A","2026-02-03 3.jpg","Feedback leader to re-training operator, keep maintain 5S on production line.","2/3/2026","Closed","Prod","Man issue","N/A","Mai Chieu Linh (VN.RYOBI-PIE)"
"2/3/2026","Day shift","High Volume","095654001","C1-45","Hard to rotate/ can not lock tube","5","1.00%","698938001-01","698938001-01","Yu Xin","Image (90).jpg","Steel tube failed dim #21","2/3/2026","Closed","SQE","Material issue","Metal","Nguyen Phu Quoc (VN.RYOBI-PIE)"
"2/2/2026","Day shift","EEC","130597340","C2-119","An abnormal gap was detected between the battery pack cell carrier and the top cover after the assembly ","5","0.50%","Incoming material issue: The front pin of the top cover was deformed, causing a gap between the battery pack cell carrier and the top cover","316702015-01","GOOD MARK","Screenshot 2026-02-02 112713.jpg","SQE arrange sorting material to resume production line and work with supplier for further improvement","2/6/2026","Closed","SQE","Material issue","Plastic","Phung Quang Bao (VN.RYOBI-PIE)"
"2/2/2026","Day shift","High Mix","011309018","C2-028","The front gear case  cannot be assembled ","2","1.00%","The front gear case is missing a bush ","316330001","HONG NHAT TRIUE QUAN VIET NAM ","x224.jpg","SQE requires the supplier to implement corrective actions and improvements.","2/2/2026","Closed","SQE","Material issue","Plastic","Nguyen Trong Nhan (VN.RYOBI-PIE)"
"2/2/2026","Day shift","High Mix","095297206","C2-043","The shaft cannot be assembled ","1","0.50%","The shaft failed dim#9, spec: 7.977-7.995mm, actual: 7.999mm ","622268001","HANSEONG VIET NAM PRECISION TECHNOLOGY COMPANY LIMITED","x232.jpg","SQE requires the supplier to implement corrective actions and improvements.","2/2/2026","Closed","SQE","Material issue","Metal","Nguyen Trong Nhan (VN.RYOBI-PIE)"
"2/2/2026","Day shift","High Volume","096561102","C1-31"," The product cannot upload the firmware.","1","1.00%","The wiring process is obstructed, causing the wire to break.","N/A","N/A","651.jpg","Feedback to production supervisors and leader for improvement.","2/2/2026","Closed","Prod","Man issue","N/A","Tran Duy Quat (VN.RYOBI-PIE)"
"2/2/2026","Night shift","High Volume","106700107","C1-42","Insert the PIN into the cracked camshaft part","30","3.00%","Part CAM PIN fail note 1: HARDNESS, Spec: 35-50, actual: 1.8","674509001-02","FANCY","79.png","Respond SQE to call supplier for sorting and improve","2/3/2026","Keep monitoring","SQE","Material issue","Metal","Le Hong Phong (VN.RYOBI-PIE)"
"2/2/2026","Night shift","High Volume","096608001DG9","C1-32","The tool can not upload the firmware from ME machine","10","5.00%","The battery foot is damage one signal pin ","282200005","D&S","truong30.jpg","Feedback to ME team to fix this issues","2/3/2026","Closed","PM","Machine issue","PCBA","Kien Minh Truong (VN.RYOBI-PIE)"
"2/2/2026","Night shift","High Mix","011153015","C2-003","Housing big gap (>0.4mm)","10","10.00%","The housing has burr on the assembly surface","316649001/ 316650002","De Sheng","2026-02-02 1.jpg","Feedback supplier seperate NG material, SQE work with supplier to improvement.","2/2/2026","Closed","SQE","Material issue","Plastic","Hoang Dinh Trung (VN.RYOBI-PIE)"
"2/1/2026","Day shift","High Volume","096561101","C1-31","No Funtion","1","0.10%","Wrong wiring layout-> The phase connectors touch each other","NA","NA","78.png","Tranning operation follow WI","2/2/2026","Closed","Prod","Man issue","N/A","Le Hong Phong (VN.RYOBI-PIE)"
"2/1/2026","Day shift","High Mix","011309016","C2-028","The bit holder fails to hold the JAM bit securely.","6","5.00%","The bit holder hole has burrs.","671562240","JUN JAM METAL PRODUCTS TECHNOLOGY LIMITED","x2111.jpg","SQE requires the supplier to implement corrective actions and improvements.","2/1/2026","Closed","SQE","Material issue","Metal","Nguyen Trong Nhan (VN.RYOBI-PIE)"
"2/1/2026","Day shift","High Mix","204485002","C2-019","The gear cannot be installed into the stamping machine fixture","8","5.00%","The gear has burrs.","616554001","YANGZHOU SEASHINE NEW MATERIALS CO.,LTD","X322.jpg","SQE requires the supplier to implement corrective actions and improvements.","2/1/2026","Closed","SQE","Material issue","Metal","Nguyen Trong Nhan (VN.RYOBI-PIE)"
"1/31/2026","Day shift","High Mix","011915028","C2-028","Cannot engage the gearbox locking pin.","54","20.00%","The gear case has not been drilled","306425002-02","REDSUN","x311.jpg","SQE requires the supplier to implement corrective actions and improvements.","2/9/2026","Keep monitoring","SQE","Material issue","Plastic","Le Song Toan (VN.RYOBI-PIE)"
"1/31/2026","Day shift","High Volume","743039001","C1-70","The output shaft can not assembly into the rear endbell","1","0.05%","The output shaft has a machining defect","623361006-01","Bach Tung","truong24.jpg","Feedback to SQE team to work with supplier to improve this case","2/1/2026","Closed","SQE","Material issue","Metal","Kien Minh Truong (VN.RYOBI-PIE)"
"1/31/2026","Day shift","High Mix","011342006","C2-014","The fork can not be assembled ","2","1.00%","The fork failed dim#8, spec: 19-19,03mm, actual: 18.74mm","644834001","SHANDONG WEIDA INTERNATIONAL TRADING CO., LTD","x212.jpg","SQE requires the supplier to implement corrective actions and improvements.","2/1/2026","Closed","SQE","Material issue","Metal","Tran Quoc Kiet (VN.RYOBI-PIE)"
"1/31/2026","Day shift","High Mix","011342006","C2-016","Machining marks are missing on the surface, causing improper seating during assembly","1","0.50%",,"623349001","SHANDONG WEIDA MACHINERY CO., LTD","x223.jpg","SQE requires the supplier to implement corrective actions and improvements.","2/1/2026","Closed","SQE","Material issue","Metal","Mai Chieu Linh (VN.RYOBI-PIE)"
"1/31/2026","Day shift","High Mix","011050033","C2-004","The output shaft can not be assembled","2","1.00%","The output shaft failed dim#9, spec: 9.47-9.52mm, actual: 9.538mm","622629004","WEIDA (VIETNAM) MANUFACTURING CO.,LTD","x231.jpg","SQE requires the supplier to implement the improvement acitons. ","2/1/2026","Closed","SQE","Material issue","Metal","Mai Chieu Linh (VN.RYOBI-PIE)"
"1/31/2026","Night shift","High Mix","096870001","C2-041","Motor interference with plastic stator","10","100.00%","Material issue: Plastic stator NG dim 3 (Spec: 0-0.3mm/ Actual: 0.6mm), NG dim 13 (spec: 35.85-36.15mm/ Actual: 35.68mm)","549023001","Ming Shing","image_2026-02-01_07-47-24.jpg","Change new lot to resume line/ SQE work with supplier to provide 8D report","2/13/2026","Open","SQE","Material issue","Plastic","Mai Chieu Linh (VN.RYOBI-PIE)"
"1/30/2026","Day shift","High Volume","096607001","C1-05","Stuck trigger","6","1.00%","The spring is deformed because the spring-pressing fixture is worn out and cannot secure the spring.","NA","NA","77.png","PM improve fixture","1/31/2026","Closed","PM","Machine issue","N/A","Le Hong Phong (VN.RYOBI-PIE)"
"1/30/2026","Day shift","High Mix","011915028","C2-028","The gear case cannot be assembled","119","35.00%","The gear case failed dim#31, spec: 27.94-27.99mm, actual: 28.13mm ","306425002-02","REDSUN","x321.jpg","SQE requires the supplier to implement corrective actions and improvements, 8D report","2/9/2026","Keep monitoring","SQE","Material issue","Plastic","Le Song Toan (VN.RYOBI-PIE)"
"1/30/2026","Day shift","High Mix","011050033","C2-004","The P/N fell out of the fixture.","20","10.00%","The P/N failed dim#8, spec: 14.85-15, actual: 14.82mm","539177003","GOODVIEW","x331.jpg","SQE requires the supplier to implement corrective actions and improvements","2/4/2026","Keep monitoring","SQE","Material issue","Plastic","Nguyen Trong Nhan (VN.RYOBI-PIE)"
"1/30/2026","Day shift","High Mix","011050033","C2-004","The motor cannot be assembled after the pressing process","15","18.00%","PM die lacks a center pin, causing motor deformation during pressing.","N/A","N/A","x34.jpg","PM to improve fixture and define long-term corrective actions for stable production.","1/30/2026","Closed","PM","Machine issue","N/A","Mai Chieu Linh (VN.RYOBI-PIE)"
"1/30/2026","Night shift","EEC","130597185","C2-124","Cell straps were burnt after Spot welding process","9","0.90%","Material issue: The plastic cell frame is NG due to dimension Dim #23 out of specification (Spec: 1.2 mm ±0.05; Actual: 0.89 mm).","541327001-02","YUDA","Screenshot 2026-01-31 064902.png","SQE arrange sorting and found 899pcs NG. Need Supplier provide SCAR.","2/6/2026","Closed","SQE","Material issue","Plastic",
"1/29/2026","Day shift","EEC","130597100","C2-121","An abnormal gap was detected between the battery pack cell carrier and the left side panel after the assembly process","10","1.00%","Incoming material issue: Deformation was found on the left side of the carrier.","541183001-02","YUDA","Screenshot 2026-01-29 111736.jpg","SQE arrange sorting material to resume production line and work with supplier for further improvement","2/2/2026","Closed","SQE","Material issue","Plastic",
"1/29/2026","Day shift","High Volume","096560101","C1-36","The PCBA is loaded the program, but tool can not run","4","0.55%","The PCBA is missing the diode","282200004-02","D&S","truong22.jpg","Feed back to SQE team to work with supplier to improve this case","1/30/2026","Closed","SQE","Material issue","PCBA","Kien Minh Truong (VN.RYOBI-PIE)"
"1/29/2026","Day shift","High Volume","096918002---Trimmer","C1-14","The PCBA is loaded the program, but tool can not run","1","0.19%","The PCBA is missing the diode","282200004-02","D&S","truong21.jpg"," Feed back to SQE team to work with supplier to improve this case","1/30/2026","Closed","SQE","Material issue","PCBA","Kien Minh Truong (VN.RYOBI-PIE)"
"1/29/2026","Day shift","High Mix","319066001","C2-016","The nail strip jammed during testing","12","7.70%","The operator did not push the stopper into position during operation","N/A","N/A","X29.jpg","Retrain the operators to adhere to the WI and carefully check before transferring to the next step ","1/29/2026","Closed","Prod","Man issue","N/A","Mai Chieu Linh (VN.RYOBI-PIE)"
"1/29/2026","Day shift","High Volume","095394202","C1-37","stuck trigger","6","2.00%","Part TRIGGER Deform, fail dim 4: spec 216.86-217.26mm,  Actual: 226.569mm","534533001-03","YUDA","76.png","Respond SQE to call supplier for sorting part ok and improve","1/30/2026","Closed","SQE","Material issue","Plastic","Le Hong Phong (VN.RYOBI-PIE)"
"1/29/2026","Day shift","High Volume","096561101","C1-31","Tool can not load the program and run intermittent","4","3.00%","Fixture tilted lead the soldering flux flow into connection point of switch","N/A","N/A","truong23.jpg","Feed back to ME team to improve this fixture ","1/30/2026","Keep monitoring","PM","Machine issue","PCBA","Kien Minh Truong (VN.RYOBI-PIE)"
"1/29/2026","Day shift","High Volume","095654002","C1-45","Upper tube fails to rotate after pressing rotation button","11","3.00%","OD of Upper Tube out dim 22 (Spec: 25.9 - 26.2 mm; Actual: 26.36 mm)","698938001-01","Yu Xin","Screenshot 2026-01-30 081505.png","Feedback to SQE to sort good parts and improve","1/30/2026","Closed","SQE","Material issue","Metal","Luu Vinh Nghi (VN.RYOBI-PIE)"
"1/29/2026","Day shift","High Mix","030319004","C2-012","Hard to insert dummy blade into product at EOL station. ","684","61.50%","NG dim#12 , Spec: 14.5 +/- 0.5mm | failed by gauge","642083001","VIETNAM HAITHAO MACHINERY CO.,LTD","C319.jpg","SQE sort incoming material to maintain the line. & feedback supplier to send SCAR for this case","2/11/2026","Open","SQE","Material issue","Metal",
"1/28/2026","Day shift","EEC","130597210DG9","C2-119","The unit failed in performance testing process, failure mode #8","1","0.10%","Machine issue: Soldering machine misalignment caused a short circuit at the NTC on the PCBA","NA","NA","Screenshot 2026-01-28 132324.jpg","Inform the PM team to check and adjust the machine to prevent the issue from recurring.","1/31/2026","Closed","PM","Machine issue","PCBA",
"1/28/2026","Day shift","High Volume","316132008","C1-50","Pin can't into the driver guide cover","30","8.00%","Part DRIVER GUIDE COVER Fail dim 3 chamfer, Spec 1x15*, actual: 0.5x11*","644014001-03","Weida","75.png","Respond SQE to call supplier for sorting part ok and improve","1/29/2026","Closed","SQE","Material issue","Metal","Le Hong Phong (VN.RYOBI-PIE)"
"1/28/2026","Day shift","High Mix","011325011","C2-007","The tool is making a loud noise","3","1.00%","Missing bushing during assembly.","N/A","N/A","X19.jpg","Retrain the operators to adhere to the WI and carefully check before transferring to the next step ","1/29/2026","Closed","Prod","Man issue","N/A","Mai Chieu Linh (VN.RYOBI-PIE)"
"1/28/2026","Day shift","High Mix","011325011","C2-007","Rubbing occurred, causing motor burnout","3","1.00%","Misaligned stator during assembly.","N/A","N","X28.jpg","Retrain the operators to adhere to the WI ","1/28/2026","Closed","Prod","Man issue","N/A","Tran Minh Kha (VN.RYOBI-PIE)"
"1/28/2026","Day shift","High Mix","011325011","C2-007","Tool cannot run ","1","0.40%","The screw was driven into the wire","N/A","N/A","X32.jpg","Retrain the operators to adhere to the WI ","1/28/2026","Closed","Prod","Man issue","N/A","Tran Minh Kha (VN.RYOBI-PIE)"
"1/28/2026","Night shift","High Mix","030409002","C2-055","Head valve stuck during assembly","3","1.50%","Material issue Head valve NG – Dim #15 out of spec (Spec: 68.25 mm ±0.05 / Actual: 68.54 mm).","316364001","GOOD MARK","Screenshot 2026-01-29 044211.png","Separate the Lot for sorting & feedback SQE for the improvement","2/4/2026","Keep monitoring","SQE","Material issue","Metal",
"1/28/2026","Day shift","High Mix","319328007","C2-017","Air leakage occurs during pumping","3","1.00%","The seal is pinched during assembly","N/A","N/A","X41.jpg","Retrain the operators to adhere to the WI ","1/28/2026","Closed","Prod","Man issue","N/A","Mai Chieu Linh (VN.RYOBI-PIE)"
"1/28/2026","Day shift","High Volume","743039001","C1-70","The output shaft can not put into the fixture","3","0.15%","The output shaft is failed at dimension 1","623361006-01","Bach Tung","truong25.jpg","Feed back to SQE team to work with supplier to improve this issue","1/29/2026","Closed","SQE","Material issue","Metal","Kien Minh Truong (VN.RYOBI-PIE)"
"1/27/2026","Day shift","EEC","130597189","C2-103","The unit was burned during the soldering machine process.","1","0.10%","Machine issue: Soldering machine misalignment caused a short circuit and PCBA burning.","N/A","N/A","Screenshot 2026-01-27 145358.jpg","Inform the PM team to check and adjust the machine to prevent recurrence. Continue monitoring the next 20 units and release the line.","1/27/2026","Closed","PM","Machine issue","N/A",
"1/27/2026","Day shift","High Volume","095251132","C1-07","No funtion","1","0.20%","Shorted wire switch","NA","NA","741.png","tranning operation","1/28/2026","Closed","Prod","Man issue","N/A","Le Hong Phong (VN.RYOBI-PIE)"
"1/27/2026","Day shift","High Mix","011283004","C2-003","The die-casting is stuck in the mold after stamping","11","20.00%","The die-casting failed dim #6,#7,#8. Spec of dim#6: 40.515- 40.565mm, actual: 40.49mm ; Spec of dim#7: 31.35-31.43mm, actual: 31.45mm; Spec of dim#8: 7.975-8.025mm, actual: 4.985mm","644668001","VIET NAM HAI THAO MACHINERY COMPANY LIMITED","2026-01-27 2.jpg","SQE requests the supplier to provide improvement actions, 8D report","2/6/2026","Keep monitoring","SQE","Material issue","Metal","Hoang Dinh Trung (VN.RYOBI-PIE)"
"1/27/2026","Day shift","High Mix","011390003","C2-003","The die-casting cannot be assembled","8","3.00%","The die-cast hole is not fully threaded","640795010","VIET NAM HAI THAO MACHINERY COMPANY LIMITED","x27.jpg","SQE requests the supplier to provide improvement actions","1/27/2026","Closed","SQE","Material issue","Metal","Tran Minh Kha (VN.RYOBI-PIE)"
"1/27/2026","Day shift","High Mix","315630005","C2-019","Cannot define the face to assembly","100","100.00%","Magnet 695783002 have point stand for N pole both 2 sides => cause confuse for operator","695783002","HONGKONG JINJI CO., LIMITED","2026-01-27 1.jpg","Feedback SQE to rework the part to resume the line and work with supplier for improvement.","2/13/2026","Open","SQE","Material issue","Metal","Hoang Dinh Trung (VN.RYOBI-PIE)"
"1/27/2026","Night shift","High Volume","743039004","C1-70","Cannot be assembled","2","1.00%","The shaft failed at dim #1","623361006-01","Bach Tung","Image (89).jpg","SQE contact supplier inprove","1/27/2026","Closed","SQE","Material issue","Metal","Nguyen Phu Quoc (VN.RYOBI-PIE)"
"1/27/2026","Night shift","High Volume","095264103","C1-09","The motor mount has plastic cracks after pressing in the bushing.","5","1.00%","Motor mount is out of dimension 5.","529411002","Toan Thai hung","264.jpg","Feedback to SQE for improvement","1/27/2026","Closed","SQE","Material issue","Plastic","Tran Duy Quat (VN.RYOBI-PIE)"
"1/27/2026","Night shift","High Volume","095598315","C1-03","Can't lock the tube","1","1.00%","The operator did not perform step 1 correctly at station 4. The chamfer must face upward.","N/A","N/A","31.jpg","Feedback to production supervisors and leaders for improvement.","1/27/2026","Closed","Prod","Man issue","N/A","Tran Duy Quat (VN.RYOBI-PIE)"
"1/26/2026","Day shift","EEC","130597246","C2-092","Detected scratches on the top cover at the screw hole area after screwing process.","6","0.60%","Machine issue: Stage 2 of the Screw machine was misaligned make the top cover at the screw hole area was scratched","NA","NA","Screenshot 2026-01-26 091854.jpg","Inform PM team to check and adjust Stage 2 of the Screw machine. Continue follow 30 more pieces until machine stable then release the line.","1/26/2026","Closed","PM","Machine issue","N/A",
"1/26/2026","Day shift","High Mix","161024004","C2-001","The product has a housing gap ","5","2.00%","The operator used the wrong torque screwdriver among two available tools.","N/A","N/A","X26.jpg","Retrain the operators to adhere to the WI","1/26/2026","Closed","Prod","Man issue","N/A","Nguyen Trong Nhan (VN.RYOBI-PIE)"
"1/26/2026","Day shift","High Mix","011390003","C2-003","The motor assembly dimension at step M03 is longer than the specification, spec: 113.81-114.11 mm, actual: 115.32mm ","10","4.00%","The machine force adjustment is insufficient to complete step M03.","N/A","N/A","x261.jpg","PM needs to improve the machine .","1/28/2026","Open","PM","Machine issue","N/A","Nguyen Trong Nhan (VN.RYOBI-PIE)"
"1/26/2026","Day shift","High Mix","316292006","C2-019","The tool cannot be assembled. ","1","0.40%","Misaligned pressing operation","N/A","N/A","indentation mark .jpg","Retrain the operators to adhere to the WI and carefully check before transferring to the next step","1/26/2026","Closed","Prod","Man issue","N/A","Nguyen Trong Nhan (VN.RYOBI-PIE)"
"1/26/2026","Day shift","High Volume","096560102","C1-36","Braked but the motor didn't stop.","4","1.00%","The welding switch is burnt out, the wire is broken.","NA","NA","73.png","training operation","1/27/2026","Closed","Prod","Man issue","N/A","Le Hong Phong (VN.RYOBI-PIE)"
"1/26/2026","Day shift","High Mix","161032004","C2-1772","The indicator LED lens cannot be assembled into the hole on the housing.","6","3.00%","The indicator LED lens does not meet the dimensional requirement of 1.6 mm ± 0.1 mm","535511001","REDSUN INDUSTRIAL CO., LIMITED","xne2.jpg","SQE requests the supplier to provide improvement actions","1/26/2026","Closed","SQE","Material issue","Plastic","Mai Chieu Linh (VN.RYOBI-PIE)"
"1/26/2026","Night shift","High Volume","095293301","C1-37","The motor is not operating","1","0.50%","Due to the operator incorrectly welding the two battery terminals","N/A","N/A","Image (88).jpg","Leader to retrain the operators","1/26/2026","Closed","Prod","Man issue","PCBA","Nguyen Phu Quoc (VN.RYOBI-PIE)"
"1/26/2026","Night shift","High Volume","743039001","C1-70","The front endbell does not fit into the","6","1.00%","The front endbell is out of dimension 23","647119001","TOYOTAKI","70_1.jpg","Feedback to SQE for improvement","1/26/2026","Closed","SQE","Material issue","Metal","Tran Duy Quat (VN.RYOBI-PIE)"
"1/25/2026","Day shift","High Volume","095653008","C1-11","The wire is protruded above the groove","100","11.36%","The actual housings groove is higher than 3D drawing dimension","542241001-02","Ming shing","truong17.jpg","Feed back to SQE team to work with supplier to improve this issue","1/26/2026","Keep monitoring","SQE","Material issue","Plastic","Kien Minh Truong (VN.RYOBI-PIE)"
"1/25/2026","Day shift","High Volume","743039001","C1-70"," The output shaft can not assembly into the rear endbell","3","0.15%","The output shaft has a machining defect","623361006-01","Bach Tung","truong26.jpg"," Feedback to SQE team to work with supplier to improve this case","1/26/2026","Closed","SQE","Material issue","Metal","Kien Minh Truong (VN.RYOBI-PIE)"
"1/24/2026","Day shift","High Mix","159216009","C2-030","Big noise","1","0.20%","Output gear 610123009 of 304522003 deform","304522003","WEIDA (VIETNAM)","2026-01-24 1.jpg","Feedback SQE work with supplier to improvement","1/24/2026","Closed","SQE","Material issue","Metal","Hoang Dinh Trung (VN.RYOBI-PIE)"
"1/24/2026","Day shift","High Mix","159264012","C2-002","Tool no function","1","0.20%","Component on PCBA broken","N/A","N/A","2026-01-24 2.jpg","Training operator at wiring station.","1/24/2026","Closed","Prod","Man issue","N/A","Hoang Dinh Trung (VN.RYOBI-PIE)"
"1/24/2026","Day shift","High Volume","096651001","C1-05","Cam after stamping is loose","71","10.75%","Cam is failed at  #DIM 13","615521001-01","Pu  Zhou","truong14.jpg","Feed back to SQE team to work with supplier to improve this issues","1/25/2026","Keep monitoring","SQE","Material issue","Metal","Kien Minh Truong (VN.RYOBI-PIE)"
"1/24/2026","Day shift","High Volume","095112109","C1-43","Can not input the shaft locking ring into the shaft groove","17","100.00%","The actual stamping dimension is failed that compare to the dimension require in WI","N/A","N/A","truong15.jpg","Feed back to SQE team to fix this issue","1/25/2026","Closed","PM","Machine issue","N/A","Kien Minh Truong (VN.RYOBI-PIE)"
"1/24/2026","Night shift","High Mix","011929007","C2-001","Tool cannot run","3","0.13%","PCBA collided with the motor pin","N/A","N/A","Screenshot 2026-01-26 064303.png","Re-train the operator following the WI","1/25/2026","Closed","Prod","Man issue","N/A","Le Song Toan (VN.RYOBI-PIE)"
"1/24/2026","Night shift","High Mix","095799011","C2-041","Tool cannot run","1","0.33%","Misaligned switch installation","N/V","N/V","Screenshot 2026-01-26 071216.jpg","Retrain the operator following the WI","1/25/2026","Closed","Prod","Man issue","N/A",
"1/23/2026","Day shift","EEC","130597198","C2-116","Scratch detected on the top cover after screwing process","1","0.10%","The screw machine was misaligned, causing scratches on the top cover.","N/A","N/A","Screenshot 2026-01-23 102340.jpg","Inform the ME team to check and adjust the screwing machine to prevent the issue from recurring.","1/23/2026","Closed","PM","Machine issue","N/A",
"1/23/2026","Day shift","High Mix","030289005","C2-012","The product work abnormal, has noise inside motor","2","0.30%","Screw torque was out of control at the station C01.4. Spec: 10-12kg.f actual: 28.2kg.f ","N/A","N/A","WhatsApp Image 2026-01-23 at 16.07.31.jpeg","Call ME come to adjust the screwing torque immediately then resume the line -> No more abnormality found ","1/23/2026","Closed","PM","Machine issue","N/A",
"1/23/2026","Day shift","High Volume","096651010","C1-05","Stuck trigger","12","1.00%","Part LOCKOUT BUTTON NG dim 2,deform. spec: 17.44-17.54mm actual: 17.6mm","554835001-03","Carve","72.png","Respond SQE to call supplier for sorting Switch button and improve","1/24/2026","Closed","SQE","Material issue","Plastic","Le Hong Phong (VN.RYOBI-PIE)"
"1/23/2026","Night shift","High Volume","096561102","C1-14","Unable to load firmware to the PCBA","2","1.00%","Incorrect operation led to the switch being obstructed and damaged","N/A","N/A","Image (86).jpg","Leader to retrain the operators","1/23/2026","Closed","Prod","Man issue","Switch","Nguyen Phu Quoc (VN.RYOBI-PIE)"
"1/23/2026","Night shift","High Volume","095633201","C1-42","Broken screw issue","10","20.00%","The screw failed the breaking torque test specification","663223001-01","Tai Ming","Image (87).jpg","N/A","1/23/2026","Open","SQE","Material issue","Metal","Nguyen Phu Quoc (VN.RYOBI-PIE)"
"1/23/2026","Night shift","High Mix"," 095817304","C2-025","Can not assemble shaft to plastic part","20","30.00%","Material issue: Line Spon Hub NG dimension 80 (Spec: 9.61-9.78mm/ Actual: 9.60 No Go)","518530002-01","Ming Shing","image_2026-01-24_07-40-52.jpg","SQE work with supplier to provide 8D report for this issue","2/6/2026","Open","SQE","Material issue","Plastic","Nguyen Minh Hieu (VN.RYOBI-PIE)"
"1/23/2026","Night shift","High Mix","096631301","C2-047","Stuck safety trigger","4","2.00%","Man issue: Operator Route the wires incorrectly according to the WI requirements","N/A","N/A","image_2026-01-24_07-47-41.jpg","Request line leader and training team re-train operator at this station, follow 10 unit after training to verify","1/23/2026","Closed","Prod","Man issue","N/A","Nguyen Minh Hieu (VN.RYOBI-PIE)"
"1/23/2026","Night shift","High Mix","096776001","C2-045","Unit self operating when insert the battery","1","0.10%","Man issue: The wires were routed in an incorrect position, causing the switch to be lifted and the unit seft operating.","N/A","N/A","image_2026-01-24_07-54-37.jpg","Request line leader and operator focus on work, follow WI requirement strictly","1/23/2026","Closed","Prod","Man issue","N/A","Nguyen Minh Hieu (VN.RYOBI-PIE)"
"1/22/2026","Day shift","High Mix","030247012","C2-013","The motor has spark during work","4","0.72%","The rotor coil is scratched during assembly",,,"WhatsApp Image 2026-01-22 at 16.15.34.jpeg","Reinforce 5S at that station and Remind the Operator pay more attention","1/22/2026","Closed","Prod","Man issue",,
"1/22/2026","Day shift","High Volume","096561102","C1-14","No funtion","1","0.60%","The wires connecting the phases are stuck together.","NA","NA","71.png","Training operation follow wi","1/23/2026","Closed","Prod","Man issue","N/A","Le Hong Phong (VN.RYOBI-PIE)"
"1/22/2026","Night shift","High Volume","095203102","C1-03","The starter lever is stuck.","5","5.00%","The trigger is out of dimension 8. Does not fit into the gauge fixture.","539168001","Redsun","203_3_1.jpg","Feedback to SQE for improvement","1/22/2026","Closed","SQE","Material issue","Plastic","Tran Duy Quat (VN.RYOBI-PIE)"
"1/22/2026","Night shift","High Volume","096882001DG9","C1-34","The product is missing the protective plate screw","1","1.00%","The operator missed Step 2 at Station 9 and did not fasten screw No. 4.","N/A","N/A","882_34_1.jpg","Feedback to production supervisors and leaders for improvement.","1/22/2026","Closed","Prod","Man issue","N/A","Tran Duy Quat (VN.RYOBI-PIE)"
"1/22/2026","Night shift","High Volume","096916003DG9","C1-40","The blower’s switching indicator light is unstable","5","1.00%","The PCBA connector is unstable","281169036-01","DS","Image (85).jpg","SQE contact suupplier sorting and improve","1/22/2026","Closed","SQE","Material issue","PCBA","Nguyen Phu Quoc (VN.RYOBI-PIE)"
"1/22/2026","Night shift","High Volume","096561102","C1-14","The terminal connection pin is stamped too high.","207","5.00%","The steel tube is out of dimension 2. Spec 7.20–7.50. Actual 5.38.","687307001","Zhongheng","561_14_1.jpg","Feedback to SQE for improvement","1/22/2026","Closed","SQE","Material issue","Metal","Tran Duy Quat (VN.RYOBI-PIE)"
"1/22/2026","Night shift","High Volume","095606325","C1-23","The product has a gap in the handle cover.","1","1.00%","The wiring process caused interference with the switch, creating a gap.","N/A","N/A","606_23_1.jpg","Feedback to production supervisors and leaders for improvement.","1/22/2026","Closed","Prod","Man issue","N/A","Tran Duy Quat (VN.RYOBI-PIE)"
"1/22/2026","Day shift","High Mix","316292010","C2-019","The outer cylinder can not be assembled","13","20.00%","The outer cylinder failed dim#4, spec: 85.57-85.67mm, actual: 85.197mm","698929001-01","SHENZHEN YUEHUARUI HARDWARE PRODUCTS CO., LTD","2221.jpg","SQE requests the supplier to implement improvement actions, 8D report","1/27/2026","Keep monitoring","SQE","Material issue","Metal","Nguyen Trong Nhan (VN.RYOBI-PIE)"
"1/22/2026","Day shift","High Mix","011374001","C2-011","The motor can not run ","1","0.30%","The rotor polarity is reversed","292023024","ROTONG","233.jpg","SQE requests the supplier to implement improvement actions","1/22/2026","Closed","SQE","Material issue","Motor","Mai Chieu Linh (VN.RYOBI-PIE)"
"1/22/2026","Day shift","High Mix","095875304","C2-041","The tube can not be assembled","3","1.00%","The tube failed dim#21, spec: 29.8-30.015mm, actual: 29.47mm","697307006","ZHONGSHAN","tube.jpg","SQE requires the supplier to implement corrective actions and improvements.","1/23/2026","Closed","SQE","Material issue","Metal","Mai Chieu Linh (VN.RYOBI-PIE)"
"1/22/2026","Day shift","High Mix","095875304","C2-051","Screw was stripped on gearbox hole","10","30.00%","Material issue: Gearbox NG thread gauge M5x0.8","546872001-02","Fukai","image_2026-01-23_07-38-00.jpg","SQE inform supplier change new lot material to resume line/ Long term: SQE work with Fukai to provide 8D report for this defect","3/6/2026","Open","SQE","Material issue","Plastic","Mai Chieu Linh (VN.RYOBI-PIE)"
"1/22/2026","Day shift","High Mix","095817304","C2-025","Stuck safety trigger","6","20.00%","Material issue:  Plastic trigger NG dim 4 (Spec: 11.84-12.14mm/ Actual: 11.56mm)","553457001-01","CHAOJUN PRECISION VIETNAM COMPANY LIMITED","image_2026-01-23_07-45-26.jpg","SQE work with supplier to provide 8D report for this issue","1/22/2026","Keep monitoring","SQE","Material issue","Plastic","Mai Chieu Linh (VN.RYOBI-PIE)"
"1/21/2026","Day shift","High Mix","316292010","C2-019","The outter cylinder can not be assembled. ","2","1.00%","The outer cylinder failed dim #4, spec: 85.57-85.67mm, actual: 85.31mm","698929001","SHENZHEN YUEHUARUI HARDWARE PRODUCTS CO., LTD","XNE.jpg","SQE requires the supplier to implement corrective actions and improvements.","1/21/2026","Closed","SQE","Material issue","Metal","Nguyen Trong Nhan (VN.RYOBI-PIE)"
"1/21/2026","Day shift","High Mix","010929007","C2-013","The screw is not fully tightened","25","15.00%","The fixture is not fully clamped during the screw tightening process","N/A","N/A","xne1.jpg","PM needs to improve the screw-driving fixture.","1/23/2026","Open","PM","Machine issue","N/A","Nguyen Trong Nhan (VN.RYOBI-PIE)"
"1/21/2026","Day shift","High Mix","316292010","C2-019","The seal plug failed during testing.","8","3.00%","The seal plug has a machining step that causes air leakage","698366002","SHENZHEN YUEHUARUI HARDWARE PRODUCTS CO., LTD","ok1.jpg","SQE requests the supplier to implement improvement actions. Repeat issue!","1/23/2026","Open","SQE","Material issue","Metal","Nguyen Trong Nhan (VN.RYOBI-PIE)"
"1/21/2026","Day shift","High Mix","030333010","C2-013","The product can't work","1","0.10%","Workmanship issue: the wire power input incompletely with switch on the station C12","N/A","N/A","Screenshot 2026-01-21 183219.png","Work with Line leader to remind the Operator need to focus on work","1/21/2026","Closed","Prod","Man issue","N/A",
"1/21/2026","Day shift","High Volume","095366205","C1-05","Tool is failed at the high current specification at WI ","10","10.00%","The wire cutters are shorter than specified","N/A","N/A","truong13.jpg","Feed back to ME to fix this isssue","1/22/2026","Closed","PM","Machine issue","N/A","Kien Minh Truong (VN.RYOBI-PIE)"
"1/21/2026","Night shift","EEC","130597283","C2-087","The tamper indicator plug dropped after assembly","10","3.00%","Material issue: The housing cover is NG due to dimension Dim #12 out of specification (Spec: 6.60 mm +0.10; Actual: 6.75 mm).","317115008-01","GOOD MARK","Screenshot 2026-01-22 021624.png","SQE arrange sorting material to maintain production line, SQE follow with Supplier for the improvement","1/27/2026","Closed","SQE","Material issue","Plastic",
"1/21/2026","Night shift","High Mix","159196032","C2-027","At the EOL station, the product was found not to operate.","1","1.00%","Material: Switch sort output power.","270016284-01","WEIDA(VIETNAM)","Screenshot 2026-01-22 023304.png","Feedback SQE to inform supplier for improvement.","1/21/2026","Closed","SQE","Material issue","Switch",
"1/21/2026","Night shift","High Volume","096561102","C1-14","cannot be assembled","2","1.00%","The metal failed the dimension check (dim 4)","687264001-03","Zhonggheng","Image (84).jpg","SQE contact supplier inprove","1/21/2026","Closed","SQE","Material issue","Metal","Nguyen Phu Quoc (VN.RYOBI-PIE)"
"1/21/2026","Night shift","High Volume","095112109","C1-43","The spring washer stamping station is not acceptable.","1","1.00%","The operator performed Step 1 at Station 2 incorrectly.","N/A","N/A","112109_43_1.jpg","Feedback to production supervisors and leaders for improvement.","1/21/2026","Closed","Prod","Man issue","N/A","Tran Duy Quat (VN.RYOBI-PIE)"
"1/20/2026","Day shift","EEC","130858001DG9","C2-114","Miss connection between cell strap and PCBA","1","0.10%","Incoming material issue : The JT101-DD POSITIVE CONTACT STRAP was already deformed from supplier -> Misalignment with the hole in PCBA","659289004-01","Wonder ACE","Screenshot 2026-01-20 152952.jpg","Sorting material to resume line, Inform to SQE team to work with supplier to prevent this issue","1/23/2026","Closed","SQE","Material issue","Metal",
"1/20/2026","Day shift","High Mix","062006009","C2-014","Tool cannot run ","2","1.00%","Battery terminals are soldered with reversed polarity","N/A","N/A","xo.jpg","Retrain the operators to adhere to the WI and carefully check before transferring to the next step ","1/20/2026","Closed","Prod","Man issue","N/A","Nguyen Trong Nhan (VN.RYOBI-PIE)"
"1/20/2026","Day shift","High Mix","011231011","C2-034","The shaft was scratched during assembly.","2","0.50%","The C-clip was installed in the reverse orientation; according to the WI, the curved side of the C-clip must face downward.","N/A","N/A","X121.jpg","Retrain the operators to adhere to the WI","1/20/2026","Closed","Prod","Man issue","N/A","Tran Minh Kha (VN.RYOBI-PIE)"
"1/20/2026","Day shift","High Mix","095835104DG9","C2-025","Tool could not run","2","0.10%","Man issue: Operator route the wire on the screw boss --> Cause the wire is broken","N/A","N/A","image_2026-01-20_17-05-08.jpg","Remind OP & leader focus on work, follow WI strictly when route the wires","1/20/2026","Closed","Prod","Man issue","N/A","Mai Chieu Linh (VN.RYOBI-PIE)"
"1/20/2026","Night shift","High Volume","095711001","C1-37","cannot be assembled","1","0.50%","missing threads motor","742481005-01","Fang De","Image (83).jpg","SQE contact supplier for improvement","1/20/2026","Closed","SQE","Material issue","Motor","Nguyen Phu Quoc (VN.RYOBI-PIE)"
"1/20/2026","Night shift","High Volume","096916003DG9","C1-40","The product has abnormal noise","5","1.00%","The motor mount does not fit into the motor bearing. Part metal out of dimension 24. Spec 19mm, Actual 18.82mm. ","645037001","Yuxin","916_40_1.jpg","Feedback to SQE for improvement","1/20/2026","Closed","SQE","Material issue","Metal","Tran Duy Quat (VN.RYOBI-PIE)"
"1/20/2026","Day shift","High Volume","096561102","C1-14","OOQC issue: Pole saw oil spilled in packaging issue","1","333.00%","Bottle cap is loose","N/A","N/A","truong19.jpg","Improve this case is using force (10 - 12 kgf.cm) for tightening the bottle cap, MQA propose to update above force specification in WI","1/30/2026","Keep monitoring","MQA/PIE","Method issue","N/A","Kien Minh Truong (VN.RYOBI-PIE)"
"1/19/2026","Day shift","High Mix","030386006","C2-053","Hi-pot testing found a product NG","1","0.80%","The wire terminal was not stripped before crimping -> missing grounding for the circuit","730372061","FU YUAN VN CO.,LTD","Screenshot 2026-01-19 164050.png","Feedback SQE to inform supplier for improvement.","1/19/2026","Closed","SQE","Material issue","Switch",
"1/19/2026","Day shift","High Volume","011217004","C1-064","The Recip Saw's shoe ass'y - failed pull and push force. Too loose","40","15.00%","The shoe ass'y part is out of specification at dimension 2 ","315185001-02","Xian Hua","truong12.jpg","Feed back to SQE team for improving this issue to do not repeat","1/20/2026","Keep monitoring","SQE","Material issue","Metal","Kien Minh Truong (VN.RYOBI-PIE)"
"1/19/2026","Day shift","EEC","130690039","C2-096","Fuel gauge LED failed: LED1 is Green but LED2 is Orange","1","0.03%","LED2 contact problem at pin #2","280079039","TOP-TEK","EOL LED2.jpg","Informed to SQE to work with supplier for the improvement","2/26/2026","Closed","SQE","Material issue","PCBA",
"1/19/2026","Day shift","High Mix","011093008","C2-014","The tool generates abnormal noise during operation","10","7.00%","The planet gear has  chipped teeth","611562004","WEIDA (VIETNAM) MANUFACTURING CO.,LTD","x141.jpg","SQE requires the supplier to implement corrective actions and improvements.","1/19/2026","Closed","SQE","Material issue","Metal","Nguyen Trong Nhan (VN.RYOBI-PIE)"
"1/19/2026","Day shift","High Mix","011399015","C2-003","The die casting can not be assembled.","2","1.00%","The die casting failed dim#25, spec: 28.001-28.022mm, actual: 27.953mm ","647261003","JIN JUE HARDWARE AND PLASTIC (VIETNAM) COMPANY LIMITED","222.jpg","SQE requires the supplier to implement corrective actions and improvements.","1/19/2026","Closed","SQE","Material issue","Metal","Nguyen Trong Nhan (VN.RYOBI-PIE)"
"1/19/2026","Night shift","High Volume","001350024","C1-61","The charger emits smoke when power is applied.","1","0.10%","The power wire solder joint lacks solder.","140350033","GIGA","61.jpg","Feedback to SQE for improvement","1/19/2026","Closed","SQE","Material issue","PCBA","Tran Duy Quat (VN.RYOBI-PIE)"
"1/19/2026","Night shift","High Volume","095173201","C1-14","Scratches on the metal shaft","1","0.50%","assembly error: missing washer","N/A","N/A","Image (82).jpg","Leader to retrain the operators","1/19/2026","Closed","Prod","Man issue","Metal","Nguyen Phu Quoc (VN.RYOBI-PIE)"
"1/18/2026","Day shift","High Mix","095785101","C2-021","EOL detected: Tool can run but abnormal","1","0.01%","Man issue: wire was damaged after closing the housing case","N/A","N/A","Screenshot 2026-01-19 075409.png","Re-train operator to do strictly follow step by step of wiring & closing the housing as WI","1/18/2026","Closed","Prod","Man issue","N/A","Nguyen Dinh Khai (VN.RYOBI-PIE)"
"1/18/2026","Night shift","High Mix","010910019","C2-001","Tool auto run after battery inserted","1","0.01%","Man issue: soldering NG wire to the switch (NG: white wire --> Correct: red wire)","N/A","N/A","Screenshot 2026-01-19 080316.png","Re-train operator to do follow WI, the NG can re-soldering to repair","1/18/2026","Closed","Prod","Man issue","N/A","Le Song Toan (VN.RYOBI-PIE)"
"1/18/2026","Day shift","High Mix","161024004","C2-003","Tool no light at 01 LED","1","0.00%","Man issue: casing NG caused 01 LED damaged","N/A","N/A","Screenshot 2026-01-19 080633.png","Re-train operator at casing & wiring process","1/18/2026","Closed","Prod","Man issue","N/A","Nguyen Tuong Khanh (VN.RYOBI-PIE)"
"1/18/2026","Day shift","High Volume","096007303","C1-16","The output shaft stamping into ball bearing is failed specification in WI","19","40.00%","The limit sensor of machine is intermittent leading stamping not yet reached the required dimension, causing the machine is stop stamping","N/A","N/A","truong11.jpg","Feed back to ME team to fix this issue","1/19/2026","Closed","PM","Machine issue","N/A","Kien Minh Truong (VN.RYOBI-PIE)"
"1/17/2026","Day shift","High Mix","062024010","C2-003","Tool cannot run, no light","1","0.10%","Man issue: wrong soldering (OK: red wire to (+) , NG: red wire to (-) )","N/A","N/A","Screenshot 2026-01-17 075948.png","Re-train to operator to perform follow WI.","1/17/2026","Closed","Prod","Man issue","N/A","Le Song Toan (VN.RYOBI-PIE)"
"1/17/2026","Day shift","High Volume","054196094","C1-49","Speed Change button can not go full range of motion.","10","30.00%","Speed change button part is failed at dimension 17","542709001-02","Ming shing","truong9.jpg","Feed back to SQE to work with supplier to improve this case","1/18/2026","Closed","SQE","Material issue","Plastic","Kien Minh Truong (VN.RYOBI-PIE)"
"1/17/2026","Day shift","High Volume","095203102","C1-04","The main trigger is stuck","1","0.20%","The OP-er is using heat shrink tubing that is not the correct size compared to the size mentioned in the WI.","N/A","N/A","truong10.jpg","Feed back to group lead and line leader to retrain this case to OP-er","1/18/2026","Closed","Prod","Man issue",,"Kien Minh Truong (VN.RYOBI-PIE)"
"1/17/2026","Night shift","High Volume","095606319","C1-01","The nut doesn’t go all the way down the threads","5","5.00%","The nut’s threads are defective","661514002-01","Hong Van","Image (80).jpg","SQE contact supplier sorting and inprove","1/17/2026","Closed","SQE","Material issue","Metal","Nguyen Phu Quoc (VN.RYOBI-PIE)"
"1/17/2026","Night shift","High Volume","095632301","C1-37","The safety lever fails to engage","1","0.50%","The root cause is the presence of burr on the safety lever, which prevent smooth movement","541574001-04","Fukai","Image (81).jpg","SQE contact supplier inprove","1/17/2026","Closed","SQE","Material issue","Plastic","Nguyen Phu Quoc (VN.RYOBI-PIE)"
"1/17/2026","Night shift","High Mix","096776010","C2-045","Tool auto run after battery inserted","1","0.02%","Man issue: assemble the switch wrong position, wire damaged","N/A","N/A","Screenshot 2026-01-18 072822.png","Re-train operator to do carefully & strictly follow WI","1/17/2026","Closed","Prod","Man issue","N/A","Le Song Toan (VN.RYOBI-PIE)"
"1/17/2026","Night shift","High Mix","096631301","C2-047","Stuck the trigger","4","0.01%","Man issue: stuck the trigger due to wiring wires NG, not yet placed in groove","N/A","N/A","Screenshot 2026-01-18 073327.png","Re-train operator to wiring & casing follows WI. Re-check the trigger by pressing 2-3 times before transferring to next process","1/17/2026","Closed","Prod","Man issue","N/A","Le Song Toan (VN.RYOBI-PIE)"
"1/17/2026","Day shift","High Mix","011397002","C2-007","Tool cannot run","1","0.01%","Man issue: wiring & casing NG caused the wires broken","N/A","N/A","Screenshot 2026-01-18 074039.png","Re-train operator to wiring & casing carefully follows step by step in WI.","1/17/2026","Closed","Prod","Man issue","N/A","Le Song Toan (VN.RYOBI-PIE)"
"1/17/2026","Day shift","EEC","130606093","C2-095","Poor JT101-DD 2S2P CONNECT STRAP quality was observed after welding machine","5","0.50%","Incoming material issue: The JT101-DD 2S2P CONNECT STRAP was scratched","659376003-01","Wonder Ace","Screenshot 2026-01-18 074336.jpg","Sorting material to keep line run, SQE working with supplier for improvement","1/21/2026","Closed","SQE","Material issue","Metal",
"1/16/2026","Day shift","High Volume","095203102","C1-04","Safety issue related to Rear Trigger","4","10.00%","Fail #8 PN 539168001. Spec max 34.79 vs actual 34.82-34.90mm--> Effect to Travel distance of micro switch-> Safety issue","539168001-01","Red Sun VN","2026-01-17 08_33_47-Book1 - Excel.png","Supplier sorting the defective parts, CE ","1/18/2026","Keep monitoring","SQE","Material issue","Plastic","Le Hong Phong (VN.RYOBI-PIE)"
"1/16/2026","Day shift","High Volume","095712001","C1-34","Cam is loose after stamping","10","5.00%","Cam part is failed at dimension 9","672732001-01","J.C.L","truong8.jpg","Feed back to SQE team to work with supplier to fix this issue","1/17/2026","Closed","SQE","Material issue","Metal","Kien Minh Truong (VN.RYOBI-PIE)"
"1/16/2026","Day shift","High Mix","096776001","C2-045","Hard to remove battery from tool","10","50.00%","Material issue: Battery holder NG dim 44; 49","534248001-02","Ming Shing","image_2026-01-16_22-07-011.jpg","SQE work with supplier to provide 8D report for this issue","1/23/2026","Open","SQE","Material issue","Plastic","Mai Chieu Linh (VN.RYOBI-PIE)"
"1/16/2026","Day shift","High Mix","095109108","C2-041","Can not assemble screw to plastic guard","9","3.00%","Material issue: The plastic part is missing the metal insert","532523002-02","Ming Shing","image_2026-01-16_22-21-26.jpg","SQE work with supplier to improve this part","1/16/2026","Closed","SQE","Material issue","Plastic","Nguyen Trong Nhan (VN.RYOBI-PIE)"
"1/16/2026","Night shift","High Volume","011217004","C1-64","The motor is not operating","1","0.50%","Motor failure due to an open brush assembly","740202022-01","KPVN","Image (79).jpg","SQE contact supplier inprove","1/16/2026","Closed","SQE","Material issue","Motor","Nguyen Phu Quoc (VN.RYOBI-PIE)"
"1/16/2026","Night shift","High Volume","095683002","C1-32","The battery terminal head does not fully release its locking tabs when inserted into the tube.","40","10.00%","The tube upper out of dimension 8","566264001","Jiangfeng","683_32_1.jpg","Feedback to SQE for improvement","1/16/2026","Closed","SQE","Man issue","Plastic","Tran Duy Quat (VN.RYOBI-PIE)"
"1/16/2026","Night shift","High Volume","095113109","C1-45","The bearing slipped out after being press‑fitted onto the shaft.","5","1.00%","The shaft is out of dimension 14","623088001","Junda","113_45_1.jpg","Feedback to SQE for improvement","1/16/2026","Closed","SQE","Material issue","Metal","Tran Duy Quat (VN.RYOBI-PIE)"
"1/16/2026","Night shift","EEC","130858001DG9","C2-114","Process #17.3 found housing stuck during assembly","10","10.00%","The cell frame has molding defect","547646001","YUEN FUNG VN","Screenshot 2026-01-17 070042.png","SQE arranged sorting and found total defective quantity is 152pcs. Need SQE continue follow up with supplier for further improvement","1/23/2026","Closed","SQE","Material issue","Plastic",
"1/15/2026","Day shift","High Volume","095805309","C1-32","Handle housing is not fully enclosed after assembling","10","100.00%","1 screw hole on the left handle housing is higher than upper limit (3.01 mm > 2.50 +- 0.10 mm), causing handle housing to be exposed.","541927001","Kim Diep","Screenshot 2026-01-15 120019.png","Feedback to SQE team to work with supplier to improve this issue","1/16/2026","Closed","SQE","Material issue","Plastic","Luu Vinh Nghi (VN.RYOBI-PIE)"
"1/15/2026","Day shift","EEC","130606093","C2-095","The cells scratched after assembly","2","0.20%","Material issue: Check by GO gauge 18.3 Dim #18 was failed (Spec: 18.4 +0.05 / −0.10)","370485013-01","GOOD MARK","Screenshot 2026-01-15 155518.jpg","Asked vendor for sorting, SQE is working with vendor for further improvement","1/15/2026","Closed","SQE","Material issue","Plastic",
"1/15/2026","Day shift","High Mix","159196032","C2-028","The screw slipped when fastening","40","10.00%","Material issue: Motor cover is NG due to dimension Dim #13 out of specification (Spec: 15.0  +0.1mm, Actual: 14.88 mm).","541377001-01","REDSUN","Screenshot 2026-01-15 183949.png","Feedback SQE to inform supplier for improvement.","1/22/2026","Keep monitoring","SQE","Material issue","Plastic",
"1/15/2026","Day shift","High Mix","096834301","C2-043","Tool no function","4","1.00%","Trigger 554540001 fail dim #7, Spec: 14.49-14.59mm/ ACtual: 13.91","554540001 ","CARVE","2026-01-15 1.jpg","Sorting material to keep line run, SQE working with supplier for improvement","1/15/2026","Closed","SQE","Material issue","Plastic","Nguyen Dinh Khai (VN.RYOBI-PIE)"
"1/15/2026","Day shift","High Mix","095628003","C2-021","Tool no function","1","0.50%","Wire broken","N/A","N/A","image_2026-01-16_07-32-491.jpg","Training operator at wiring station","1/15/2026","Closed","Prod","Man issue","N/A","Nguyen Dinh Khai (VN.RYOBI-PIE)"
"1/15/2026","Night shift","High Volume","096893001DG9","C1-27","The motor is not operating","1","0.50%","Motor failure due to an open brush assembly","742503012-01","Great Tang","Image (78).jpg","SQE contact supplier inprove","1/15/2026","Closed","SQE","Material issue","Motor","Nguyen Phu Quoc (VN.RYOBI-PIE)"
"1/15/2026","Night shift","High Mix","030291002","C2-032","The product can't  work on the function test station","1","0.10%","The core was broken then cause circuit opened","730377089","FU YUAN VN CO.,LTD","Screenshot 2026-01-16 070014.png","Pull CE, Inform to SQE team to work with supplier for the improvement","1/15/2026","Closed","SQE","Material issue","Switch",
"1/15/2026","Day shift","High Mix","010942014","C2-011","The motor can not be assembled with the other parts","6","3.00%","The gear was pressed onto the motor on the wrong side","N/A","N/A","x1234.jpg","Retrain the operators to adhere to the WI and carefully check before transferring to the next step ","1/15/2026","Closed","Prod","Man issue","N/A","Tran Minh Kha (VN.RYOBI-PIE)"
"1/15/2026","Night shift","High Mix","095628003","C2-021","Tool could not work","1","0.10%","Man issue: Operator route the wire cause it damaged (Broken)","N/A","N/A","image_2026-01-16_07-32-49.jpg","Request training team re-train operator at this station and leader will follow up","1/15/2026","Closed","Prod","Man issue",,
"1/15/2026","Day shift","High Mix","010942014","C2-011","Diecasting broken after pressing","1","0.50%","Fixture bigger than material => Cannot fix material while pressing","N/A","N/A","2026-01-15 3.jpg","PM modify fixture to suitable with material","1/15/2026","Closed","PM","Machine issue","N/A",
"1/14/2026","Day shift","EEC","130297289","C2-088","There's a big gap between welding strap and cell surface after assembly","50","5.00%","Incoming material issue: Found the Negative strap missing the hole","659290001-02","WONDER ACE","6285145731429502763_120.jpg","Supplier sorting material to resume line, Inform to SQE team to work with supplier for the improvement","1/21/2026","Closed","SQE","Material issue","Metal",
"1/14/2026","Day shift","High Volume","096607002","C1-31","stuck trigger","12","4.00%","Part lock out button NG dim 2, spec:10.10-10.35mm, actual: 10.41mm","537285003-04","Kim Long","70.png","Respond SQE to call supplier for sorting lock out button ok and improve","1/15/2026","Closed","SQE","Material issue","Plastic","Le Hong Phong (VN.RYOBI-PIE)"
"1/14/2026","Night shift","High Volume","096561102","C1-14","The wire connection testing machine reports an error.","2","0.10%","The wires are crimped in the wrong sequence.","292798001","EAGLE","651_14_01.jpg","Feedback to SQE for improvement","1/14/2026","Closed","SQE","Material issue","PCBA","Tran Duy Quat (VN.RYOBI-PIE)"
"1/14/2026","Night shift","High Volume","096561102","C1-14","The housing has a gap of more than 1 mm after screw fastening.","20","10.00%","The steel tube is out of dimension 15.","687264001","ZHONGHENG","561_14_02.jpg","Feedback to SQE for improvement","1/14/2026","Closed","SQE","Material issue","Metal","Tran Duy Quat (VN.RYOBI-PIE)"
"1/14/2026","Night shift","High Volume","096561102","C1-14","The plastic latch pressed into the tube is too high.","5","1.00%","The steel tube is out of dimension 24","687293001","ZHONGHENG","651_14_03.jpg","Feedback to SQE for improvement","1/14/2026","Closed","SQE","Material issue","Metal","Tran Duy Quat (VN.RYOBI-PIE)"
"1/14/2026","Night shift","High Mix","030291002","C2-032","Station G05 found the Chuck was incompletely assemble","1","0.10%","The material was NG #Dim3 when checking by GO/NO GO gauge","620519002","WEIDA (VIETNAM) MANUFACTURING CO.,LTD","Screenshot 2026-01-15 051104.png","CD2530 , this is single case, just informed SQE and continue follow up","1/14/2026","Closed","SQE","Material issue","Metal",
"1/14/2026","Night shift","High Mix","096725026","C2-021","Tool no run","2","0.50%","The wire broken","N/A","N/A","2026-01-14 1.jpg","Re-training operator at wiring station","1/14/2026","Closed","Prod","Man issue","N/A","Nguyen Dinh Khai (VN.RYOBI-PIE)"
"1/14/2026","Night shift","High Mix","095479204","C2-025","The gear has cracks after pressing","2","0.50%","Shaft 622268001 NG dim #3, spec: 7.15-7.25mm, act: 7.28mm (bigger)","622268001 ","HANSEONG VIET NAM PRECISION","2026-01-14 2.jpg","Sorting material to keep line run, SQE working with supplier for improvement","1/14/2026","Closed","SQE","Material issue","Metal","Nguyen Minh Hieu (VN.RYOBI-PIE)"
"1/14/2026","Day shift","High Mix","011342001","C2-001","The fork can not be assembled ","7","4.00%","The fork failed dim #8, spec: 19-19.03mm ,act: 18.73mm ","644834001","SHANDONG WEIDA INTERNATIONAL TRADING CO., LTD","x211.jpg","SQE requires the supplier to implement corrective actions and improvements.","1/15/2026","Closed","SQE","Material issue","Metal","Nguyen Trong Nhan (VN.RYOBI-PIE)"
"1/14/2026","Day shift","High Mix","011393001","C2-030","Bearing drop during press operation","3","0.50%","The P/N failed dim #3, spec: 24.95-25.05mm, actual: 24.85mm","319393002","JINGGUANG","X235.jpg","SQE requires the supplier to implement corrective actions and improvements.","1/14/2026","Closed","SQE","Material issue","Plastic","Mai Chieu Linh (VN.RYOBI-PIE)"
"1/14/2026","Day shift","High Volume","743039001","C1-70","Motor rotating is stiff","1","0.05%"," Output shaft part NG at dimension #17 caused stamping bearing is rotated stiff","623361006-01","Bach Tung","truong27.jpg"," Feed back to SQE team to work with supplier to improve this issue","1/15/2026","Closed","SQE","Material issue","Metal","Kien Minh Truong (VN.RYOBI-PIE)"
"1/13/2026","Day shift","High Volume","096893004DG9","C-27","The gear fitted into the gearbox is rotating stiffly.","4","0.50%","Spur gear NG dim 13, Spec: 0-0.025, Actual: 0.1","613964001-01","Pu Zhou","69.png","Respond SQE to call supplier improve","1/14/2026","Closed","SQE","Material issue","Metal","Le Hong Phong (VN.RYOBI-PIE)"
"1/13/2026","Day shift","High Mix","011325004","C2-007","Tool no run","1","0.20%","The PCBA wire was broken cause by wrong assembly","N/A","N/A","2026-01-13 1.jpg","Re-training operator at screw tighten station","1/13/2026","Closed","Prod","Man issue","N/A","Tran Minh Kha (VN.RYOBI-PIE)"
"1/13/2026","Day shift","High Mix","096725026","C2-021","Tool no run","2","0.50%","The terminal of switch was bend => can not connect with PCBA => Tool no run","N/A","N/A","2026-01-13 2.jpg","Re-training operator at screw tighten station","1/13/2026","Closed","Prod","Man issue","N/A","Tran Minh Kha (VN.RYOBI-PIE)"
"1/13/2026","Day shift","High Volume","159232010"," C1-052","The housings has white spot after screw shooting","30","20.00%","The force of cylinder fastening screw is too strong leading housing deformed and make ""white mark"" ",,,"truong7.jpg","Feed back to ME team for improving this case to do not repeat at the future","1/14/2026","Closed","PM","Machine issue","N/A","Kien Minh Truong (VN.RYOBI-PIE)"
"1/13/2026","Night shift","High Volume","096781001","C1-16","Difficult to assemble, gearbox screws are not accurate","1","0.50%","Stamping operation error: two gears were pressed onto one motor shaft ","N/A","N/A","Image (77).jpg","Group Leader and Line Leader to retrain the operators","1/13/2026","Closed","Prod","Man issue","Metal","Nguyen Phu Quoc (VN.RYOBI-PIE)"
"1/12/2026","Day shift","EEC","130597382","C2-117","Poor soldering at UT1 and POWER on the PCBA.","1","0.10%","Unstable operation of the soldering machine at Stage 2","N/A","N/A","Screenshot 2026-01-12 140907.jpg","Inform the PM team to check and adjust the machine to prevent the issue from recurring.","1/14/2026","Closed","PM","Machine issue","N/A",
"1/12/2026","Day shift","High Volume","011078026","C1-057","The goods is not functioning but the LED lights are still on.","9","6.00%","The connector is loose",,,"truong5.jpg","Feed back to group and line leader about this issues to improve to do not repeat","1/13/2026","Closed","Prod","Man issue",,"Kien Minh Truong (VN.RYOBI-PIE)"
"1/12/2026","Day shift","High Mix","011342001","C2-001","Can not assembly output shaft","1","0.20%","Material issue: Output shaft fail dimension 6 (spec: 5.96-6mm; Actual: 5.7mm)","623349001-01","SHANDONG WEIDA MACHINERY CO., LTD","image_2026-01-12_17-15-041.jpg","SQE work with supplier to improve this defect","1/12/2026","Closed","SQE","Material issue","Metal","Nguyen Trong Nhan (VN.RYOBI-PIE)"
"1/12/2026","Day shift","High Mix","011059013","C2-010","Can not insert C ring to shaft","1","0.10%","Man issue: Assemble surplus 1 O ring","N/A","N/A","image_2026-01-12_17-22-47.jpg","Remind Operator and leader focus on work at this station","1/12/2026","Closed","Prod","Man issue",,"Tran Minh Kha (VN.RYOBI-PIE)"
"1/12/2026","Day shift","High Volume","096651010","C1-32","QR code on motor can scan by scanner but stamping machine's HMI indicated input strings is incorrect","9","1.25%","QR code is incorrect","282047019","DS","truong6.jpg","Feed back to SQE team to work with supplier to improve this case","1/13/2026","Closed","SQE","Material issue","Motor","Kien Minh Truong (VN.RYOBI-PIE)"
"1/12/2026","Day shift","High Mix","062024010","C2-054","The tool cannot be triggered","10","5.00%","The button failed dim #6, spec: 8.03-8.28mm, act: 6.9mm","568029001","YOU QIANG HONGKONG TRADING COMPANY","x18.jpg","SQE requires the supplier to implement corrective actions and improvements.","1/12/2026","Closed","SQE","Material issue","Plastic","Nguyen Trong Nhan (VN.RYOBI-PIE)"
"1/12/2026","Day shift","High Mix","030198006","C2-012","The product cannot run","1","0.80%","Poor connection inside the core of wire, resistance check on VOM showed no resistance -> the circuit was opened","741205003","ROTONG VIET NAM","Screenshot 2026-01-12 190405.png","SQE arrange sorting material and fives feedback to supplier for the improvement","1/12/2026","Closed","SQE","Material issue","Motor",
"1/12/2026","Night shift","High Volume"," 095113109","C1-45","Failure in stamping dimensions","3","1.00%","The cause is a short shaft","623088001-01","Dongguan ","Image (76).jpg","SQE contact supplier sorting and improve","1/12/2026","Closed","SQE","Material issue","Metal","Nguyen Phu Quoc (VN.RYOBI-PIE)"
"1/12/2026","Night shift","High Mix","030291002","C2-032","There is a gap between the two rear handle support on the station C24-C25-C26, NG appearance.","20","2.80%","Rear handle support NG 4 hole fastening screw, spec: 3.25-3.35, Actual: 3.24mm","591332001","MING SHING (HONG KONG) COMPANY LIMITED","Screenshot 2026-01-13 063952.png","pull CE, contact MQA team to action to resume line, , informed to SQE to improve this part to prevent issue repeated","1/12/2026","Keep monitoring","SQE","Machine issue","Plastic",
"1/12/2026","Day shift","High Volume","743039001","C1-70","Motor rotating is stiff","1","0.05%","Output shaft part NG at dimension #17","623361006-01","Bach Tung","truong28.jpg"," Feedback to SQE team to work with supplier to improve this case","1/13/2026","Closed","SQE","Material issue","Metal","Kien Minh Truong (VN.RYOBI-PIE)"
"1/11/2026","Day shift","EEC","130597198","C2-116","The battery packs was found failed mode 1-5 during testing at the Performance Test ","3","0.30%","The operator assemble cell reversed direction & skipped testing at the anti-reverse process before moving to next step ","N/A","N/A","Screenshot 2026-01-11 150724.jpg","Informed line leader to retrain and remind the operator need to pay attention on this point. Reinforce 5S at this station to avoid too much WIP.","1/11/2026","Closed","Prod","Man issue","N/A",
"1/11/2026","Day shift","High Volume","096893001DG9","C1-26","Incorrect pressing of the pinion face into the motor","2","0.10%",,"N/A","N/A","893_26_1.jpg","Feedback to production supervisors and leaders for improvement.","1/11/2026","Closed","Prod","Man issue","N/A","Tran Duy Quat (VN.RYOBI-PIE)"
"1/11/2026","Day shift","High Mix","159117002","C2-034","Tool can run but the LED no light","1","0.01%","Man issue: LED wire was broken during attaching LED to housing","N/A","N/A","Screenshot 2026-01-11 173654.png","Re-train operator performs wiring & casing LED carefully.","1/11/2026","Closed","Prod","Man issue","N/A","Nguyen Dinh Khai (VN.RYOBI-PIE)"
"1/11/2026","Day shift","High Mix","095875005","C2-051","Cannot screwing the screw into the drive shaft","1","0.01%","Material issue: the drive shaft not yet processed thread --> no thread","623315002","JUNDA","Screenshot 2026-01-11 174312.png","Found 1pc NG, pull CE charge cost to supplier","1/11/2026","Closed","SQE","Material issue","Metal","Tran Minh Kha (VN.RYOBI-PIE)"
"1/11/2026","Day shift","High Mix","095875005","C2-051","The blade was stuck, tool cannot run","1","0.01%","Material issue: the blade was NG dim#12 (Spec: 1.45-1.55mm vs Actual: 0.17mm)","315354006","SuZhou Zhen Yu","Screenshot 2026-01-11 174932.png","Found 1pc, pull CE charge cost to supplier","1/11/2026","Closed","SQE","Material issue","Metal","Tran Minh Kha (VN.RYOBI-PIE)"
"1/11/2026","Day shift","High Mix","030198006","C2-012","The products have abnormal noise, high current","6","10.00%","Material issue: The stator failed Dim #2 and glue overflow, which increased the size over the steel surface.","741205003","ROTONG VIET NAM","Screenshot 2026-01-11 175452.png","SQE arrange sorting material to maintain production line. Request SCAR","1/18/2026","Keep monitoring","SQE","Material issue","Motor",
"1/11/2026","Day shift","High Mix","095479004","C2-025","Cannot insert tube to die-cast","3","0.01%","Man issue: poor operation during pressing AL tube --> deformed AL tube","N/A","N/A","Screenshot 2026-01-11 175921.png","Re-train operator to do carefully, strictly follow step by step in WI","1/11/2026","Closed","Prod","Man issue","N/A","Tran Minh Kha (VN.RYOBI-PIE)"
"1/10/2026","Day shift","High Mix","095835104DG9","C2-021","Tool cannot run","2","0.10%","Man issue: broken wires due to wiring into screw boss","N/A","N/A","Image (2).jpg","Remind operator to wiring follow WI, re-check to ensure no wires in screw boss before closing the upper housing","1/10/2026","Closed","Prod","Man issue","N/A","Tran Minh Kha (VN.RYOBI-PIE)"
"1/10/2026","Day shift","High Mix","095598315","C2-041","Can not assembly the down tube x1pc & not yet processed the hole x1pc","2","0.05%","Material issue: down tube NG dim#9 (Spec: 14.85-15.15mm vs Actual: 9.8046mm) & not yet processed the hole","695982005","Partners SPC","Screenshot 2026-01-10 193052.png","Sorting good parts for production line. The NG will Pull CE, charge cost to supplier","1/10/2026","Closed","SQE","Material issue","Metal","Tran Minh Kha (VN.RYOBI-PIE)"
"1/10/2026","Day shift","High Mix","095393101","C2-045","Tool cannot run","1","0.05%","Man issue: soldering wrong wire to the switch","N/A","N/A","Screenshot 2026-01-10 193711.png","Re-train operator to perform follow WI. ","1/10/2026","Closed","Prod","Man issue","N/A","Nguyen Tuong Khanh (VN.RYOBI-PIE)"
"1/10/2026","Day shift","High Mix","095835104","C2-021","Cannot attach stamping to the shaft","800","30.00%","Material issue: stamping failed dim#6 (Spec: 8.02-8.12mm vs Actual: 7.87-7.98mm)","636153002","QITENG","Screenshot 2026-01-10 194356.png","Sorting good stamping to maintain production line. SQE work with supplier for improvement from next Lot and request 8D report for this issue","1/20/2026","Open","SQE","Material issue","Metal","Mai Chieu Linh (VN.RYOBI-PIE)"
"1/10/2026","Day shift","High Mix","159216008","C2-031","Stuck the guard plastic cover","50","10.00%","Material issue: the lower guard sleeve had big burrs","543196001","GoodView","Screenshot 2026-01-10 195054.png","Sorting material to maintain production line. SQE request 8D report from supplier for this case","1/15/2026","Closed","SQE","Material issue","Plastic","Mai Chieu Linh (VN.RYOBI-PIE)"
"1/10/2026","Day shift","High Mix","159309013","C2-027","Tool can run but big noise","1","0.03%","Man issue: lack of push pressing to the motor's mount","N/A","N/A","Screenshot 2026-01-10 195445.png","Re-train operator to perform follow WI, re-check WIP to ensure push already pressed to motor's mount","1/10/2026","Closed","Prod","Man issue","N/A","Mai Chieu Linh (VN.RYOBI-PIE)"
"1/10/2026","Night shift","High Volume","096700101","C1-29","The locating pin cannot be assembled into the housing.","40","8.00%","PART BOTTOM HOUSING fail dim 38, spec:1.4-1.6mm actual: <1.39mm","546667001-02","FUKAI","68.png","Respond SQE to call supplier for sorting part ok and improve","1/11/2026","Closed","SQE","Material issue","Plastic","Le Hong Phong (VN.RYOBI-PIE)"
"1/10/2026","Day shift","High Volume","096700101","C1-29","Slow-release trigger","20","0.10%","The Trigger out of dim 20 and Burr at the end of the trigger","546663001","Fukai","700_29_1.jpg","Feedback to SQE for improvement","1/11/2026","Closed","SQE","Material issue","Plastic","Tran Duy Quat (VN.RYOBI-PIE)"
"1/9/2026","Day shift","High Volume","096893001DG9","C1-27","The fake solder joint does not meet the requirements.","3","1.00%","The worker is not proficient in welding skills.","N/A","N/A","893_27_01.jpg","Feedback to production supervisors and leaders for improvement.","1/9/2026","Closed","Prod","Man issue","N/A","Tran Duy Quat (VN.RYOBI-PIE)"
"1/9/2026","Day shift","EEC","130858001","C2-114","Battery pack function failed in performance testing process, failure mode #10","4","0.40%","Operator missed the step of inserting the strap from the cells to the PCBA during assembly","N/A","N/A","Screenshot 2026-01-09 155238.jpg","informed line leader to retrain and remind the operator need to pay attention on this point","1/9/2026","Closed","Prod","Man issue","N/A",
"1/9/2026","Day shift","High Mix","030247012","C2-013","The product cannot run","2","1.00%","Man issue: The operator performed the crimping operation incorrectly; the terminal was crimped onto the wire insulation instead of the conductor core.","N/A","N/A","Screenshot 2026-01-09 191739.png","Inform the line leader to retrain the operator and ensure the crimping operation is performed correctly according to the WI as illustrated.","1/9/2026","Closed","Prod","Man issue","N/A",
"1/9/2026","Day shift","High Mix","095172302","C2-025","Can not assembly stamping plate","15","1.00%","Material issue: Stamping plate NG dimension 6 (Spec: 8.02-8.12mm; Actual: 8.0mm)","636153002-02","SHENZHEN QITENG INDUSTRY CO., LTD.","image_2026-01-09_21-45-20.jpg","Sorting good part to keep line run/ SQE work with supplier to improve this defect","1/9/2026","Closed","SQE","Material issue","Metal","Mai Chieu Linh (VN.RYOBI-PIE)"
"1/9/2026","Day shift","High Mix","095550202","C2-051","Tool can not work","1","0.20%","Man issue: Connect electric wires to switch in wrong position","N/A","N/A","image_2026-01-09_21-54-091.jpg","Remind OP and leader at this station must follow WI strictly","1/9/2026","Closed","Prod","Man issue","N/A","Tran Minh Kha (VN.RYOBI-PIE)"
"1/9/2026","Day shift","High Mix","011163009","C2-027","Tool fail speed test","1","0.10%","Man issue:  Assembly speed selector in wrong position","N/A","N/A","image_2026-01-09_21-58-39.jpg","Remind OP and leader work carefully at this step","1/9/2026","Closed","Prod","Man issue","N/A","Tran Minh Kha (VN.RYOBI-PIE)"
"1/9/2026","Night shift","High Mix","030198006","C2-012","The output shaft can't assembled to ball bearing on the station G02.","1","0.10%","Output shaft NG dim5 15+0.01mm, Actual 14.98mm","620519004-01","WEIDA (VIETNAM) MANUFACTURING CO.,LTD","Screenshot 2026-01-10 065245.png","Pull CE, inform to SQE team to work with supplier to prevent this issue","1/9/2026","Closed","SQE","Material issue","Metal",
"1/9/2026","Day shift","High Volume","095898203","C1-03","The bevel pinion does not fit into the fixture.","3","0.10%","The bevel pinion out of dim 7","614672001","Human Jincheng","98_3_1.jpg","Feedback to SQE for improvement","1/9/2026","Closed","SQE","Material issue","Metal","Tran Duy Quat (VN.RYOBI-PIE)"
"1/8/2026","Day shift","EEC","130597283","C2-082","The Tamper indicator plug deformed after being pressed into top housing","4","0.40%","Machine issue: The plastic plug press pin of the plug-pressing machine is misaligned.","529035002-03","GOOD MARK ","Screenshot 2026-01-08 0934541.jpg","Inform the PM team to check and adjust the machine to prevent the issue from recurring.","1/9/2026","Closed","PM","Machine issue","N/A",
"1/8/2026","Day shift","High Mix","030243009","C2-012","The product run reverse direction ","2","1.00%","Man issue: The operator performed the operation incorrectly according to the WI, assembling the stator in the reverse direction, which caused reverse rotation","N/A","N/A","Screenshot 2026-01-08 161912.png","Call the Line leader correct step C08 immediately","1/8/2026","Closed","Prod","Man issue","N/A",
"1/8/2026","Night shift","High Mix","095760004","C2-025","Tool can not run","3","1.00%","Man issue:  Assembly upper housing did not align -> Cause resistor damaged","N/A","N/A","image_2026-01-08_16-59-291.jpg","Remind OP and leader at this station work carefully","1/8/2026","Closed","Prod","Man issue",,"Nguyen Minh Hieu (VN.RYOBI-PIE)"
"1/8/2026","Day shift","High Mix","095760004","C2-025","Can not assemble screw into blade","1","0.20%","Material issue: Blade NG dimension 7 (Spec: 2.57-2.67mm; Actual: 2.45mm), dimension 8 (Spec: 22.02-22.22mm; Actual: 21.63mm)","682307003-02","YUYAO YINDA ELECTRIC APPLIANCE CO., LTD","image_2026-01-08_17-16-261.jpg","SQE work with supplier to improve this defect","1/8/2026","Closed","SQE","Material issue","Metal","Mai Chieu Linh (VN.RYOBI-PIE)"
"1/8/2026","Day shift","High Mix","095550202","C2-051","Gearbox is stuck","1","0.30%","Material issue: Diecasting gearbox NG dimension 14 (spec: 21.97-21.992mm; actual: 21.89mm)","643676002-01","DONGGUAN TIANYAO HARDWARE INDUSTRIAL","6267119951256686159_121.jpg","SQE work with supplier to improve this defect","1/8/2026","Closed","SQE","Material issue","Metal","Nguyen Dinh Khai (VN.RYOBI-PIE)"
"1/8/2026","Day shift","High Volume","743039001","C1-70","Endbell cannot be installed into the fixture","30","10.00%","Endbell fail dim #23","647119001-02","Industrial Mechanics Automation","Image (75).jpg",,"1/8/2026","Keep monitoring","SQE","Material issue","Metal","Nguyen Phu Quoc (VN.RYOBI-PIE)"
"1/8/2026","Night shift","High Volume","159232010","C1-48","assembly housing is gap","3","0.80%","Part housing fail dim 32: spec <0.3mm, actual: 0.5mm","370406004-01 370408004-01","MingShing","672.png","Respond SQE to call supplier for sorting part ok and improve","1/9/2026","Closed","SQE","Material issue","Metal","Le Hong Phong (VN.RYOBI-PIE)"
"1/7/2026","Day shift","EEC","130597182","C2-144","the visual inspection station detected scratches on the cell carrier","17","1.70%","Scratches on the incoming cell carrier","541183001-02","CARVE","Cell Carrier.jpg","Asked vendor for sorting, SQE is working with vendor for further improvement","1/9/2026","Closed","SQE","Material issue","Plastic",
"1/7/2026","Day shift","High Mix","030319004","C2-032","The bearing dropped after pressing into Die casting","2","0.90%","Die-casting part is NG due to dimension #25 out of specification (Spec: 28.00 mm −0.015 / −0.035). Actual measured value: 28.014 mm.","642082001","HAI THAO VIET NAM","Screenshot 2026-01-07 115805.png","SQE follow up with supplier for further improvement","1/7/2026","Closed","SQE","Material issue","Metal",
"1/7/2026","Day shift","High Volume","096852001DG9","C1-27","Gear stamping dimension failure","3","6.00%","The stamping die is not concentric during stamping","N/A","N/A","Image (73).jpg","The ME department is redesigning a new stamping mold","1/5/2026","Keep monitoring","PM","Machine issue","Metal","Nguyen Phu Quoc (VN.RYOBI-PIE)"
"1/7/2026","Day shift","High Mix","010964229","C2-056","Visual defect ","Housing gap ","1.00%","0.5","100673011","TOP LINK INDUSTRIAL COMPANY LTD.","x222.jpg","SQE requires the supplier to implement corrective actions and improvements.","1/7/2026","Closed","SQE","Material issue","Plastic","Tran Minh Kha (VN.RYOBI-PIE)"
"1/7/2026","Night shift","High Mix","095396302","C2-025","The blade is stuck","5","2.00%","Man issue: Soldering wires into motor in wrong polar","N/A","N/A","image_2026-01-07_17-50-311.jpg","Request training team & leader follow strictly operator at this station","1/7/2026","Closed","Prod","Man issue","N/A","Nguyen Minh Hieu (VN.RYOBI-PIE)"
"1/7/2026","Night shift","High Mix","011264019","C2-002","Tool can not run","4","1.00%","Man issue: Route the wire of PCBA not follow WI cause wires damaged 1pc; Fail soldering joint 3pcs","N/A","N/A","image_2026-01-07_17-53-141.jpg","Request training team retrain OP at soldering station","1/7/2026","Closed","Prod","Man issue","N/A","Nguyen Minh Hieu (VN.RYOBI-PIE)"
"1/7/2026","Day shift","High Volume","096560102","C1-36","Material defect caused the fixture to jam","9","1.00%","The Gear out of dimention 8","616589001","JINGDING","560_34_1.jpg","Feedback to SQE for improvement","1/7/2026","Closed","SQE","Material issue","Metal","Tran Duy Quat (VN.RYOBI-PIE)"
"1/7/2026","Night shift","High Volume","095793001","C1-43","Main trigger can not assembly with housings","400","100.00%","holes of main trigger has burr and cause incorrect at dimension 2","545324001-02","Minh Viet","truong2.jpg","Feed back to SQE team for strong support to this issues do not repeat in lines","1/8/2026","Open","SQE","Material issue","Plastic","Kien Minh Truong (VN.RYOBI-PIE)"
"1/7/2026","Night shift","High Volume","096882001DG9","C1-12","The screw holes is stripped when shooting screw","69","50.00%","The screw hole is failed at dimension 18","553290001-02","Redsun","truong3.jpg","Feed back to SQE team to  work with supplier to improve this case do not repeat","1/8/2026","Open","SQE","Material issue","Plastic","Kien Minh Truong (VN.RYOBI-PIE)"
"1/7/2026","Night shift","High Volume","095712002","C1-34","The safety trigger is stuck","200","90.00%","The main trigger is deformed","516708006-05","Fukai","truong4.jpg","Feed back to SQE team for improving this case to do not repeat at the future","1/8/2026","Open","SQE","Material issue","Plastic","Kien Minh Truong (VN.RYOBI-PIE)"
"1/7/2026","Day shift","High Mix","095366204","C2-041","The equipment is operating with abnormal noise","1","0.50%","The CAM is installed out of alignment.","N/A","N/A","x---1.jpg","Retrain the operators to adhere to the WI and carefully check before transferring to the next step ","1/7/2026","Closed","Prod","Man issue","N/A","Tran Minh Kha (VN.RYOBI-PIE)"
"1/6/2026","Day shift","High Mix","096531301","C2-051","Can not assembly"," 3","1.00%","Material 614672001 dim #7  bigger than spec due to burr, dim #7: 7.85 - 7.95, act: 8.11","614672001 ","HUMAN JINCHENG TRADE","2026-01-06 1.jpg","Feedback supplier seperate NG material, SQE work with supplier to improvement. Need strong action from supplier as it is repeat issue (1st time happen on 12/25/2025)","1/6/2026","Closed","SQE","Material issue","Metal","Tran Minh Kha (VN.RYOBI-PIE)"
"1/6/2026","Day shift","High Mix","011104013","C2-055","The screw slipped when fastening into housing","690","50.00%","The plastic base was failed due to DIM #10 out of specification (Spec: 2.5 mm ± 0.1). Checked with a pin gauge (GO 2.790 mm) → NG.","539502002","MINGSHING","Screenshot 2026-01-06 132234.png","Supplier sort material to keep line run.  Request 8D report due to very high defect rate","1/20/2026","Open","SQE","Material issue","Plastic",
"1/6/2026","Day shift","High Mix","011104013","C2-055","Found the WIP abnormal during assembly","2","0.80%","The tank failed DIM #12 (Spec: 7.5 +0 /−0.3mm; Actual: 8.5 mm)","315878005","ZHONGHENG VIET NAM","Screenshot 2026-01-06 133654.png"," Feedback SQE to work with supplier for improvement.","1/6/2026","Closed","SQE","Material issue","Metal",
"1/6/2026","Day shift","High Volume","096003001DG9","C1-03","The LED does not light up","3","0.10%","The signal wires of the light are connected in the wrong order.","281169036","Doublestar","003_03_1.jpg","Feedback to SQE for improvement","1/6/2026","Closed","SQE","Material issue","PCBA","Tran Duy Quat (VN.RYOBI-PIE)"
"1/6/2026","Day shift","High Mix","206817004","C2-202","Visual defect","12","6.00%","Scratched paint","643246006","TIAN YAO VIET NAM HARDWARE INDUSTRIAL CO., LTD","x17.jpg","SQE requires the supplier to implement corrective actions and improvements.","1/6/2026","Closed","SQE","Material issue","Metal","Nguyen Trong Nhan (VN.RYOBI-PIE)"
"1/6/2026","Night shift","High Mix","030319004","C2-032","The AC product failed in Hi-pot testing","1","0.10%","The wire wasn't inserted into slot in housing => Operator not follow WI on the station C11,C12","N/A","N/A","Screenshot 2026-01-07 041817.png","Contact line leader remid the operator follow WI at this station.","1/6/2026","Closed","Prod","Man issue","N/A",
"1/6/2026","Night shift","High Volume","096320001DG9","C1-27","The blower tube lock button is stuck","324","60.00%","Lock plate part is failed at dimension 13","554079001-02","Redsun","truong1.jpg","Feed back to SQE team to work with supplier for improvement","1/7/2026","Open","SQE","Material issue","Plastic","Kien Minh Truong (VN.RYOBI-PIE)"
"1/6/2026","Night shift","EEC","130597289","C2-088","The LED blinking in Performance testing process, failure mode #10","1","0.10%","Operator did not stretch the NTC wire before soldering -> damaged by solder head in soldering process","N/A","N/A","NTC.jpg","informed line leader to retrain and remind the operator need to pay attention on this point","1/6/2026","Closed","Prod","Man issue","N/A",
"1/6/2026","Day shift","High Mix"," 095396302","C2-025","Can not attach output shaft into ball screw","3","0.01%","Material issue: burrs, output shaft failed dim 11 (Spec: 3.9-4.1mm vs actual: 4.10mm)","622564001-02","QJTENG","Screenshot 2026-01-07 074646.png","SQE sorted all output shafts in production line, then the NG will charge cost to supplier","1/6/2026","Closed","SQE","Material issue","Metal","Nguyen Tuong Khanh (VN.RYOBI-PIE)"
"1/6/2026","Day shift","High Mix","095396302","C2-025","The screw seated the output shaft was broken, then tool cannot run due to wrong magnet pole ","4","0.01%","Man issue: assembly wrong pole of magnet (spec: north pole inside vs actual south pole inside) ","N/A","N/A","Screenshot 2026-01-07 075831.png","WIP: re-check 100%. Then re-train operator to perform carefully by fixture, do not allow to attach the magnet by hand","1/6/2026","Closed","Prod","Man issue","N/A","Nguyen Tuong Khanh (VN.RYOBI-PIE)"
"1/5/2026","Day shift","High Volume","096915003DG9","C1-27","Failure in stamping dimensions","3","6.00%","Error from the stamping machine","N/A","N/A","Image (71).jpg","ME department adjusted the stamping machine stroke","12/29/2025","Closed","PM","Machine issue","Metal","Nguyen Phu Quoc (VN.RYOBI-PIE)"
"1/5/2026","Day shift","High Mix","095119109","C2-025","Tool cannot run ","3","2.00%",,"308693010","SU ZHOU SHI ZHEN YU TOOLS CO.,LTD","x16.jpg","Out of position compared to the drawing specification.","1/5/2026","Closed","SQE","Material issue","Metal","Tran Minh Kha (VN.RYOBI-PIE)"
"1/5/2026","Day shift","High Volume","095712002","C1-34","Spring not installed into the trigger","1","0.50%","Operator handling error during spring installation","N/A","N/A","Image (72).jpg","Line Leader retrained the operator","1/5/2026","Closed","Prod","Man issue","Metal","Nguyen Phu Quoc (VN.RYOBI-PIE)"
"1/5/2026","Day shift","High Mix","096785002","C2-041","Screw is not seated completely on steel frame (Repeated)","10","30.00%","Material issue: Steel frame NG dimension 20; 24; 25","696794003-02","ECO VIET NAM JOINT STOCK COMPANY","image_2026-01-05_21-16-31.jpg","Request SQE work with supplier to provide 8D report for improvement on this issue","1/12/2026","Open","SQE","Material issue","Metal","Nguyen Tuong Khanh (VN.RYOBI-PIE)"
"1/5/2026","Night shift","High Mix","030319004","C2-032","DIE CASTING,UPPER GUARD stuck during assembly at the station C26 C27 C28 ","1","0.10%","DIE CASTING,UPPER GUARD failed  #dim12, spec 26+0/-0.18mm","642082001","VIET NAM HAI THAO MACHINERY COMPANY LIMITED","Screenshot 2026-01-06 061720.png","SQE arrange sorting to maintain production line, SQE feedback supplier for further improvement","1/5/2026","Closed","SQE","Material issue","Metal",
"1/5/2026","Day shift","EEC","130597243","C2-119","BP is damged in power tower and terminal","1","0.10%","Battery pack is misaligned when it is placed on UUT plate on performance test machine","N/A","N/A","111.jpg","Inform PM come to check and adjust machine to avoid repeat issue","1/5/2026","Closed","PM","Machine issue","N/A",
"1/4/2026","Night shift","High Mix","030247012","C2-013","The product run abnormal in function testing process","1","0.10%","The magnetic wire broken during assembly","N/A","N/A","Screenshot 2026-01-04 065859.png","Call line leader come to remind the operator. Reinforce 5S at work station to avoid material touch together","1/5/2026","Closed","Prod","Man issue","N/A",
"1/4/2026","Day shift","EEC","130597243","C2-119","Poor soldering quality observed at UT3 on the PCBA after performance testing.","2","0.20%","Prolonged soldering time at Stage 2 caused overheating, leading to solder joint quality issues.","N/A","N/A","Screenshot 2026-01-04 150353.jpg","PM team was called to adjust the soldering time at Stage 2 of the soldering machine. Continue follow 30 more pieces until machine stable then release the line","1/6/2026","Closed","PM","Machine issue","N/A",
"1/4/2026","Day shift","High Mix","095798002","C2-021","High current during testing.","1","0.50%","Extra washer installed.","N/A","N/A","X111.jpg","Retrain the operators to adhere to the WI and carefully check before transferring to the next step ","1/4/2026","Closed","Prod","Man issue","N/A","Mai Chieu Linh (VN.RYOBI-PIE)"
"1/4/2026","Day shift","High Mix","095364312","C2-045","Tool cannot run ","1","0.50%","The rectifier was burnt during soldering.","N/A",,"X122.jpg","Retrain the operators to adhere to the WI and carefully check before transferring to the next step ","1/4/2026","Closed","Prod","Man issue","N/A","Tran Minh Kha (VN.RYOBI-PIE)"
"1/4/2026","Night shift","High Volume","095632301","C1-38","The tool operates with a lot of noise","2","0.80%","Part CAM deform","658680002-04","SHENZHEN","65.png","Respond SQE to call supplier for improve","1/5/2026","Closed","SQE","Material issue","Metal","Le Hong Phong (VN.RYOBI-PIE)"
"1/4/2026","Day shift","High Mix","159344004","C2-029","Cannot retain the screw bit.","15","3.00%","The hex bit holder has burrs","671562245","JUN JAM METAL PRODUCTS TECHNOLOGY LIMITED","sang.jpg","SQE requires the supplier to implement corrective actions and improvements.","1/5/2026","Closed","SQE","Material issue","Metal","Mai Chieu Linh (VN.RYOBI-PIE)"
"1/4/2026","Day shift","High Volume","000997851","C1-17","The charger is working intermittently.","1","0.10%","The charger’s connection jack is loose","140449002","HONOR","997_17_1.jpg","Feedback to SQE for improvement","1/4/2026","Closed","SQE","Material issue","PCBA","Tran Duy Quat (VN.RYOBI-PIE)"
"1/4/2026","Night shift","High Volume","096007303","C1-16","shaft not fit fixture","6","1.10%","Shaft NG dim 13: spec: 13.95-14.05mm, actual: 14.08mm","623682001-03","FUJISEIKO","66.png","Respond SQE to call supplier for improve","1/5/2026","Closed","SQE","Material issue","Metal","Le Hong Phong (VN.RYOBI-PIE)"
"1/3/2026","Day shift","High Volume","096916003DG9","C1-40","The motor does not fit into the stamping machine fixture","1","0.10%","Motor shaft fail dim #28","743094002-02","Jiapin","Image (70).jpg","SQE contact supplier inprove","1/3/2026","Closed","SQE","Material issue","Motor","Nguyen Phu Quoc (VN.RYOBI-PIE)"
"1/3/2026","Day shift","High Mix","095364312","C2-045","Unit could not run","1","0.50%","Man issue: Operator place terminal into housing in wrong position","N/A","N/A","image_2026-01-03_17-34-051.jpg","Remind OP and leader follow WI strictly","1/3/2026","Closed","Prod","Man issue","N/A","Mai Chieu Linh (VN.RYOBI-PIE)"
"1/3/2026","Day shift","High Mix","095364312","C2-045","Unit fail speed test (RPM)","4","2.00%","Man issue: Soldering wire in wrong polar (2pcs); Connect wires in wrong position","N/A","N/A","image_2026-01-03_17-45-211.jpg","Request leader re-train operator at this station","1/3/2026","Closed","Prod","Man issue","N/A","Nguyen Dinh Khai (VN.RYOBI-PIE)"
"1/3/2026","Day shift","High Mix","011252017","C2-010","Tool can not shoot nail","2","1.00%","Man issue: Assembly magnet in wrong position","N/A","N/A","image_2026-01-03_17-47-111.jpg","Remind OP and leader follow WI strictly","1/3/2026","Closed","Prod","Man issue","N/A","Tran Minh Kha (VN.RYOBI-PIE)"
"1/3/2026","Night shift","High Mix","062031001","C2-172","Tool fail current","4","2.00%","Man issue: Operator assembly missing rubber","N/A","N/A","image_2026-01-03_17-54-381.jpg","Remind OP and leader focus on work, follow WI strictly","1/3/2026","Closed","Prod","Man issue","N/A","Nguyen Minh Hieu (VN.RYOBI-PIE)"
"1/3/2026","Day shift","High Mix","096871302","C2-051","Can not assemble screw to plastic latch","6","2.00%","Material issue: Latch fail dim 9 (spec: 5.1-5.3mm; Actual: gauge 5mm NO GO)","532649003-02","Redsun","image_2026-01-03_18-01-201.jpg","Sorting material to resume line/ SQE work with supplier to improve this defect","1/3/2026","Closed","SQE","Material issue","Plastic","Nguyen Dinh Khai (VN.RYOBI-PIE)"
"1/3/2026","Night shift","High Volume","096007301","C1-16","Wheel can rotate when assembly with shaft","6","1.19%","Wheel part is failed at dimension 3","554028001-01","Kim Diep","truong.jpg","Feed back to SQE team to work with supplier to improve this case to not repeat at the future","1/4/2026","Closed","SQE","Material issue","Plastic","Kien Minh Truong (VN.RYOBI-PIE)"
"1/3/2026","Night shift","High Mix","001350013","C2-039","Charger not working","1","0.10%","The charger does not work when plugged into the power supply, power supply: 220VAC, charger input range: 220v-240VAC","140350030-02","GIGA ELECTRONICS (VIETNAM) COMPANY LIMITED","Screenshot 2026-01-04 071532.png","Pull CE,Inform to SQE team to work with supplier to prevent this issue","1/3/2026","Keep monitoring","SQE","Material issue","Packing",
"1/2/2026","Day shift","High Mix","011397009","C2-008","Tool cannot run ","3","2.00%","Excess solder was not trimmed.","N/A","N/A","x31.jpg","Retrain the operators to adhere to the WI and carefully check before transferring to the next step ","1/2/2026","Closed","Prod","Man issue","N/A","Tran Minh Kha (VN.RYOBI-PIE)"
"1/2/2026","Day shift","High Mix","095403201","C2-025","Blower run intermitent (EOL detect)","15","20.00%","Material issue: PCBA NG (suspected that the root cause is IC U701- Under SQE & supplier investigate NG sample)","281335016-03","Genbyte","image_2026-01-02_16-41-151.jpg","Request 8D report from supplier to improve this defect","1/9/2026","Open","SQE","Material issue","PCBA","Mai Chieu Linh (VN.RYOBI-PIE)"
"1/2/2026","Day shift","High Mix","096871302","C2-051","Visual defect","1","0.50%","The incoming material has paint blistering.","697307007","ZHONGSHAN JIN BI SHENG ALUMINIUM PRODUCT CO., LTD.","x15.jpg","SQE requires the supplier to implement corrective actions and improvements.","1/2/2026","Closed","SQE","Material issue","Metal","Tran Minh Kha (VN.RYOBI-PIE)"
"1/2/2026","Night shift","High Volume","159204032","C1-47","The shaft cannot be assembled into the gearbox.","4","1.00%","CAM SHAFT NG dim 6: spec 11.9945-12.0055mm, actual: 12.137mm","671488224-01","Jun Jam","64.png","Request SQE to inform supplier for improvement","1/3/2026","Closed","SQE","Material issue","Metal","Le Hong Phong (VN.RYOBI-PIE)"
"1/2/2026","Night shift","High Mix","030221016","C2-032","The product cannot work when testing","1","2.30%","The jack plugged into the carbon brush terminal was loose and dropped out because the operator did not insert it correctly according to WI step C06.","N/A","N/A","Screenshot 2026-01-03 065243.png","Contact line leader to remind the operator follow WI at this station. Maintain one by one WIP for strictly control quality","1/2/2026","Closed","Prod","Man issue","N/A",
"1/2/2026","Day shift","High Volume","096560101","C1-36","The scanned code is blurry and hard to scan","6","5.00%","Error caused by incoming materials","743094003-01","Topband","Image (69).jpg","SQE contact supplier sorting and provide 8D report","1/2/2026","Keep monitoring","SQE","Material issue","Motor","Nguyen Phu Quoc (VN.RYOBI-PIE)"
"1/1/2026","Day shift","EEC","130597297","C2-099","Battery pack fail in mode #12 (Charge/Discharge testing step)","1","0.10%","Operator did not stretch the NTC wire then the NTC wire damaged by test probe when testing","N/A","N/A","Screenshot 2026-01-01 174204.jpg","Inform Leader to retrain the Operator following the WI, maintain 5S to avoid any risk of touching","1/1/2026","Closed","Prod","Man issue","N/A",
"1/1/2026","Day shift","High Mix","011092012","C2-012","The valve shaft cannot be assembled ","100","25.00%","The valve shaft has burrs ","541628002","GOOD MARK INDUSTRIAL VIETNAM COMPANY LIMITED","x14.jpg","SQE requires the supplier to implement corrective actions and improvements, 8D report.","1/8/2026","Closed","SQE","Material issue","Plastic","Tran Minh Kha (VN.RYOBI-PIE)"
"1/1/2026","Day shift","High Mix","096863002","C2-021","The drive cylinder cannot be assembled ","1","0.50%","The drive cylinder failed dim#2, spec: 31.3-31.55mm, actual: 30.94mm ","311513004","SHENZHEN YUEHUARUI HARDWARE PRODUCTS CO., LTD","x25.jpg","SQE requires the supplier to implement corrective actions and improvements.","1/1/2026","Closed","SQE","Material issue","Metal","Nguyen Trong Nhan (VN.RYOBI-PIE)"
"1/1/2026","Day shift","High Volume","096607001","C1-31","Wrong wire color soldering","1","0.10%","Wrong wire color soldering. The operator used the wrong wire color: black wire was replaced with red wire.","N/A","N/A","607_31_1.jpg","Feedback to production supervisors and leaders for improvement.","1/1/2026","Closed","Prod","Man issue","N/A","Tran Duy Quat (VN.RYOBI-PIE)"
"1/1/2026","Day shift","High Volume","096893001DG9","C1-26","The motor shaft was broken during the stamping ","5","1.00%","The supplier delivered the wrong materials","620983002-02","Infore","Image (67).jpg","SQE contact supplier sorting and inprove","1/1/2026","Closed","SQE","Material issue","Metal","Nguyen Phu Quoc (VN.RYOBI-PIE)"
"1/1/2026","Day shift","High Volume","159204032","C1-54","Part Metal Cam Shaft: the bearing cannot be installed on the shaft.","2","0.10%","Part Metal Cam Shaft Out Of Dim 10","671488224","JUN JAM","204_54_1.jpg","Feedback to SQE for improvement","1/1/2026","Closed","SQE","Material issue","Metal","Tran Duy Quat (VN.RYOBI-PIE)"
"1/1/2026","Night shift","High Volume","159232010","C1-48","Housing assembly is gap.","30","5.00%","Part HOUISING COVER NG( cav A1), Spec: 1.87-2.13mm, actual: 1.7mm","370408004_01","MingShing","63.png","Respond SQE to call supplier for sorting Part OK and improve","1/2/2026","Closed","SQE","Material issue","Plastic","Le Hong Phong (VN.RYOBI-PIE)"
"1/1/2026","Night shift","High Mix","030247012","C2-012","The product has noise when running","1","0.10%","The stator was misalignment =>Operator didn't assemble to the correct position, follow WI step C05.1","N/A","N/A","Screenshot 2026-01-02 064131.png","Contact line leader to remind the operator follow WI at this station.","1/1/2026","Closed","Prod","Man issue","N/A",
"12/31/2025","Night shift","High Volume","096916003DG9","C1-40","cannot update firmware","1","0.50%","PCBA NG- Short pin signal 8+9","282200005-02","DS","Image - 2026-01-01T052649.321.jpg","Respond SQE to call supplier for improve","1/1/2026","Closed","SQE","Material issue","PCBA",
"12/30/2025","Day shift","High Volume","096916003DG9","C1-40","The LED does not light up when switching current","1","0.50%","Operational error caused the signal jack to become loose","N/A","N/A","Image (66).jpg","The Group Leader and Line Leader have retrained the workers","12/30/2025","Closed","Prod","Man issue","PCBA",
"12/30/2025","Day shift","High Volume","096916003DG9","C1-40","The product cannot upload the firmware.","2","0.10%","PCBA failure due to 3.3V signal issue. The switch has not been activated, but there is a voltage signal.","282200003","DS","096916003DG9_40_1.jpg","Feedback to SQE for improvement","12/30/2025","Closed","SQE","Material issue","PCBA",
"12/29/2025","Day shift","High Volume","743044004","C1-70","The heat shrink tube is longer than the size of the electrical wire","6","1.00%","The wire coil failed the dim #8","730504007-01","PYS","Image (65).jpg","SQE contact supplier inprove","12/22/2025","Closed","SQE","Material issue","PCBA",
"12/29/2025","Day shift","EEC","130597049","C2-147","Indicator plug was loose after pressing","10","1.00%","The top cover housing cavity S2/T1 out spec Dim12 (spec 6.6 - 6.7mm), actual 6.75mm.","316478001","GOOD MARK ","Screenshot 2025-12-30 0837392.jpg","SQE arrange sorting material to resume production line and work with supplier for further improvement","1/5/2026","Closed","SQE","Material issue","Plastic",
"12/28/2025","Day shift","EEC","130597100","C2-123","BP lost function at FCT tester with failure mode #8","2","0.20%","soldering iron misaligned leading to short circuit and damaged PCBA","N/A","N/A","Screenshot 2025-12-28 090030.jpg","Call PM come to fix soldering machine immediately","1/2/2026","Closed","PM","Machine issue","N/A",
"12/28/2025","Day shift","High Volume","743039004","C1-70","The bearing became stiff after shaft pressing","1","0.10%","Steel motor shaft out of dim 17","623361006","Bach Tung","70_motor.jpg","Feedback to SQE for improvement","12/28/2025","Closed","SQE","Material issue","Metal",
"12/27/2025","Day shift","High Volume","096916003DG9","C1-40"," The product cannot upload the firmware.","1","0.10%","PCBA failure due to 3.3V signal issue. The switch has not been activated, but there is a voltage signal.","282200003","DS","003_40.jpg","Feedback to SQE for improvement","12/27/2025","Closed","SQE","Material issue","PCBA",
"12/27/2025","Day shift","EEC","130597246","C2-098","Welding strap is missing leading to battery cells are burnt in spot welding process.","1","0.10%","Operator skips process step. BP is skipped heat pressing step to melt  the plastic pin hold the straps","N/A","N/A","Des11.jpg","Remind line leader to follow and training for operator. Reinforce 5S at workstation","12/27/2025","Closed","Prod","Man issue","N/A",
"12/27/2025","Day shift","High Mix","095241011","C2-025","Tool can not run","2","1.00%","Man issue: 1pc: Soldering the wire in wrong position/ 1pc: The switch latch fell off when assembly","N/A","N/A","image_2025-12-27_17-11-55.jpg","Remind OP and leader follow WI strictly","12/27/2025","Closed","Prod","Man issue","N/A",
"12/27/2025","Day shift","High Mix","095173101","C2-045","Motor stuck and tool can not run","1","0.10%","Material issue:  Gearbox fail dim 43 (Spec: 28.79-29.1 mm/ Actual: 27.95mm)","642036001-01","Yuxin VN","image_2025-12-27_17-21-481.jpg","SQE work with supplier to improve this part","12/27/2025","Closed","SQE","Material issue","Metal",
"12/27/2025","Night shift","High Mix","095203102","C2-047","Stuck trigger","5","15.00%","Material issue: Rear handle trigger NG dim 9 (Spec: 32.76-32.96mm/ Actual: 33mm)","539168001-01","REDSUN INDUSTRIAL CO., LIMITED","image_2025-12-27_17-27-121.jpg","SQE work with supplier to prevent this issue","12/27/2025","Keep monitoring","SQE","Material issue","Plastic",
"12/27/2025","Day shift","High Volume","159204027","C1-47","cannot be assembled","5","1.00%","The shaft failed dim #3","671488203-01","Weida","Image (64).jpg","SQE contact supplier inprove","12/27/2025","Closed","SQE","Material issue","Metal",
"12/27/2025","Night shift","High Volume","096893001DG9","C1-26"," Motor shaft connector in to the main shaft is broken.","60","5.00%","Part Motor shaft connector NG dim 2, Spec: 6.315-6.335mm, actual: 6.310","620983002-02","Infore material","62.png","Respond to SQE to work with supplier to improve this part to not repeat issues","12/28/2025","Closed","SQE","Material issue","Metal",
"12/26/2025","Day shift","High Volume","096781001","C1-32","The product is not working","1","0.10%","PCBA not good. The motor control signal pin has lost its signal.","281335108","Longood","781_32-1.jpg","Feedback to SQE for  improvement","12/26/2025","Closed","SQE","Material issue","PCBA",
"12/26/2025","Day shift","High Mix","011335008","C2-027","The gear case cannot be assembled ","42","20.00%","The gear case failed dim#64, spec: 17.037-17.014mm, act: 14.01","644865002","VIET NAM HAI THAO MACHINERY COMPANY LIMITED","x13.jpg","SQE requires the supplier to implement corrective actions and improvements, 8D report","12/26/2025","Closed","SQE","Material issue","Metal",
"12/26/2025","Day shift","EEC","130597100","C2-123","PCBA was short circuit and loss function","5","0.33%","The soldering tip temperature was high at 420°C  ( Spec 390±20℃ ) and created blasting, solder wire drop on PCBA and create short circuit ","N/A","N/A","Screenshot 2025-12-26 152435.jpg","PIE took out the solder wire to check flux in the core and simulate by manual soldering - Done, material still okay -> PIE call PM come to fix machine immediately","1/2/2026","Closed","PM","Machine issue","N/A",
"12/26/2025","Day shift","High Mix","095681002","C2-021","Tool could not run","1","0.50%","Man issue: Operator route the wire cause break the terminal","N/A","N/A","image_2025-12-26_16-16-041.jpg","Remind OP and leader focus on work; Route the wire carefully","12/26/2025","Closed","Prod","Man issue","N/A",
"12/26/2025","Day shift","High Mix","095241010","C2-002","The pivot bolt cannot be assembled ","1","0.50%","The P/N failed dim #5, spec: 7-7.58mm, actual: 11.58mm","318347001","JINHUA SKY TALENT POWER TOOLS  Co.,LTD","x24.jpg","SQE requires the supplier to implement corrective actions and improvements.","12/26/2025","Closed","SQE","Material issue","Metal",
"12/26/2025","Day shift","High Volume","096878001","C1-36","The motor is not operating","1","1.00%","Operator mishandling resulted in deformation of the signal pin of the switch","760777001-02","N/A","Image (63).jpg","GL and LL to retrain the operators","12/26/2025","Closed","Prod","Man issue","Switch",
"12/26/2025","Night shift","High Volume","095653008","C1-22","Part ""GUARD"" cannot be assembled.","20","2.00%","Part GUARD fail dim 6, spec: 150.86-151.86mm, actual: 152.41","542243001-01","Ming Sing","61.png","Respond SQE to call supplier for sorting part ok and improve","12/27/2025","Closed","SQE","Material issue","Plastic",
"12/26/2025","Night shift","High Volume","743039001","C1-70","Motor rotating is stiff","1","0.05%","Output shaft part NG at dimension #17","623361006-01","Bach Tung","truong29.jpg"," Feedback to SQE for improvement","12/27/2025","Closed","SQE","Material issue","Metal",
"12/25/2025","Day shift","High Volume","096007303","C1-16","The inner diameter of the bearing is greater than the outer diameter of the gear","1","0.10%","Gear failed dim #7","687356001-01","Jinding","Image (62).jpg","SQE contact supplier imporve","12/25/2025","Closed","SQE","Material issue","Metal",
"12/25/2025","Day shift","High Mix","095109108","C2-049","Viusal defect","6","3.00%","paint scratch ","638006025","EXPORT MECHANICAL TOOL STOCK COMPANY","x12.jpg","SQE requires the supplier to implement corrective actions and improvements.","12/25/2025","Closed","SQE","Material issue","Metal",
"12/25/2025","Day shift","High Mix","096531201","C2-051","Viusal defect ","2","1.00%","Dented without paint peeling.","697307004","ZHONGSHAN JIN BI SHENG ALUMINIUM PRODUCT CO., LTD.","x221.jpg","SQE requires the supplier to implement corrective actions and improvements.","12/25/2025","Closed","SQE","Material issue","Metal",
"12/25/2025","Day shift","High Mix","096531201","C2-051","The upper tube cannot be assembled","9","4.00%","The P/N failed dim #14, spec: 43.56-43.91mm, actual: 40.008 mm","697307004","ZHONGSHAN JIN BI SHENG ALUMINIUM PRODUCT CO., LTD.","x33.jpg","SQE requires the supplier to implement corrective actions and improvements.","12/25/2025","Closed","SQE","Material issue","Metal",
"12/25/2025","Day shift","High Mix","011092015","C2-009","Visual defect","25","15.00%","Incoming material NG:  surface dent. ","311513004","SHENZHEN YUEHUARUI HARDWARE PRODUCTS CO., LTD","x4.jpg","SQE requires the supplier to implement corrective actions and improvements.","12/25/2025","Closed","SQE","Material issue","Metal",
"12/25/2025","Day shift","High Mix","096531201","C2-051","The Bevel Pinion cannot be assembeld","8","3.00%","The P/N failed dim#7, spec: 7.85-7.95mm, actual: 8.01mm","614672001","HUNAN JINCHENG TRADE CO., LTD.","x5.jpg","SQE requires the supplier to implement corrective actions and improvements.","12/26/2025","Closed","SQE","Material issue","Metal",
"12/25/2025","Night shift","High Volume","096007301","C1-16","Ball bearing and planet bearing carrier after stamping is loosen","6","1.38%","Planet bearing carrier is failed at dimension 7","687356001-01","JINDING POWDER","truong45.png","Feed back to SQE team to work with supplier to improve this issues","12/26/2025","Closed","SQE","Material issue","Metal",
"12/25/2025","Night shift","High Volume","096826001","C1-09","Speed nozzle assembly is stiff.","30","3.00%","Speed nozzle fail dim 15,  spec: 57.41-58.01mm , actual: 57.18mm","535679001-01","Ming Sing","60.png","Respond SQE to call supplier for sorting Speed nozzle ok and improve","12/26/2025","Closed","SQE","Material issue","Plastic",
"12/25/2025","Day shift","High Volume","096651010","C1-22","The single cam stamping force does not comply with the QCP.","200","5.00%","The machine displays the wrong stamping force. The measured value on the machine is 39kg, Actual 208kg","N/A","N/A","651_22.jpg","Feedback to ME for improvement. Add the force calibration item to the checklist.","12/25/2025","Closed","PM","Machine issue","N/A",
"12/24/2025","Day shift","EEC","130597049","C2-122","Product failed in Performance testing machine","1","0.10%","Operator did not adjust NTC wire orientation correctly","N/A","N/A","Screenshot 2025-12-25 101128.jpg","Retrain the operator on the correct assembly processes","12/24/2025","Closed","Prod","Man issue","N/A",
"12/24/2025","Day shift","High Mix","011155037","C2-034","The sun gear cannot be assembled","5","2.00%","Sun gear missing one tooth.","613119002","DONGGUAN QUANSHENG POWDER METALLURGY CO., LTD","n.jpg","SQE requires the supplier to implement corrective actions and improvements.","12/24/2025","Closed","SQE","Material issue","Metal",
"12/24/2025","Day shift","High Mix","011201004","c2-007","Motor jammed.","1","0.50%","Plastic motor cap assembled without washer.","N/A","N/A","N2.jpg","Retrain the opertator to adhere to the WI","12/24/2025","Closed","Prod","Man issue","N/A",
"12/24/2025","Day shift","High Mix","096651010","C1-22","Motor  mount failed stamping dimensions","5","1.00%","Motor mount failed hole diameter dimensions","645080001-02","Yu Xin","Image (61).jpg","SQE contact supplier inprovement","12/24/2025","Closed","SQE","Material issue","Metal",
"12/23/2025","Day shift","High Volume","095719306","C1-28","The chain cover rubs after the product operates","10","2.00%","The spring mounting method according to the WI is not appropriate.","N/A","N/A","719_28_1.jpg","Request IE to update the WI. Change the spring installation method. Change from mounting the spring on the housing to mounting the spring on the chainsaw cover.","1/23/2026","Keep monitoring","PIE","Method issue","N/A",
"12/23/2025","Night shift","High Mix","095403201","C2-025","Can not assemble blower bag","15","70.00%","Material issue: Blower bag fail dim 8 (Spec: 174-184mm/ Actual: 166mm)","904047001-04","SHENGLI VN COMPANY LIMITED","image_2025-12-23_21-06-141.jpg","SQE work with supplier provide 8D report for improvement on this case","12/30/2025","Open","SQE","Material issue","Packing",
"12/23/2025","Day shift","High Mix","011201006","C2-007","Tool cannot run ","1","0.50%","The wire is broken ","N/A","N/A","broken .jpg","Retrain the operators to adhere to the WI","12/23/2025","Closed","Prod","Man issue","N/A",
"12/23/2025","Day shift","High Mix","011201006","C2-007","Tool cannot run ","1","0.50%","Solder drop causes short circuit on PCBA.","N/A","N/A","X11.jpg","Retrain the operators to adhere to the WI","12/23/2025","Closed","Prod","Man issue","N/A",
"12/23/2025","Day shift","High Mix","062113022","C2-026","Tool cannot run ","1","0.50%","Incorrect polarity soldering","N/A","N/A","X23.jpg","Retrain the operators to adhere to the WI","12/23/2025","Closed","Prod","Man issue","N/A",
"12/23/2025","Day shift","High Mix","011092037","C2-014","Tool cannot run ","1","0.50%","Magnet missing.","N/A","N/A","X3.jpg","Retrain the operators to adhere to the WI","12/23/2025","Closed","Prod","Man issue","N/A",
"12/23/2025","Night shift","High Volume","095633307","C1-27","Gear can not assemble to gearbox","2","0.33%","MACHINING,CARRIER part NG at dimension 4","622843007-01","DONGGUAN JUNDA ","truong44.png","Feedback to SQE team to improve this issue","12/24/2025","Closed","SQE","Material issue","Metal",
"12/22/2025","Day shift","High Volume","096202102DG9","C1-05","The motor lost its electric brake function","1","0.10%","Signal wire pin soldering did not meet the required standard","281335014","Goodwin","Image (60).jpg","Feedback to SQE for improvement","12/22/2025","Closed","SQE","Material issue","PCBA",
"12/22/2025","Day shift","High Mix","096720001","C2-023","Tool leakage water","1","0.50%","Material issue: Nozzle fail dimension 14 (Spec: 0.55-0.65mm/ Actual: 0.72mm)","623702002-01","YONG FENG HARDWARE (VIETNAM) COMPANY LIMITED","image_2025-12-22_17-41-16.jpg","SQE work with supplier to improve this defect","12/22/2025","Closed","SQE","Material issue","Metal",
"12/22/2025","Day shift","High Mix","095817304","C2-025","Tool did not work","3","1.00%","Man issue: Resistor was damaged (2pcs) & The wire slipped out of the connector (1pc)","N/A","N/A","image_2025-12-22_17-39-582.jpg","Remind OP and Leader focus on work, follow WI strictly","12/22/2025","Closed","Prod","Man issue","N/A",
"12/22/2025","Night shift","High Volume","319349013","C1-66","The nail feed tray is jammed.","1","0.10%","The P/N failed dim #17, spec: 39.3-39.65mm, actual: 39.04mm ","319746001-02","Good View","59.png","Respond SQE to call supplier for improve part","12/23/2025","Closed","SQE","Material issue","Plastic",
"12/22/2025","Day shift","High Volume","054196094","C1-051","JAM Test Fail Level 1","25","2.00%","Part number 370707004 not good. The start point of this thread between setting 8 and 9 but actual the start point of this thread is 10","370707004","Redsun","712_28_1.png","Feedback to SQE for improvement","12/22/2025","Closed","SQE","Material issue","Plastic",
"12/21/2025","Day shift","High Mix","010897002","C2-004","The lead crew cannot be assembled.","2","1.00%","The P/N failed dim#13, spec: 7.975-7.985mm, actual: 8.13mm ","696938006","CLOUD ADVANTAGE LIMITED","x1-.jpg","SQE requests the supplier to make improvements.","12/21/2025","Closed","SQE","Material issue","Metal",
"12/21/2025","Day shift","High Mix","096631302","C2-021","The stamping cannot be assembled.","1","0.50%","The P/N failed dim #13, spec: 44.8-45.2mm, actual: 43.46mm ","315354009","CONG TY TNHH SAN XUAT NGU KIM TENGDA","x22.jpg","SQE requires the supplier to implement corrective actions and improvements.","12/21/2025","Closed","SQE","Material issue","Metal",
"12/21/2025","Night shift","High Mix","096631302","C2-021","Stuck trigger","5","3.00%","Man issue: Route the electric wire wrong position => Cause trigger stuck","N/A","N/A","image_2025-12-21_17-26-12.jpg","Remind OP and leader focus on work, Follow instruction in WI","12/21/2025","Closed","Prod","Man issue","N/A",
"12/21/2025","Day shift","High Mix","316292007","C2-016","The screw is not fully seated (high screw condition).","100","50.00%","The P/N failed dim #4, M3x0.5-6g, Checked with a ring gauge >> NO GO","660380008","YONG FENG HARDWARE (VIETNAM) COMPANY LIMITED","x--3.jpg","SQE requires the supplier to implement corrective actions and improvements, 8D report. ","12/23/2025","Open","SQE","Material issue","Metal",
"12/21/2025","Night shift","High Mix","030290004","C2-033","EOL function tester detect product has high current and noise","2","3.00%","Material issue: Burrs on the housing cause misalignment during assembly, resulting in interference between the stator and the rotor.","528060001-03","GOOD MARK INDUTRIAL VIET NAM","Screenshot 2025-12-22 054900.png","Supplier sort material to keep line run. Feedback SQE to work with supplier for improvement.","12/21/2025","Closed","SQE","Material issue","Plastic",
"12/21/2025","Night shift","High Volume","011383020","C1-46","The machine is making strange noises during operation.","2","0.20%","Ring gear deform","615993002-01","WEIDA","58.png","Respond SQE to call supplier for sorting part OK and supplier improve","12/22/2025","Closed","SQE","Material issue","Metal",
"12/20/2025","Day shift","High Mix","030412005","C2-012","Product cannot work after plugging power","15","5.00%","Voltage output spec: 104V +-2V, Actual: 14.42VDC => Wire terminal has been covered by glue => lost function","280159006 - 02","Bestek Electronic VietNam","Screenshot 2025-12-20 135800.png","supplier sorting material to resume line, inform to SQE  to work with supplier to prevent this issue","1/3/2026","Keep monitoring","SQE","Material issue","PCBA",
"12/20/2025","Day shift","High Volume","096918002","C1-13","The high-low speed switch is faulty and cannot maintain its travel position.","15","1.00%","The High-Low Speed Switch Trigger component is deformed.","539255002","Kim Diep","608_13_01.png","Feedback to SQE for improvement","12/20/2025","Closed","SQE","Material issue","Plastic",
"12/20/2025","Night shift","High Volume","096882001DG9","c1-34","Can not twist nut into motor shaft","1","0.01%","The thread of motor's shaft is failed","742510005-04","Fang de","truong43.png","Feed back to SQE team to get information about this issue and work with supplier to improve this case to do not repeat","12/21/2025","Closed","SQE","Material issue","Motor",
"12/20/2025","Night shift","High Mix","030369004","C2-012","Part loosed after assembly","1","1.00%","Material issue: The output shaft failed dimension at Dim #6 Spec 5.00 mm −0.02 / −0.06. Actual 5.00 mm.","621890001-03","WEIDA VIET NAM","Screenshot 2025-12-21 065251.png","Single case, just feedback SQE to inform supplier for improvement.","12/20/2025","Closed","SQE","Material issue","Metal",
"12/20/2025","Day shift","High Mix","306527006","C2-018","Magazine movable broken after press spring pin","40","4.00%","Under investigation","N/A","N/A","2025-12-20 1.jpg","Short-term: Add-in small fixture 0.8mm thickness to support press to reduce defect rate from 40% to 1% and resume line. PIE sent material to China lab for testing material","1/7/2026","Open","PIE","TBC","N/A",
"12/19/2025","Night shift","EEC","130597181","C2-144","The Tamper indicator plug deformed after being pressed into top housing","30","3.00%","Material issue: Cover button failed due to dimension DIM #4 out of specification (Spec: 6.5 mm +0.15 / −0.05). 5 pcs samples measured (Actual: 6.8156 mm, 6.8833 mm, 6.8600 mm, 6.8344 mm, 6.8719 mm)","529035002-03","YUEN FUNG VIET NAM","Screenshot 2025-12-20 055914.png","SQE received feedback from PIE and requested supplier for the improvement","12/26/2025","Open","SQE","Material issue","Plastic",
"12/19/2025","Night shift","High Volume","096560101","C1-36 ","Gear is cracked after stamping","3","0.18%","The gear hole has a machining defect.","616589001-03","JinDing","truong42.png","feedback to SQE team to work with supplier to improve this part to this issues not repeat","12/20/2025","Closed","SQE","Material issue","Metal",
"12/19/2025","Day shift","High Mix","011390001","C2-004","Can not assembly","1","0.20%","EDGE GUIDE BOLT 671499001 dail dim #2, spec: 20.1 - 20.7, act: 16.86","671499001","JOY PROSPER","2025-12-19 1.jpg","Feedback SQE to work with supplier for improvement","12/19/2025","Closed","SQE","Material issue","Metal",
"12/18/2025","Day shift","EEC","130597245","C2-089","Battery pack function failed in performance testing process, failure mode #10","1","0.10%","Operator missed the step of inserting the strap from the cells to the PCBA during assembly","N/A","N/A","Screenshot 2025-12-18 081228.JPG","Retrain the operator on the correct assembly processes and follow WI","12/18/2025","Closed","Prod","Man issue","N/A",
"12/18/2025","Day shift","High Mix","095875002","C2-041","Tool have high current (Spec: <5.5A; Actual: 13A) - Repeat issue","20","20.00%","Material issue: Carrier fail dim 11 (Spec: 4-4.1mm; Actual: 3.82mm)","622843005-01","DONGGUAN JUNDA","image_2025-12-18_16-59-331.jpg","Sorting material to keep line run/ Long term: SQE provide 8D report from supplier to prevent this defect","12/25/2025","Open","SQE","Material issue","Metal",
"12/18/2025","Night shift","High Mix","095681001","C2-043","Screw was stripped on housing hole when setting the torque spec follow WI","10","50.00%","Material issue: Height adjustment handle fail dim 10 (spec: 3.08-3.32mm; Actual: 3.42mm)","544858001-01","MING HAO INDUSTRIAL LIMITED","image_2025-12-18_17-05-07.jpg","Sorting material to resume line/ Long term:  Request 8D report from supplier to prevent this issue re-occurr","12/25/2025","Open","SQE","Material issue","Plastic",
"12/18/2025","Day shift","High Mix","095681001","C2-043","Can not insert E-ring to axle groove","2","1.00%","Material issue: Axle fail dim 5 (spec: 34.05-35.05mm; Actual: 33.3mm)","318334001-01","ZHIAO VIET NAM COMPANY LIMITED","image_2025-12-18_17-15-351.jpg","Sorting material to keep line run/ SQE will work with supplier to improve this defect","12/18/2025","Closed","SQE","Material issue","Metal",
"12/18/2025","Day shift","High Mix","011390001","C2-004","Tool cannot run ","1","0.50%","The stator leads have not been soldered to the circuit.","N/A","N/A","X---.jpg","Retrain the operators to adhere to the WI and carefully check before transferring to the next step ","12/18/2025","Closed","Prod","Man issue","N/A",
"12/18/2025","Night shift","High Mix","095875002","C2-041","Fail pressing dimension at station 1, step 08 (Spec: 0.8-1mm; Actual: 0.3mm)","10","50.00%","Material issue: Gear case fail dim 26 (Spec: 5.5-5.6mm; Actual: 5.87mm)","546872001-02","FUKAI TECHNOLOGY (SINGAPORE) PTE.LTD.","image_2025-12-18_17-45-591.jpg","Change new material lot to resume line/ Long term: Request supplier provide 8D report for improvement on this defect","12/25/2025","Open","SQE","Material issue","Plastic",
"12/18/2025","Night shift","High Mix","030243009","C2-013","Rotor stuck during assembly","1","1.70%","Rotor failed dimension  #10 out of specification__ Spec: 119.7±0.15mm__Actual:124.6mm","741259004","ROTONG VIET NAM","Screenshot 2025-12-19 053027.png","Supplier sort material to keep line run. Feedback SQE to work with supplier for improvement.","12/18/2025","Closed","SQE","Material issue","Motor",
"12/18/2025","Night shift","High Volume","743039001","C1-70","Assembly part is failed dimension at station 10 ","1","0.50%","Front endbell part is failed at  #DIM 28","647119001-02","IDMEA","truong41.png","Feedback to SQE Team to work with supplier to improve this issue to do not repeat","12/19/2025","Closed","SQE","Material issue","Metal",
"12/18/2025","Day shift","High Volume","096700103","C1-09","Safety latch jam issue","6","1.00%","Main trigger failed size specification at dim #20","546663001-01","Fukai","Image (59).jpg","SQE contact supplier inprovement","12/19/2025","Closed","SQE","Material issue","Plastic",
"12/17/2025","Day shift","High Mix","095890312","C2-051","Tool cannot be assembled ","15","10.00%","The P/N failed dim#2, spec: 452.5-454.5mm, actual: 456.32mm","695981004","HEADWAY ","x1.jpg","SQE requests the supplier to implement the improvements. ","12/17/2025","Closed","SQE","Material issue","Metal",
"12/17/2025","Day shift","High Mix","095923311","C2-021","The trigger is jammed.","20","10.00%","Due to excessive pressing force from the PM machine.","N/A","N/A","x21.jpg","PM needs to regularly inspect the machinery.","12/17/2025","Closed","PM","Machine issue","N/A",
"12/17/2025","Day shift","EEC","130597249","C2-088","GAP between Top housing and bottom housing > 0.3mm","5","0.30%","Auto screwing machine misalignment when fastening screw","NA","NA","Untitled2.jpg","ME adjusted position of auto screw machine","12/17/2025","Closed","PM","Machine issue","N/A",
"12/17/2025","Day shift","High Volume","096916003DG9","C1-40","The engine is making a strange noise","1","1.00%","Soldering defect in the PCBA","282200005-01","DS","Image (58).jpg","SQE contact supplier inprovement","12/17/2025","Closed","SQE","Material issue","PCBA",
"12/17/2025","Night shift","High Volume","743039004","C1-70","Stator copper coil is failed resistant testing","1","0.06%","According drawing, each copper coil in each phase have 7 copper wires => In each phase will have 14 wires, in fact, NG part only has 13 wires so it NG. The reason causing this case is because the supplier wiring lack of wire or be twisted",,"292623003-03","truong40.png","Feedback to SQE team to improve this issue to do not repeat again","12/18/2025","Closed","SQE","Material issue","Motor",
"12/17/2025","Night shift","High Mix","030243009","C2-013","EOL detect the current of product was unstable","2","3.50%","Found the output of PCBA unstable when measuring single PCBA","280111012","LONGGOOD VN","Screenshot 2025-12-18 071458.png","Feedback SQE to inform supplier for improvement.","12/18/2025","Closed","SQE","Material issue","PCBA",
"12/16/2025","Day shift","EEC","130597243","C2-120","The PCBA Power tower was broken","1","0.10%","Unstable operation of the soldering machine caused mechanical impact, leading to damage to the PCBA power tower.","N/A","N/A","Broken PCBA Power tower.png","Inform ME come to adjust machine","12/16/2025","Closed","PM","Machine issue","PCBA",
"12/16/2025","Day shift","High Mix","011248012","C2-004","The washer cannot be installed.","70","15.00%","The P/N has burrs","698234007","Manh Quang Mechanics Company Limited","x--2.jpg","SQE requires the supplier to implement the improvements ","12/18/2025","Keep monitoring","SQE","Material issue","Metal",
"12/16/2025","Day shift","High Mix","159216009","C2-031","Cosmetic defect.","8","2.00%","The housing is scratched.","543068001","DONGGUAN JINHUI PLASTIC MANUFACTURING CO.,LTD.","x_.jpg","SQE requests the supplier to implement the improvements. ","12/16/2025","Closed","SQE","Material issue","Plastic",
"12/16/2025","Night shift","High Mix","096631303","C2-048","Fail press dimension of pinion to motor (Spec: 0.5-0.8mm; Actual: 0.22mm)","10","20.00%","Material issue:  Motor fail dim 6 (Spec: 3.235-3.275mm; Actual: 3.352mm)","742652007-02","KANGPING TECHNOLOGY (VIETNAM)CO.,LTD","image_2025-12-16_17-52-40.jpg","Sorting material to keep line run/ Long term: Request SQE work with supplier to provide 8D report","12/23/2025","Closed","SQE","Material issue","Motor",
"12/16/2025","Day shift","High Volume","011420011","C1-57","The stator does not fit the fixture.","50","10.00%","Stator out of dimension 8","292033006","XIAN HUA ","57_420_1.png","Feedback to SQE for improvement","12/16/2025","Keep monitoring","SQE","Material issue","Motor",
"12/16/2025","Night shift","High Volume","096700103","C1-09","The blade only moves in one direction.","20","6.00%","Material issue: SHRUB BLADE ASSY fail dim 11 (Spec: 3.4-3.8mm; Actual: 3.33mm)","302275011-01","Su Zhou Zhen Yu","57.png","Respond SQE to call supplier for sorting mterial OK, and improve","12/17/2025","Keep monitoring","SQE","Material issue","Metal",
"12/16/2025","Night shift","High Volume","095607118","C1-22","when adjusting, the chain has 1 position too loose and 1 position too tight","1","0.20%","pitch sprocket with clutch part be failed dimension 2 at one position ","312426001-04","Zhejiang Chaohong","truong39.png","Feedback to SQE Team to work with supplier to improve this issue to do not repeat","12/17/2025","Closed","SQE","Material issue","Metal",
"12/16/2025","Night shift","EEC","130597246","C2-098","At the performance tester, the circuit was detected with four indicator lights flash","30","3.00%","Machine issue: The performance test machine does not have an MCU reset function, compare with other tester, this function working normally.","N/A","N/A","EOL1.jpeg","Action: Notify ME to verify the function and quickly resolve the issue to avoid line downtime and create more defectives.","12/16/2025","Closed","PM","Machine issue","N/A",
"12/15/2025","Day shift","High Volume","096560102","C1-36","Threading issue – cannot screw in","46","10.00%","Threaded hole is tilted","657396014-01","Thien Phu","Image (57).jpg","SQE contact supplier inprovement","12/15/2025","Keep monitoring","SQE","Material issue","Metal",
"12/15/2025","Night shift","High Mix","030369004","C2-012","A gap issue was found at the EOL station.","6","6.50%","The pressing machine didn't press part to the end of hole","N/A","N/A","Screenshot 2025-12-16 050205.png","Call ME come to fix machine and isolate NG WIP for sorting","12/29/2025","Keep monitoring","PM","Machine issue","N/A",
"12/15/2025","Night shift","High Volume","743039002","C1-70","Stator's copper coil is failed HPDC function testing","4","0.22%","Material is failed when testing with insulation test spec <10M Ohm","292623005-01","ACE","truong38.png","Feed back to SQE team to get information about this issue and work with supplier to improve this case to do not repeat","12/15/2025","Closed","SQE","Material issue","Motor",
"12/15/2025","Day shift","High Volume","095394202","C1-09","Strip Screw","20","5.00%","Part Number 534531001 Out Of Dimension 3D. 2D Have Cross Section Show Hole Is Very Deep.","534531001","Yulong","711_26_01.png","Feedback to SQE for improvement.","12/15/2025","Keep monitoring","SQE","Material issue","Plastic",
"12/15/2025","Night shift","EEC","130597337","C2-117","LED 1 was damaged","1","0.10%","Soldering Machine unstable make LED1 to damage","N/A","N/A","Led 1 damaged1.jpg","Inform ME to fix soldering machine then continue follow until machine stable","12/15/2025","Closed","PM","Material issue","PCBA",
"12/15/2025","Night shift","EEC","130597245","C2-099","Poor soldering","2","0.20%","Soldering machine unstable","N/A","N/A","missing solder.jpg","Call ME come to fix machine","12/15/2025","Closed","PM","Machine issue","PCBA",
"12/15/2025","Night shift","High Mix","159254005","C2-001","Motor no run","2","0.30%","Red wire of motor dummy soldering","742786002","KP VN","2025-12-15 1.jpg","Feedback supplier seperate NG material, SQE work with supplier to improvement.","12/15/2025","Closed","SQE","Material issue","Motor",
"12/13/2025","Day shift","EEC","130597382","C2-112","LED1 is missing in inspection after soldering and performance testing processes","3","0.30%","Soldering machine work unstable causing LED #1 damaged","N/A","N/A","des2.jpg","Inform PM to check and adjust machine to avoid issue repeat.","12/13/2025","Closed","PM","Machine issue",,
"12/13/2025","Night shift","High Mix","095598202","C2-021","Stuck trigger","7","5.00%","Material issue: Plastic housing have burr","544205001-03","Minh Viet","image_2025-12-13_17-05-121.jpg","Sorting to resume line/Long term: SQE work with supplier to improve this defect","12/13/2025","Keep monitoring","SQE","Material issue","Plastic",
"12/13/2025","Day shift","High Mix","096892004DG9","C2-051","Unit don't work","2","0.50%","Man issue: The operator caused damage to the switch terminal","N/A","N/A","image_2025-12-13_17-11-571.jpg","Remind OP and leader insert the wire to terminal switch carefully","12/13/2025","Closed","Prod","Man issue","N/A",
"12/13/2025","Night shift","High Mix","030198006","C2-012","Product work intermittent and have abnormal noise","30","54.00%","Material issue: The stator steel core is contaminated with glue; the inner steel part is deformed and unevenly protruded.","741205003-02","ROTONG VIET NAM","Screenshot 2025-12-14 034634.png","Supplier sort material to keep line run. Feedback SQE to work with supplier for improvement.","12/27/2025","Keep monitoring","SQE","Material issue","Motor",
"12/13/2025","Day shift","High Mix","159216009","C2-031","Can not assembly blade","330","50.00%","LOWER GUARD 543071006 dail dim #2, spec: 10 - 10.4, act: 9.69","543071006 ","Good View","2025-12-13 1.jpg","Supplier sorting material to keep line run smoothly. SQE working with supplier for improvement","12/31/2025","Open","SQE","Material issue","Plastic",
"12/12/2025","Day shift","EEC","130597180","C2-124","The machine work unstable when fastening the screw","1","0.07%","The top housing don't have the hold for fastening screw","316702012","GOOD MARK INDUSTRIAL VIETNAM CO..LTD","The top housing don not have the hold.png","SQE arrange supplier onsite for sorting material to avoid any impact to machine stability","12/12/2025","Closed","SQE","Material issue","Plastic",
"12/12/2025","Night shift","High Mix","095173111","C2-045","Tool cannot assembly","5","10.00%","Gear case 642036001 NG dim #17, spec: 22.35 - 22.5, act: 21.36","642036001","YUXIN VN","2025-12-12 1.jpg","Feedback SQE to work with supplier for improvement.","12/12/2025","Keep monitoring","SQE","Material issue","Metal",
"12/12/2025","Night shift","High Mix","095393102","C2-043","Unit have abnormal sound","5","4.00%","Man issue: Operator don't apply grease into bushing","N/A","N/A","image_2025-12-12_04-34-37.jpg","Remind OP and leader focus on work, follow WI strictly","12/12/2025","Closed","Prod","Man issue",,
"12/11/2025","Day shift","High Mix","011249010","C2-010","Tool cannot run ","2","1.00%","The retaining ring is not seated fully against the die-casting.","N/A","N/A","x-1.jpg","Feedback leader to repair and monitoring next job","12/25/2025","Keep monitoring","Prod","Man issue","N/A",
"12/11/2025","Day shift","High Mix","011249010","C2-010","Tool cannot run ","1","0.50%","The wire is broken ","N/A","N/A","x--1.jpg","Retrain the operators to adhere to the WI and carefully check before transferring to the next step ","12/11/2025","Closed","Prod","Man issue","N/A",
"12/11/2025","Day shift","High Mix","096799002","C2-025","The filter cannot be assembled to the tank","1","0.10%","Material issue: Tank missing the hole (unmachined)","318424002-04","HK YOUHUIYU INDUSTRY CO., LIMITED","image_2025-12-11_17-13-331.jpg","Sorting material for keep line running/ SQE work with supplier to prevent this defect re-occur","12/11/2025","Closed","SQE","Material issue","Plastic",
"12/11/2025","Day shift","High Mix","011245002","C2-002","Power button get stuck, hardly to movement","10","10.00%","Power button 545570001-02 has burr, fail dim 10, spec: 3.0 - 3.2, act: 3.42","545570001","Jinhe","2025-12-11 1.jpg","Supplier sorting to isolate NG material (cavity A3), SQE working with supplier to improvement","12/25/2025","Keep monitoring","SQE","Material issue","Plastic",
"12/11/2025","Day shift","High Volume","095293301","C1-09","The screw when shooting into housings is stripped","10pcs","100.00%","Screw shooting force in WI is 12-18kgf.cm but on drawing just is 6-10kgf.cm, in fact, when we shoot screw at force spec bigger than 10kgf.cm the screw will be stripped. So Spec in WI is wrong ",,,"truong37.png","Feedback to IE team to update the force specification in WI according to  specifications in the drawing","12/12/2025","Closed","Prod","Method issue",,
"12/11/2025","Night shift","High Mix","030227005","C2-13","The tool cannot run","1","1.90%","The stator has a broken copper wire under tape area","740809004","ROTONG VIET NAM","Screenshot 2025-12-12 051022.png","Single case, keep monitoring both of process and incoming material","12/11/2025","Closed","PIE","Material issue","Motor",
"12/11/2025","Day shift","EEC","130597382","C2-117","the BP did not work after pressing the button.","1","0.08%","The button was covered by the coating that was sprayed form the supplier.","280109656","Longood","Screenshot 2025-12-12 085602.png"," Prod team Pull MR/CE to replace the other to close job first, inform SQE work with supplier to improve this case.","12/11/2025","Closed","SQE","Material issue","PCBA",
"12/10/2025","Day shift","High Mix","095109108","C2-041","Can not assembly blade guard","1","0.10%","Material issue: Blade guard missing metal insert part","532523002-02","Ming Shing","image_2025-12-10_13-25-19.jpg","Sorting material for line running/ Long term: SQE work with supplier to improve this defect","12/10/2025","Closed","SQE","Material issue","Plastic",
"12/10/2025","Day shift","High Mix","096774002","C2-025","Can not assembly diecasting to steel tube","1","0.10%","Material issue: Diecasting is unmachined","642395003-04","DONGGUAN TIANYAO HARDWARE INDUSTRIAL CO., LTD","image_2025-12-10_13-56-45.jpg","Sorting material for keep line running/ SQE work with supplier to prevent this defect occur","12/10/2025","Closed","SQE","Material issue","Metal",
"12/10/2025","Day shift","High Mix","096870001","C2-026","Tool cannot run ","2","1.00%","The switch terminal is broken.","N/A","N/A","1.jpg","Retrain the operators to follow the correct WI and recheck before moving to the next step.","12/10/2025","Closed","Prod","Man issue","N/A",
"12/10/2025","Day shift","High Mix","095109008","C2-041","The P/N cannot be fastened with screws.","9","2.00%","The P/N hole has no thread.","532523002","MING SHING (HONG KONG) COMPANY LIMITED","2.jpg","SQE requests the supplier to implement the improvements. ","12/10/2025","Closed","SQE","Material issue","Plastic",
"12/10/2025","Day shift","High Mix","011399001","C2-008","Tool cannot run ","2","1.00%","The stator was not seated properly, causing the motor to jam.","N/A","N/A","3.jpg","Retrain the operators to adhere to the WI","12/10/2025","Closed","Prod","Man issue","N/A",
"12/10/2025","Day shift","High Mix","011399001","C2-008","Tool cannot run ","2","1.00%","Electrical wire breakage.","N/A","N/A","4.jpg","Retrain the operators to adhere to the WI","12/10/2025","Closed","Prod","Man issue","N/A",
"12/10/2025","Night shift","High Mix","030290004","C2-033","EOL detected that the speed of product unstable","1","1.60%","Magnetic coil broken during assembly","N/A","N/A","Screenshot 2025-12-11 062844.png","Inform the line leader to retrain operator. Improve 5S at workstation immediately","12/10/2025","Closed","Prod","Man issue","N/A",
"12/10/2025","Night shift","High Mix","159216009","C2-031","Can not tighten screw","100","10.00%","Screw 661067002 fail dim #5, spec M6.1.0 double thread, act screw can not go through the depth adjust nut m6x1.0 double thread (301124042)","661067002","Hong Van","2025-12-10 1.jpg","Feedback supplier seperate NG material, SQE work with supplier to improvement.","12/24/2025","Open","SQE","Material issue","Metal",
"12/10/2025","Day shift","High Mix","011277003","C2-003","Can not assembly H-handle","5","2.00%","The press dimension fail spec: 24.9 - 25.1, act: 24.7",,"N/A","2025-12-10 2.jpg","PM adjust machine to meet spec","12/10/2025","Closed","PM","Machine issue","N/A",
"12/10/2025","Day shift","High Volume","000996496","C1-18","WI request putting 10 small box into 1 big box with 2 layer but in fact we can not  do it","300","100.00%","Method issue,  this has happened before but in WI and packing method do not update the way to packing, To pack 5 box into a layer we must  put 5 small box in the order 1,2,5 and after is 3,4",,,"truong36.png","Instruct OP to follow the new packing order , and feedback to PGP to update packing method and IE to update WI","12/11/2025","Open","PIE","Method issue",,
"12/9/2025","Night shift","EEC","130597291","C2-091","Insuff solder","1","0.06%","The automated soldering machine issue led to insuff solder","NA","NA","Untitled1.jpg","Call ME to fix machine and continue follow until machine stable","12/9/2025","Closed","PM","Machine issue","PCBA",
"12/9/2025","Day shift","High Volume","096916003DG9","C1-40","Can not upload firmware from line's machine into PCBA","1","0.20%","PCBA shorted at signal pin 6 and 7 ","282200005-01","DS","truong35.png","Feedback to SQE Team to work with supplier to improve this issue to do not repeat ","12/10/2025","Closed","SQE","Material issue","PCBA",
"12/9/2025","Night shift","High Volume","011383011","C1-52","The motor failed to start","1","1.00%","There is no continuity between the two motor terminals","742657005-01","KPVN","Image (56).jpg","Supplier improment","12/9/2025","Closed","SQE","Material issue","Motor",
"12/9/2025","Night shift","High Mix","011059011","C2-011","Can not assembly","10","10.00%","Mix-up 2 kind of materials in 1 original box","621826003","Machine Shop (MMS) ","2025-12-09 1.jpg","Feedback supplier seperate NG material, SQE work with supplier to improvement.","12/9/2025","Closed","SQE","Material issue","Metal",
"12/9/2025","Day shift","High Mix","159373001","C2-027","Can not tighten screw","60","5.00%","Screw 660200002 fail dim #1, spec phillip torque, act screw head bigger than phillip torque","660200002 ","ZHAOLONG INDUSTRY","2025-12-09 2.jpg","Feedback supplier seperate NG material, SQE work with supplier to improvement.","12/9/2025","Closed","SQE","Material issue","Metal",
"12/8/2025","Day shift","High Mix"," 011249016","C-021","The fastener nose piece detaches.","2","1.00%","The P/N was assembled without the retaining ring, causing two balls to fall out.","N/A","N/A","X=.jpg","Retrain the operators to adhere to the WI","12/8/2025","Closed","Prod","Man issue","N/A",
"12/8/2025","Night shift","High Volume"," 096916003DG9","C1-40","The grounding strap is dented inward, so it does not touch the user’s hand during operation","1","0.10%","The grounding strap failed dim #7","699936001-02","Regent VIETNAM","Image (53).jpg","sorting and contact supplier improvement","12/8/2025","Closed","SQE","Material issue","Metal",
"12/8/2025","Night shift","High Volume","095633306","C1-09","The motor shaft is unusually long","1","1.00%","The motor failed dim #6","742036004-B","Fang De","Image (54).jpg","SQE contact supplier improvement","12/8/2025","Closed","SQE","Material issue","Motor",
"12/8/2025","Night shift","High Mix","030287006","C2-033","Cannot be assembled.","1","1.60%","Material issue: The Upper Guard does not match the design drawing, missing component","305406001-03","TOAN THAI HUNG TRADING PRODUCTION CO., LTD  ","Screenshot 2025-12-09 063629.png","This is single case, just inform SQE to continue follow up.","12/8/2025","Closed","SQE","Material issue","Plastic",
"12/7/2025","Day shift","High Mix","030221016","C2-012","The rotor stuck in die casting after assembly","3","0.70%","DIE CASTING, GEAR CASE SUPPORT NG #dim41, spec: 28+0.02, actual: 27.96","641507001-01","DONGGUAN TIANYAO HARDWARE INDUSTRIAL CO., LTD","Screenshot 2025-12-07 150213.png","Informed to SQE follow up for further improvement from supplier","12/7/2025","Closed","SQE","Material issue","Metal",
"12/7/2025","Night shift","High Mix","030319004","C2-012","The part cannot be assembled.","2","4.00%","The part missing hole","642082001","HAI THAO MACHINE SHOP CO LTD","Screenshot 2025-12-08 023930.png","Feedback SQE to inform supplier for improvement.","12/7/2025","Closed","SQE","Material issue","Metal",
"12/7/2025","Night shift","High Volume","096882203","C1-34","Poor quality solder joint","9","3.00%","Fake solder joint, the grounding wire has come loose from the weld.","N/A","N/A","882_34_1.png","Feedback to production supervisors and leaders for improvement.","12/7/2025","Closed","Prod","Man issue","N/A",
"12/7/2025","Day shift","High Volume","096918002","C1-31","Can not upload firmware into PCBA in the line","183","100.00%","In this model in the line use PCBA with part number is 282200004-01 but the firmware was uploaded from supplier is 282200001-01","282200004-01","D&S","truong34.png","Feedback to SQE Team to work with supplier to improve this issue to do not repeat and on-hold all stock on TTI to sort and upload supplier's firmware","12/8/2025","Open","SQE","Material issue","PCBA",
"12/6/2025","Day shift","High Mix","096631301","C2-041","Can not assemble blade to gear box","3","0.50%","Material issue: Blade NG dim 27/ Spec: 9.38-9.58mm; Actual: 10.543mm","315354009-04","TENGDA METAL MANUFACTURING","image_2025-12-06_18-04-111.jpg","Sorting material to resume line/ Long term: SQE work with supplier to improve this defect","12/8/2025","Keep monitoring","SQE","Material issue","Metal",
"12/6/2025","Night shift","EEC","130597289","C2-104","There's big gap at the latch button","20","17.00%","LATCH spring plate failed #4.","634497001","WONDER ACE VIET NAM","Screenshot 2025-12-07 031651.png","Supplier sort material to keep line run. Feedback SQE to work with supplier for improvement.","12/20/2025","Closed","SQE","Material issue","Metal",
"12/6/2025","Night shift","High Volume","096202102DG9","C1-05","Pressing the bearing into the gearbox is loose.","3","0.10%","Gearbox out of dimension 4. Spec 27.979-28mm. Actual 28.016mm","647373001"," HONGKONG ZHONGTONG","202_05_01.png","Feedback to SQE for improvement","12/6/2025","Closed","SQE","Material issue","Metal",
"12/5/2025","Day shift","High Mix","095396302","C2-025","Tool can not cut wood","7","10.00%","Man issue: Assembly bearing ring in wrong position","N/A","N/A","image_2025-12-05_16-36-18.jpg","Remind OP and leader focus on work, follow strictly WI","12/5/2025","Closed","Prod","Man issue",,
"12/5/2025","Day shift","High Mix","095739002","C2-051","Tool have abnormal sound","12","15.00%","Material issue: The gear of component was broken","318780001-01","ZHEJIANG YINGKE INDUSTRY AND TRADE CO., LTD","image_2025-12-05_16-44-401.jpg","Sorting material to resume line/ Long term: SQE work with supplier to improve this defect","12/5/2025","Keep monitoring","SQE","Material issue","Metal",
"12/5/2025","Day shift","High Volume","743039004-34","C1-70","Motor rotating is stiff","1","0.10%","Output shaft part NG at dimension #17 caused stamping bearing is rotated stiff ","623361006-01","Bach Tung","truong32.png","Feedback to SQE Team to work with supplier to improve this issue to do not repeat","12/6/2025","Closed","SQE","Material issue","Metal",
"12/5/2025","Night shift","High Mix","030384006","C2-055","The tool fails to shoot nails in 1T and 3T mode.","10","2.00%","The part was missed component","313301002","GOOD VIEW ASIA MANUFACTURING COMPANY LIMITED","Screenshot 2025-12-06 043424.png","Supplier sort material to keep line run. Feedback SQE to work with supplier for improvement.","12/19/2025","Keep monitoring","SQE","Material issue","Plastic",
"12/5/2025","Night shift","High Volume","743039001","C1-70","The shaft cannot hold the bearing in place","1","0.10%","The shaft is out of tolerance for dimension #17","623361001-01","Bach Tung","Image (51).jpg","SQE contact supplier inprove","12/5/2025","Closed","SQE","Material issue","Metal",
"12/5/2025","Night shift","High Volume","096003302","C1-24","The product is unstable","1","0.10%","Signal cable has incorrect wire sequence","281169036","DS","003_24_1.png","Feedback to SQE for improvement","12/5/2025","Closed","SQE","Material issue","PCBA",
"12/5/2025","Night shift","High Volume","096887201","C1-27","The shaft is oversized and cannot be assembled with the accessory","1","0.10%","The shaft failed to meet dimension 3","622738003","Bach Tung","Image (52).jpg","SQE contact supplier improvement","12/5/2025","Closed","SQE","Material issue","Metal",
"12/4/2025","Day shift","High Mix","095450101","C2-025","The outlet filter was not assembled completely","25","20.00%","Material issue: Supplier didn't assemble the plastic cover to filter follow dim 3 of 2D drawing","316757001-02","HK DESHENG INT'L LIMITED","image_2025-12-04_14-46-33.jpg","Sorting material to resume line/ Long term: SQE work with supplier to prevent this issue in next delivery to TTI","12/6/2025","Keep monitoring","SQE","Machine issue","Plastic",
"12/4/2025","Night shift","High Mix","159117002","C2-034","Appearance not OK","3","2.00%","Paint blistering.","644182001","VIET NAM HAI THAO MACHINERY COMPANY LIMITED","nha.jpg","SQE requires the supplier to implement the improvements. ","12/4/2025","Closed","SQE","Material issue","Metal",
"12/4/2025","Day shift","High Volume","095792001","C1-29","Switch is released slow ","110","13.10%","Trigger part is failed at dimension 7, it is smaller than the specification","532329002-04","Desheng","truong30.png","Feedback to SQE Team to work with supplier to improve this issue to do not repeat","12/12/2025","Keep monitoring","SQE","Material issue","Plastic",
"12/4/2025","Day shift","High Mix","096725024","C2-051","Can not assemble the tube into gearbox ","6","1.00%","Material issue: Tube fail dim 11/ Spec: 25.3-25.5 mm; Actual: 25.63mm","638004025-14","YU XIN VIET NAM COMPANY LIMITED","image_2025-12-04_17-41-29.jpg","Sorting material to resume line/ Long term: SQE work with supplier to improve this defect","12/4/2025","Closed","SQE","Material issue","Metal",
"12/4/2025","Night shift","High Mix","030384006","C2-055","Trigger stuck when operating","10","12.00%","the part trigger 531611002 failed Dim #6.","531611002","MINGSHING","Screenshot 2025-12-05 020134.png","Supplier sort material to keep line run. Feedback SQE to work with supplier for improvement.","12/18/2025","Keep monitoring","SQE","Material issue","Plastic",
"12/4/2025","Night shift","High Volume","095793001","C1-41","The motor is not operating","1","0.10%","The switch is faulty","760573001-02","Zhejiang","Image (50).jpg","SQE contact supplier inprove","12/4/2025","Closed","SQE","Material issue","Switch",
"12/4/2025","Night shift","High Volume","096878002","C1-04","Output shaft doesn’t fit the fixture.","1","0.10%","Output shaft out of dimension. Spec: 9.98–10.00 mm, Actual: 10.08 mm","623530001","Junda","878_04_1.png","Feedback to SQE for improvement","12/4/2025","Closed","SQE","Material issue","Metal",
"12/4/2025","Night shift","High Mix","011243014","C2-054","Tool no run","1","0.20%","Assembly 2 washers -> Stuck motor -> tool no run","N/A","N/A","2025-12-04 1.jpg","Feedback leader to re-training operator","12/4/2025","Closed","Prod","Man issue","N/A",
"12/3/2025","Night shift","High Mix","011243014","C2-054","Tool cannot run ","1","0.30%","The rubber component is missing during assembly.","N/A","N/A","Phương tiện truyền thông11.jpg","Retrain the operators to adhere to the WI and carefully check before transferring to the next step ","12/3/2025","Closed","Prod","Man issue","N/A",
"12/3/2025","Night shift","High Mix","011243014","C2-054","Tool cannot run ","1","0.30%","Short circuit in the wiring.","N/A","N/A","Phương tiện truyền thông12.jpg","Retrain the operators to adhere to the WI and carefully check before transferring to the next step ","12/3/2025","Closed","Prod","Man issue","N/A",
"12/3/2025","Night shift","High Mix","011243014 ","C2-054","Tool cannot run ","1","0.30%","Solder bridge.","N/A","N/A","Phương tiện truyền thông13.jpg","Retrain the operators to adhere to the WI ","12/3/2025","Closed","Prod","Man issue","N/A",
"12/3/2025","Night shift","High Mix","095450101","C2-025","Tool cannot run ","2","1.00%","A screw was driven into the switch, causing the wire to break.","N/A","N/A","Image13.jpg","Retrain the operators to adhere to the WI and carefully check before transferring to the next step.","12/3/2025","Closed","Prod","Man issue","N/A",
"12/3/2025","Night shift","High Mix","011396010","C2-014","The tool is jammed during the pushing operation.","3","1.00%","The P/N failed at dim #6, spec: 8.81-9.16mm, act: 9.21mm","551966001","GOOD MARK INDUSTRIAL VIETNAM COMPANY LIMITED","Image14.jpg","SQE requires the supplier to implement the improvements. ","12/3/2025","Closed","SQE","Material issue","Plastic",
"12/3/2025","Night shift","High Mix","011396010","C2-014","The tool cannot fire nails.","1","0.30%","The gear has not been pressed in.","N/A","N/A","Image15.jpg","Retrain the operators ","12/3/2025","Closed","Prod","Man issue","N/A",
"12/3/2025","Day shift","High Mix","011274007","C2-003","The tool operates, but the shaft does not rotate.","2","1.00%","The planetary gear is missing during assembly.","N/A","N/A","Phương tiện truyền thông14.jpg","Retrain the operators to adhere to the WI","12/3/2025","Closed","Prod","Man issue","N/A",
"12/3/2025","Day shift","High Volume","095793001","C1-43","Screw hole is large  so we shoot the screw into the hole is loose and slip","7","0.70%","Raw screw hole is eccentric with metal tube hole so the supplier has rework that hole, which makes the screw hole larger","699986001-01","Zhiao VN","truong27.png","Feedback to SQE Team to work with supplier to improve this issue to do not repeat","12/4/2025","Closed","SQE","Material issue","Metal",
"12/3/2025","Day shift","High Volume","""095606204 and 095606316","C1-01 and C1-42","Metal tube is scratched when assembled into plastic part","7","1.00%","Part telescroping latch  NG # DIM 9 and DIM 10","531890001-02","Desheng","truong28.png","Feedback to SQE team to work with supplier to improve this part at those dimension is failed at above to issue do not repeat at the future ","12/4/2025","Closed","SQE","Material issue","Plastic",
"12/3/2025","Night shift","High Mix","030319004","C2-012","The part loosed after assembly","2","4.00%","Material issue: Die casting has thread issue","642083001","HAI THAO MACHINE SHOP CO LTD","Screenshot 2025-12-04 013616.png","Feedback SQE to inform supplier for improvement.","12/3/2025","Closed","SQE","Material issue","Metal",
"12/3/2025","Night shift","High Volume"," 095606316","C1-41","The motor is not operating","1","0.10%","The two motor terminals are not connected","230403007-01","KPVN","Image (49).jpg","Pull CE and feedback to SQE","12/4/2025","Closed","SQE","Material issue","Motor",
"12/3/2025","Day shift","EEC","130597197","C2-087","the BP failed in the function testing (failure mode #10)","1","0.11%","the OP did not follow WI strictly. So, they did not stretch the NTC wire before PCBA assembling, causing the PCBA damaged.","N/A","N/A","photo_2025-12-04_07-40-58.jpg","inform the line leader to re-train the OP at this station.","12/3/2025","Closed","Prod","Man issue","PCBA",
"12/3/2025","Day shift","High Volume","096878002"," C1-04","Screw to calibrate saw chain is difficult to rotate","439","50.00%","Chain Tensioner is unfinished processing","610624007-02","Zhejiang Chaohong","truong29.png","Feedback to SQE Team to work with supplier to improve this issue to do not repeat","12/4/2025","Open","SQE","Material issue","Metal",
"12/3/2025","Night shift","High Mix","095479203","C2-023","Can not connect tool with fixture at function test station","4","80.00%","The fixture tube bigger than spec 25.70 - 25.78, act: 25.85","N/A","N/A","2025-12-03 1.jpg","PM modify the fixture","12/3/2025","Closed","PM","Machine issue","N/A",
"12/3/2025","Night shift","High Mix","095479203","C2-023","Tool no run","1","0.20%","The wire was not insert into groove of housing -> broken while assembly housing cover","N/A","N/A","2025-12-03 2.jpg","Leader re-training operator","12/3/2025","Closed","Prod","Man issue","N/A",
"12/2/2025","Day shift","High Volume","095606204","C1-01 and C1-42","Metal tube is scratched when assembled into plastic part","10","0.50%","Part upper shaft couple is failed at dimension 5 (not go through go-gauge)","531893002-01","Desheng","truong26.png","Feedback to SQE Team to work with supplier to improve this issue to do not repeat","12/3/2025","Closed","SQE","Material issue","Plastic",
"12/2/2025","Day shift","High Mix","095366204","C2-051","Can not insert liner into steel tube","10","10.00%","Material issue: Liner fail dim 4 (Spec: 22.05-22.35mm - Actual: 23.132mm)","524558003-11","YAO-I VIETNAM COMPANY LIMITED","image_2025-12-02_21-03-19.jpg","Sorting material to resume line/ Long term: SQE work with supplier to improve this defect","12/3/2025","Keep monitoring","SQE","Material issue","Plastic",
"12/2/2025","Night shift","High Mix","095172207","C2-023","Unit fail current at lower limit (spec: 16-21A)","1","0.30%","Man issue: Operator place the electric wire on screw boss -> Cause wire damaged","N/A","N/A","image_2025-12-02_21-10-18.jpg","Remind leader and OP follow WI strictly","12/2/2025","Closed","Prod","Man issue","N/A",
"12/2/2025","Night shift","High Mix","030333010","C2-033","The shaft loosed after assembling with bevel gear","1","1.60%","Material issue: The output shaft failed at dimension #6.","621555003","NGHIA LONG METAL PRODUCTS COMPANY LIMITED","Screenshot 2025-12-03 042016.png","Supplier sort material to keep line run. Feedback SQE to work with supplier for improvement.","12/2/2025","Closed","SQE","Material issue","Metal",
"12/2/2025","Night shift","High Volume","159217002","C1-64","Screw into loose housing","3","0.40%","Material fail dim 9, spec:2.12mm-2.28mm, actual:2.04mm","542995004-01","MingShing","56.png","Respond to SQE to work with supplier to improve this part","12/2/2025","Closed","SQE","Material issue","Plastic",
"12/2/2025","Day shift","High Mix","159216009","C2-031","The base rotation is stiff.","15","15.00%","The turning force at the rivet joint between the angle guide and the bracket is out of spec, spec: 0.2-1.2kgf, actual >1.2kgf","317508004","XIAN HUA VIET NAM  INDUSTRIAL COMPANY LIMITED","x2.jpg","SQE requires the supplier to implement the improvements.","12/3/2025","Open","SQE","Material issue","Metal",
"12/2/2025","Day shift","High Mix","010929007","C2-007","Tool no run, LED no light","2","0.40%","Shorted between mosfet and diecasting, LED wire broken cause by over pressing while wirring.","N/A","N/A","2025-12-02 1.jpg","Feedback leader re-training operator.","12/2/2025","Closed","Prod","Man issue","N/A",
"12/1/2025","Day shift","High Mix","159216009","C2-031","Loose fit when assembled with the other P/N.","28","15.00%","The P/N failded dim #16, Spec: 9.93-9.98mm, Actual: 10.01mm","554628001","GOOD VIEW ASIA MANUFACTURING COMPANY LIMITED","x-.jpg","SQE requires the supplier to implement corrective actions and improvements.","12/3/2025","Keep monitoring","SQE","Material issue","Plastic",
"12/1/2025","Day shift","High Mix","062034002","C2-002","Tool cannot run ","1","0.20%","Excess solder on the PCBA ","N/A","N/A","x--.jpg","Retrain the operators to adhere to the WI","12/1/2025","Closed","Prod","Man issue","N/A",
"12/1/2025","Day shift","High Volume","743039004","C1-70","Hole of rear endbell can enter into the fixture to glue","176","9.77%","Part rear endbell is failed at dimension 18 and 25 ( it is small than the specifications)","647118002-01","IDMEA","truong25.png","Feedback to SQE Team to work with supplier to improve this issue to do not repeat","12/2/2025","Keep monitoring","SQE","Material issue","Metal",
"12/1/2025","Night shift","High Mix","030369004","C2-012","The product cannot work","1","1.00%","Material issue: The power cord was broken core inside","730372026","FU YUAN VN CO.,LTD","Screenshot 2025-12-02 035638.png","Feedback SQE to inform supplier for improvement.","12/1/2025","Closed","SQE","Material issue","N/A",
"12/1/2025","Night shift","High Volume","011228006","C1-51","The stamping motor driver pulley is loose.","3","0.10%","Part Number 614922003 – Driver Pulley out of dimension 4. Spec: 4.985–4.970, Actual: 5.000.","614922003","WEIDA","228_51_1.png","Feedback to SQE for Improvement","12/1/2025","Closed","SQE","Material issue","Metal",
"12/1/2025","Night shift","High Volume","011228006","C1-51","The main shaft does not fit the fixture","3","0.10%","The main shaft is out of dimension 13. Spec: 6.45–6.52, Actual: 6.60.","622880001","Spindex","228_51_2.png","Feedback to SQE for Improvement","12/1/2025","Closed","SQE","Material issue","Metal",
"12/1/2025","Day shift","High Mix","095109201","C2-045","The tube can not hold the liner after press","5","5.00%","Liner 522519004 fail dim #4, spec 23.15 - 23.45, act fail NOGO gauge","522519004 ","YAO-I","2025-12-01 1.jpg","Supplier sorting material to keep line run. SQE work with supplier for improvement.","12/1/2025","Closed","SQE","Material issue","Plastic",
"11/30/2025","Day shift","High Volume","095653008","C1-26","Cannot press motor into stator housing","120","7.00%","Material NG dim#4, Spec: 1.1mm-1.3mm/ Actual: 1.64mm","566770001-01","YOU QIANG","55.png","Respond to SQE to work with supplier to improve this part to not repeat issues","11/30/2025","Closed","SQE","Material issue","Plastic",
"11/30/2025","Night shift","High Volume","096712001","C1-05","The motor is not functioning","2","1.00%","The two poles of the motor have no continuity","N/A","N/A","Image (48).jpg","SQE contact supplier inprove","12/1/2025","Closed","Prod","Man issue","N/A",
"11/29/2025","Day shift","High Volume","096893002","C1-22","Safety trigger is released slow ","30","3.84%","Spring is failed at design data, in note of design data is require spring must have 10 round, in fact have 11 round","697586001-01","Regent Precision ","truong23.png","Feedback to SQE Team to work with supplier to improve this issue to do not repeat","11/30/2025","Closed","SQE","Material issue","Metal",
"11/29/2025","Day shift","High Volume","011216008","C1-053","Bushing whin stamp into gearbox is loose","15","1.47%","Gearbox is failed at Dimension 16 ( spec 9.98 at maximum thresh, in fact it is 10.02)","554628001-01","Good view","truong24.png","Feedback and require SQE team to work with supplier to prevent this part NG to the line","11/30/2025","Closed","SQE","Material issue","Plastic",
"11/29/2025","Night shift","High Volume","095264103","C1-34","Switch solder joint with insufficient solder. Un-soldered joint","1","0.10%","Poor 5S implementation. ",,,"263_34.png","Feedback to production supervisors and leader for improvement.","11/29/2025","Closed","Prod","Man issue","N/A",
"11/29/2025","Night shift","High Volume","095264103","C1-34","The protective mesh for screw splash is not properly fitted","1","0.10%","The screw has not been fully tightened",,,"2644.png","Feedback to production supervisors and leader for improvement.","11/29/2025","Closed","Prod","Man issue","N/A",
"11/29/2025","Night shift","High Mix","011396010","C2-014","Blade stuck and double nail","10","10.00%","Magazine Movable 551966001 fail dim 12, spec 111.95 - 112.30, act: 112.53, and have big burr on the corner (mold defect)","551966001 ","Good Mark","2025-11-29 1.jpg","Supplier sorting material to keep line running. SQE work with supplier for improvement.","12/15/2025","Open","SQE","Material issue","Plastic",
"11/29/2025","Night shift","High Mix","011243014","C2-054","Big gap at blade position","10","10.00%","Pressing dimension fail, spec 5.36 - 5.56, act: 5.32","N/A","N/A","2025-11-29 2.jpg","PM adjust machine","11/29/2025","Closed","PM","Machine issue","N/A",
"11/29/2025","Day shift","High Mix","011415001","C2-034","Fail leakage test, spec <0.08, act: 0.125","10","10.00%","The rubber ring was mis-alignment -> lead air","N/A","N/A","2025-11-29 3.jpg","Feedback leader retraining operator","11/29/2025","Closed","Prod","Man issue","N/A",
"11/28/2025","Day shift","High Mix","096620201","C2-051","Fail oil tank leakage test (Spec: 4.9-5.1 Psi/ Actual: 2 Psi)","2","0.50%","Man issue: Assembly missing O Ring","NA","NA","image_2025-11-28_20-38-33.jpg","Remind OP and leader focus on work, follow strictly WI","11/28/2025","Closed","Prod","Man issue",,
"11/28/2025","Day shift","High Mix","096620201","C2-051","Can not fasten screw to oil tank (Misalign screw boss between blow tank and bar mounting plate)","10","20.00%","Material issue: Oil tank fail dim 6/ Spec: 66.77-67.63mm - Actual: 66.607mm","581007001-01","CREST TOP VIET NAM CO., LTD","image_2025-11-28_20-55-25.jpg","Sorting material to resume line/ Long term: SQE work with supplier to improve this defect","12/1/2025","Keep monitoring","SQE","Material issue","Plastic",
"11/28/2025","Night shift","High Mix","030383007","C2-055","The trigger work abnormal during shooting the nail ","4","0.50%","Trigger contact plate NG dim4* => Spec: 26.9+-0.15mm, actual: 26.67mm","637454001","SUN LUEN (H.K.) METAL MANUFACTORY CO., LTD","Screenshot 2025-11-27 041819.png","Pull CE, Inform to SQE team to work with supplier for further improvement","11/28/2025","Closed","SQE","Material issue","Metal",
"11/28/2025","Night shift","High Volume","095654001","C1-45","Hard to rotate steel tube","2","0.10%","Part number 698938001 out of dimension 22. Spec 25.9–26.2. Actual 26.4. OD too big","698938001","Yuxin","line45_654.png","Feedback to SQE improvement","11/28/2025","Closed","SQE","Material issue","Metal",
"11/28/2025","Night shift","High Volume","096764001DG9","C1-32","The LED blinks intermittently","1","0.50%","The cause is due to a solder joint failure","281335132-02","DS","Image (47).jpg","The supplier will implement improvements in the next shipment","11/29/2025","Keep monitoring","SQE","Material issue","PCBA",
"11/28/2025","Night shift","High Volume","159204027","C1-47","Motor/ Pinion pressing spec not met. Over-pressed","81","3.00%","Motor pressing machine fixture has risk on misalignment.","230840007",,"204.png","ME team improve pressing fixture.","12/28/2025","Closed","Prod/PM","Machine issue","Motor",
"11/28/2025","Day shift","High Volume","011204020","C1-054","Failed Jam test","5","0.40%","Wrong steel ball for torque lock. Workmanship",,,"truong22.png","Feedback and require group and line leader to be more careful to prevent this issues from repeating","11/29/2025","Closed","Prod","Man issue","Metal",
"11/28/2025","Day shift","High Mix","316292007","C2-016","Can not fully tighten screw","6","60.00%","Screw 660380008 fail dim #5, spec: M3x0.5, act: no go gauge GO","660380008","YONG FENG","2025-11-28 1.jpg","Short-term: Increase the screw force from 5kgf.cm to 7 kgf.cm to keep line run. Long-term: Feedback SQE to work with supplier for improvement.","12/12/2025","Open","SQE","Material issue","Metal",
"11/28/2025","Day shift","High Mix","316292007","C2-016","Can not assembly","2","0.40%","OUTER CYLINDER 698929001-01 fail dim 4, spec: 85.57 - 85.67, act: 85.27","698929001","YUEHUARUI","2025-11-28 2.jpg","Feedback SQE to work with supplier to improvements.","11/28/2025","Closed","SQE","Material issue","Metal",
"11/27/2025","Day shift","EEC","130597198","C2-120","Side housing is damaged in screw tightening process","4","0.40%","Material issue: The screw has a thread defect","662524001","YongFeng","des1.jpg","Asked vendor for sorting, SQE is working with vendor for further improvement","12/5/2025","Open","SQE","Material issue","Metal",
"11/27/2025","Day shift","High Volume","011416009","C1-65","Shaft stamped into gear not meeting spec","14","2.00%","Chamfer length NG, spec 0.92mm-1.08mm, Actual: 0.6796mm
","622740003-01","WEIDA","531.png","Respond SQE to call supplier for sorting part ok","11/27/2025","Closed","SQE","Material issue","Metal",
"11/27/2025","Day shift","High Volume","011210015","C1-052","The motor and pinion after stamping are stuck pinion in the fixture","6","0.62%","Pinion dimension is fail at maximum thresh","615813001-02","Jingding ","truong21.png","Feedback to SQE team to work with supplier to improve this part to this issues not repeat","11/28/2025","Closed","SQE","Material issue","Metal",
"11/27/2025","Day shift","High Mix","095617006DG9","C2-043","Unit can not work","3","1.00%","Man issue: Place the wire on screw boss, cause wire broken","NA","NA","image_2025-11-27_21-13-48.jpg","Remind leader and OP follow WI strictly","11/27/2025","Closed","Prod","Man issue","N/A",
"11/27/2025","Day shift","High Mix","095798301","C2-043","Unit can not work","2","0.70%","Man issue: Soldering switch longer than require, cause it to become damaged","NA","NA","image_2025-11-27_21-17-391.jpg","Request training team re-training OP at this station","11/27/2025","Closed","Prod","Man issue","N/A",
"11/27/2025","Night shift","High Mix","030409002","C2-055","The product cannot shoot the nail completely","1","2.00%","Material issue: Cylinder missing air exhaust gate, fail dimension #24.  ","698735001","YUEQING SHENJIAN TOOLS CO., LTD","Screenshot 2025-11-27 225934.png","Supplier sort material to keep line run. Feedback SQE to work with supplier for improvement.","11/27/2025","Closed","SQE","Material issue","Metal",
"11/27/2025","Night shift","High Volume","011210015","C1-52","The shaft does not fit into the press fixture","5","1.00%","The shaft failed the dimensional check","615813001-02","Jinding","Image (46).jpg","SQE contact supplier sorting and inprove","11/28/2025","Open","SQE","Material issue","Metal",
"11/26/2025","Day shift","High Volume","011416009","C1-65","Fixture can not fit part "" UPPER GUARD""","60","12.00%","Inappropriate fixture size=>fixture: 69.79mm, part UPPER GUARD: 69.55mm-70.05mm,Actual: 69.64mm","NA","NA","52.png","PM adjusts fixture size","11/26/2025","Keep monitoring","PM","Machine issue","N/A",
"11/26/2025","Day shift","High Volume","743039001","C1-70","Motor after stamping is failed dimension at station 10 ( Dimension in WI is 7.65-8.55)","1","0.10%","Part front endbell is failed at #DIM 28 ","647119001-01","IDMEA","truong19.png","Feedback to SQE team to work with supplier to improve this part to this issues not repeat","11/27/2025","Closed","SQE","Material issue","Metal",
"11/26/2025","Day shift","High Volume","095654001","C1-45","Metal tube when assembling to housings is difficult to rotate","1","0.15%","Part metal tube is failed at #DIM 22","698938001-01","Yu Xin","truong20.png","Feedback to SQE team to work with supplier to improve this part to this issues not repeat","11/27/2025","Closed","SQE","Material issue","Metal",
"11/26/2025","Day shift","High Mix","095109108","C2-045","Can not assembly bolt to bracket","4","1.00%","Material issue: Bolt curved head NG dim 8/ Spec: 6.14-6.34mm; Actual: 6.57mm","662724001-03","Hồng Vận","image_2025-11-26_17-54-411.jpg","Sorting material for production line; SQE work with supplier to improve this part for long term","11/27/2025","Closed","SQE","Material issue","Metal",
"11/26/2025","Night shift","High Volume","096651010","C1-04","The product operates autonomously","1","0.10%","Switch short circuit","282047019","DS","651-04.png","Feedback to SQE improvement","11/26/2025","Closed","SQE","Material issue","PCBA",
"11/26/2025","Night shift","High Volume","096651010","C1-04","Cannot assemble","5","2.00%","Shaft failed dimension #2","623763001-01","Hardware","Image (45).jpg","SQE contact supplier sorting and inprove","11/27/2025","Closed","SQE","Material issue","Metal",
"11/26/2025","Day shift","High Mix","095739002","C2-047","The tool generates abnormal noise.","1","1.00%","The supplier’s gearbox assembly is missing one gear.","318780001","ZHEJIANG YINGKE INDUSTRY AND TRADE CO., LTD","thieu br .jpg","SQE requires the supplier to implement corrective actions and improvements.","11/26/2025","Closed","SQE","Material issue","Metal",
"11/26/2025","Day shift","High Mix","316292007","KH-016","The screw cannot be fully seated (cannot be tightened flush).","6","10.00%","Die-casting fails at dimension J4.","643355002","JINGJIANG SHUNDA MOLDING TOOL FACTORY","X.jpg","SQE requires the supplier to implement corrective actions and improvements.","11/28/2025","Closed","SQE","Material issue","Metal",
"11/26/2025","Night shift","High Mix","095203102","C2-041","Trigger was stuck","10","5.00%","HANDLE TRIGGER 539169001-02 fail dim #4, spec 3.60 - 3.84 (SER ACC 4.5) , act: 4.917","539169001","Red Sun","2025-11-26 1.jpg","Suppleir seperate NG date code (Sep/2025) to keep line run. SQE working with supplier to improvement.","12/10/2025","Keep monitoring","SQE","Material issue","Plastic",
"11/26/2025","Night shift","High Mix","011308002","C2-009","Tool working abnormal","30","5.00%","O-ring 564432002-02 has burr","564432002","Trung Hang","2025-11-26 2.jpg","Feed back SQE work with supplier to improvement","11/26/2025","Closed","SQE","Material issue","Plastic",
"11/26/2025","Day shift","High Mix","062113002","C2-172","Plastic part can not hold tool","5","0.50%","Fillter cover 360120001-01 was deform","360120001","Ming Hao","2025-11-26 3.jpg","Feedback SQE work with suppleir to improvement","11/26/2025","Closed","SQE","Material issue","Plastic",
"11/25/2025","Day shift","High Volume","096946001","C1-27","Stuck trigger","15","10.50%","Part SAFETY BUTTON NG dim#17, Spec: 11.1mm-11.3mm, Actual: 10.96mm","541575001-04","FUKAI","51.png","Respond SQE to call supplier for sorting part ok and improve","11/25/2025","Keep monitoring","SQE","Material issue","Plastic",
"11/25/2025","Day shift","High Mix","011243014","C2-001","Tool cannot run ","2","1.00%","The switch is broken ","-","-","Phương tiện truyền thông9.jpg","Retrain the operators to adhere to the WI ","11/25/2025","Closed","Prod","Man issue","N/A",
"11/25/2025","Day shift","EEC","130597338","C2-102","Poor soldering continuously in process","4","0.40%","Material issue: solder wire doesn't contain flux in the core","900120011","WEIHUIDA","des.jpg","Change other solder wire roll to resume production line, inform SQE for further analysis and improvement","12/5/2025","Open","SQE","Material issue","N/A",
"11/25/2025","Day shift","High Mix","011243014","C2-001","Tool cannot run ",,"2.00%","The gear was pressed in the wrong orientation","-","-","Phương tiện truyền thông10.jpg","Retrain the operators to adhere to the WI and carefully check before transferring to the next step ","11/25/2025","Closed","Prod","Man issue","N/A",
"11/25/2025","Day shift","High Mix","095875004","C2-021","Tool cannot run ","2","1.00%","The switch wire is pinched.","-","-","Image11.jpg","Retrain the operators to adhere to the WI and carefully check before transferring to the next step ","11/25/2025","Closed","Prod","Man issue","N/A",
"11/25/2025","Day shift","High Mix","095681002","C2-023","Tool cannot run ","1","1.00%","The switch’s electrical wire is pinched.","-","-","Image12.jpg","Retrain the operators to adhere to the WI and carefully check before transferring to the next step ","11/25/2025","Closed","Prod","Man issue","N/A",
"11/25/2025","Day shift","High Mix","011376007","C2-008","Tool cannot run ","1","1.00%","Solder spatter fell onto the selector switch, causing the PCBA to burn","-","-","Image (1)3.jpg","Retrain the operators to adhere to the WI and carefully check before transferring to the next step ","11/25/2025","Closed","Prod","Man issue",,
"11/25/2025","Night shift","High Mix","743039001","C1-70","Rear endbell cannot be assembled","130","25.00%","Rear endbell fail dim #25","647118001-01","ACE","Image (44).jpg","SQE contact supplier inprove","11/26/2025","Open","SQE","Material issue","Metal",
"11/25/2025","Night shift","High Volume","096607001","C1-31","The product cannot upload the firmware.","1","0.10%","Signal wires are connected in the wrong order","770564003","UNISAFETY","60777.png","Feedback to SQE improvement","11/25/2025","Closed","SQE","Material issue","PCBA",
"11/25/2025","Night shift","High Mix","030409002","C2-055","Product failed Air-Leakage testing in Group #1 under pressure 120psi","1","0.30%","Missing crew M5x0.8-6H","644158001","JINGJIANG SHUNDA MOLDING TOOL FACTORY","Screenshot 2025-11-26 065339.png","Pull CE, Inform to SQE team to work with supplier for further improvement","11/25/2025","Closed","SQE","Material issue","Metal",
"11/25/2025","Night shift","High Mix","096725026","C2-043","Can not tighten screw as the hole misalignment between 2 plastic parts.","5","1.00%","4 gallon tank 316618001 fail dim #2, spec 327.4 - 324.6, act 319.017","316618001 ","HK YOUHUIYU","2025-11-25 1.jpg","Supplier sorting material to keep line run. Feedback SQE to work with supplier for improvement.","11/25/2025","Closed","SQE","Material issue","Plastic",
"11/24/2025","Night shift","High Mix","030409002","C2-055","The product work abnormal during shooting the nail","1","0.30%","Head valve cylinder NG dim15, spec: 68.20-68.30mm, actual: 68.55mm","316364001 - 04","GOOD MARK","Screenshot 2025-11-24 062814.png","Pull CE, Inform to SQE team to work with supplier for the improvement. This is single case","11/24/2025","Closed","SQE","Material issue","Plastic",
"11/24/2025","Day shift","EEC","130597249","C2-117","the BP was blink (failure mode #10)","2","0.13%","OP did not stretch the NTC wire before soldering","N/A","N/A","Untitled.jpg","informed line leader to remind the OP need to pay attention on this point","11/24/2025","Closed","Prod","Man issue","N/A",
"11/24/2025","Night shift","High Volume","096608001DG9","C1-40"," The product cannot upload the firmware.","1","0.10%","Short circuit on signal pins 8 and 9 of the PCBA","282200005","DS","401.png","Feedback to SQE improvement","11/24/2025","Closed","SQE","Material issue","PCBA",
"11/24/2025","Day shift","High Mix","159309013","C2-028","The P/N cannot be assembled with the other P/N. ","2","1.00%","The PN failed at dim #10, spec:10.02-10.06mm, actual: 9.64mm","671486199","JUN JAM METAL PRODUCTS TECHNOLOGY LIMITED","Phương tiện truyền thông6.jpg","SQE requires the supplier to implement corrective actions and improvements.","11/25/2025","Closed","SQE","Material issue","Metal",
"11/24/2025","Day shift","High Volume","096608001DG9","C1-40","The spring is not elastic after being installed in the tube.","4","0.20%","Part OUTPUT SHAFT NG dim#5, Spec: 5.02mm-5.13mm, Actual: 5.15mm","313201005-01","Hong Kong","50.png","feedback to SQE team to work with supplier to improve this part to this issues not repeat","11/25/2025","Closed","SQE","Material issue","Metal",
"11/24/2025","Day shift","High Volume","095633301","C1-09","Defective material","1","0.14%","Incoming material","622843007-01","DongGuan Junda","truong18.png","feedback to SQE team to work with supplier to improve this part to this issues not repeat","11/25/2025","Closed","SQE","Material issue","Metal",
"11/24/2025","Night shift","High Mix","062113002","C2-041","The laser fails to emit light.","1","1.00%","The laser module was soldered in reverse orientation.","-","-","Phương tiện truyền thông7.jpg","Retrain the operators to adhere to the WI and carefully check before transferring to the next step ","11/25/2025","Closed","Prod","Man issue","N/A",
"11/24/2025","Night shift","High Mix","011093002","C2-023","Tool cannot run ","1","1.00%","The PCBA component is broken.","-","-","Phương tiện truyền thông8.jpg","Retrain the operators to adhere to the WI ","11/25/2025","Closed","Prod","Man issue","N/A",
"11/24/2025","Day shift","High Mix","011393003","C2-011","The wire was deform","5","1.00%","METAL WIRE 687031002-02 was deform in original box","687031002","REGENT VIET NAM","2025-11-24 1.jpg","Feedback SQE to work with supplier for improvement.","11/24/2025","Closed","SQE","Material issue","Metal",
"11/23/2025","Night shift","High Mix","030409002","C2-055","Product failed Air-Leakage testing in Group #1 under  pressure 120psi","1","0.30%","Cylinder NG dim10, spec: 151.6-151.8mm, actual: 151.4mm","698735001","YUEQING SHENJIAN TOOLS CO., LTD","Screenshot 2025-11-23 062612.png","Pull CE, inform to SQE team to work with supplier for the improvement","11/23/2025","Closed","SQE","Material issue","Metal",
"11/23/2025","Day shift","High Volume","095606317","C1-41","stuck trigger","3","0.10%","Wrong wiring layout --> switch stack on the wiring--> Housing deform -->stuck in end of trigger position","NA","NA","491.png"," training operator follow WI","11/24/2025","Closed","Prod","Man issue","N/A",
"11/22/2025","Day shift","High Volume","095723023","C1-37","The Product Not Working","1","0.10%","Control signal pins are short-circuited","281335036","LONGOOD","335.png","Feedback To SQE improvement","11/22/2025","Closed","SQE","Material issue","PCBA",
"11/22/2025","Day shift","High Volume","095723023","C1-37","The product is not working","1","0.10%","PCBA short pins in gold and black","281335036-02","Longgood","Image (43).jpg","SQE contact supplier inprove","11/22/2025","Closed","SQE","Material issue","PCBA",
"11/22/2025","Day shift","High Mix","312982004","C2-017","Stuck nail","3","0.60%","MAGAZINE SUPPORT 683299001-02 fail dimension #25, spec 5.18-5.24, act 4.767","683299001","YUEHUARUI ","2025-11-22 2.jpg","Feedback SQE to work with supplier for improvement. Repeat issue.","12/5/2025","Open","SQE","Material issue","Metal",
"11/22/2025","Day shift","High Mix","095241010","C2-023","Can not assembly","2","1.00%","Diecasting on motor 210626001 fail 3D dimension, spec 3.44 - 3.56, act 4.76","210626001 ","JINHUA SKY","2025-11-22 1.jpg","Feedback SQE to work with supplier for improvement.","12/5/2025","Closed","SQE","Material issue","Motor",
"11/21/2025","Day shift","High Mix","030290004","C2-012","The product cannot run","1","1.60%","The magnetic wire (copper) scratched and broken during assembly -> loss function","N/A","N/A","Screenshot 2025-11-21 173417.png","Line leader re-training for operator. Reinforce 5S and separate WIP to avoid touching together. All raw material kept in original box from supplier","11/21/2025","Closed","Prod","Man issue","N/A",
"11/21/2025","Day shift","High Volume","096878002","C1-10","Assembly does not follow Work instructions","1","0.10%","Assembly with wrong wire color order",,,"8783.png","Feedback to production supervisors and leaders for improvement.","11/21/2025","Closed","Prod","Man issue","N/A",
"11/21/2025","Day shift","High Volume","096651010","C1-04","Blade installed with a gap","1","0.10%","Part number 623763001 metal out of dim 6. Spec 0.8-1mm. Actual 1.74mm.","623763001","YONGFENG","LINE 4.png","Feedback to SQE improvement","11/21/2025","Closed","SQE","Material issue","Metal",
"11/21/2025","Day shift","High Volume"," 096946001","C1-27","The Product not working","1","0.10%","PCBA signal pin is not connected.","282047013","DS","946.png","Feedback to SQE improvement","11/21/2025","Closed","SQE","Material issue","PCBA",
"11/21/2025","Night shift","High Volume","096878002","C1-10","Fail test e-ring : Step 7, station 10( WI)","215","24.00%","Material NG dim#4, Spec: 1.05mm-1.15mm/-0, Actual: 0.97mm","623530001-02","DONGGUAN JUNDA","48.png","Respond SQE to call supplier for sorting part ok and improve","11/22/2025","Open","SQE","Material issue","Metal",
"11/21/2025","Night shift","High Mix","030319004","C2-013","Tool run intermittently due to carbon brush loose.","30","15.00%","The housing NG #dim18, spec 3.85-3.95, actual: 3.84mm -> the screw cannot fix carbon brush after fastening","526035005-01","MING SHING (HONG KONG) COMPANY LIMITED","Screenshot 2025-11-22 064214.png","supplier sorting material to resume line, inform to MQA-SQE team to work with supplier to prevent this issue","12/6/2025","Keep monitoring","SQE","Material issue","Plastic",
"11/21/2025","Day shift","High Mix","011211019","C2-014","Can not assembly ring gear with gear case","216","100.00%","100% gear case 644411001-02 mold A2 fail dimension #16, spec 10.22-10.42, act 9.53 - 10.09","644411001","HAITHAO","2025-11-21 1.jpg","Feedback SQE to work with supplier for improvement","12/5/2025","Open","SQE","Material issue","Metal",
"11/21/2025","Day shift","High Mix","096812001","C2-023","Tool can not run","1","0.30%","Man issue: assembly wrong gear (bigger than correct gear)","NA","NA","image (8).png","Remind operator to perform follow WI, use correct gear for each layer inside gearbox","11/21/2025","Closed","Prod","Man issue","N/A",
"11/21/2025","Day shift","High Mix","096812001","C2-023","Tool can run, but the oil cannot flow out the tank","3","1.00%","Man issue: poor assembly --> wrong position of steel ball ","NA","NA","image (9).png","Remind leader & operator to perform step by step follow WI ","11/21/2025","Closed","Prod","Man issue","N/A",
"11/21/2025","Day shift","High Mix","095450201","C2-041","The motor mount was broken --> cannot tightent to the tank","1","0.10%","Man issue: poor screwing caused the motor mount broken","NA","NA","image (10).png","Remind leader & operator to perform carefully during screwing motor to the tank","11/21/2025","Closed","Prod","Man issue","N/A",
"11/21/2025","Night shift","High Mix","011362016","C2-001","ANVIL not rotare","5","9.00%","H-handle 698130016-02 fail dim#5, spec 15.55 - 15.65, act 15.26","698130016","ZHEJIANG FORE","2025-11-21 2.jpg","Feedback SQE to wirk with supplier for improvement","11/21/2025","Closed","SQE","Material issue","Metal",
"11/21/2025","Day shift","High Mix","096812001","C2-023","Tool can not run","4","1.30%","Man issue: scrimping wrong position --> the wire was broken","NA","NA","image (11).png","Re-train line leader & operator to perform scrimping carefully follow WI","11/21/2025","Closed","Prod","Man issue","N/A",
"11/21/2025","Day shift","High Mix","011274012","C2-003","Can not assembly","1","0.10%","Material 318790001 fail dim #4, spec: 18.855 - 18.871, act: 18.91","318790001","SHENZHEN YUEHUARUI HARDWARE","2025-11-21 3.jpg","Feedback SQE to inform supplier for improvement.","11/21/2025","Closed","SQE","Material issue","Metal",
"11/21/2025","Day shift","High Mix","095393202","C2-051","The dial wheel is quiet hard to rotate","17","5.70%","Material issue: dim#10 NG (Spec: 10.4 - 10.9mm / Actual: 10.085mm, shorter than good sample)","534110001-03","Hong Nhat ","image (12).png","Sorting material to maintain production line, the NG was pulled CE charge to supplier. And inform SQE to work with supplier Hong Nhat for improvement from next Lot","11/21/2025","Closed","SQE","Material issue","Plastic",
"11/20/2025","Day shift","EEC","130597100","C2-123","BP lost function at FCT tester with failure mode #8","1","0.06%","The copper trace/wire on the PCB had burned because the NTC wire was incorrectly inserted, leading to contact with the soldering iron tip","NA","NA","EOL Nov 20.jpg","Inform IPQC/Leader to retrain the Operator following the WI","11/20/2025","Closed","Prod","Man issue","N/A",
"11/20/2025","Day shift","High Volume","096608001DG9","C1-40"," PCBA failed to flash the firmware","4","1.00%","The issue is caused by a short circuit on the PCBA","282200005-01","DS","Image (42).jpg","SQE contact supplier inprove","11/20/2025","Closed","SQE","Material issue","PCBA",
"11/20/2025","Night shift","High Volume","096202101","C1-36","DIE CASTING not fit fixture","82","14.53%","Material NG dim#34, Spec: 0-0.08/-0, Actual: 0.45mm","647373001-01","HONGKONG ZHONGTONG","46.png","Respond SQE to call supplier for sorting part ok and improve","12/4/2025","Keep monitoring","SQE","Material issue","Metal",
"11/20/2025","Night shift","High Volume","096918002","C1-13","trigger stuck","15","2.70%","- trigger bavia, wire assembly not according to work instructions","537285003-04","Kim Long","47.png","Clear bavia, traning op follow WI","11/21/2025","Closed","Prod","Man issue","N/A",
"11/20/2025","Day shift","High Mix","095743002","C2-047","The access cover of motor's pump was broken","1","0.30%","Man issue: poor operation during pressing the hose clamp to the access cover","NA","NA","Ảnh 1.jpg","Re-train operator to perform step by step follow WI","11/20/2025","Closed","Prod","Man issue","N/A",
"11/20/2025","Day shift","High Mix","011362016","C2-001","Tool can not run","2","1.30%","Man issue: poor soldering caused the soldering shorting on PCBA","NA","NA","Ảnh 2.jpg","Re-train operator to perform soldering carefully, double check the soldering point then color marking on PCBA","11/20/2025","Closed","Prod","Man issue","N/A",
"11/20/2025","Day shift","High Mix","010686006","C2-007","LED no light when tool is running","2","0.30%","Man issue: The LED's wire was broken due to poor wiring inside housing case","NA","NA","Ảnh 5.jpg","Re-train operator to perform wiring process step follow WI","11/20/2025","Closed","Prod","Man issue","N/A",
"11/20/2025","Day shift","High Mix","010686006","C2-007","Tool can run but cannot change the mode","1","0.10%","Man issue: poor wiring the wire was broken, cannot change the mode","NA","NA","Ảnh 6.jpg","Re-train operator to perform carefully follow WI","11/20/2025","Closed","Prod","Man issue","N/A",
"11/19/2025","Day shift","EEC","130597291","C2-088","Performance testing found defect mode #8, pack lost function","1","0.10%","Workmanship issue: welding strap wasn't inserted into PCBA slot","N/A","N/A","NG.png","Inform line leader/IPQC to follow and training for operator","11/19/2025","Closed","Prod","Man issue",,
"11/19/2025","Day shift","High Mix","095835104","C2-043","The seal ring is difficult to insert into the groove.","20","15.00%","The part failed at dim#3, spec: 0.75-0.85mm actual: 0.49mm ","533088002-4","REDSUN INDUSTRIAL CO., LIMITED","image2.png","SQE requires the supplier to implement corrective improvements.","11/21/2025","Keep monitoring","SQE","Material issue","Metal",
"11/19/2025","Day shift","High Volume","011383011","C1-51","fail RPM","1","0.10%","Resistance failure switch","270016282-01","Weida","Image (40).jpg","SQE contact supplier inprove","11/19/2025","Closed","SQE","Material issue","PCBA",
"11/19/2025","Day shift","High Volume","096893002","C1-22","Slow trigger release phenomenon","2","0.20%","Improper handling by the worker led to spring distortion.",,,"Image (41).jpg",,"11/19/2025","Closed","Prod","Man issue","Metal",
"11/19/2025","Day shift","High Mix","095396302","C2-023","The tool operates with abnormal noise.","7","4.00%","The planetary gear cannot be fitted onto the shaft.","-","-","Image8.jpg","Retrain the operators to adhere to the WI and carefully check before transferring to the next step ","11/19/2025","Closed","Prod","Man issue","N/A",
"11/19/2025","Night shift","High Mix","011243014","C2-054","Tool cannot run ","1","1.00%","The solder joint pressed against and severed the wire.","-","-","Image9.jpg","Retrain the operators to adhere to the WI and carefully check before transferring to the next step ","11/20/2025","Closed","Prod","Man issue","N/A",
"11/19/2025","Day shift","High Mix","096892004","C2-051","The P/N fits loosely with the screw.","48","15.00%","The P/N failed at dim#9, spec: 12.7-12.95mm, actual: 12.98mm","532521001","MING SHING (HONG KONG) COMPANY LIMITED","image3.png","SQE requires the supplier to implement corrective actions and improvements.","11/24/2025","Keep monitoring","SQE","Material issue","Plastic",
"11/19/2025","Day shift","High Mix","313113021","C2-111","The screw cannot fully engage the threads in the hole.","120","35.00%","Out of spec: Even when applying 4 kgf·cm of torque, the screw cannot fully engage through the threaded hole.","533010001","MING HAO INDUSTRIAL LIMITED","image10.jpg","SQE requires the supplier to implement corrective actions and improvements, 8D report","11/26/2025","Keep monitoring","SQE","Material issue","Plastic",
"11/19/2025","Night shift","High Volume","096893002","C1-22","Bump head is difficult to rotate","100%","100.00%","The part failed at dim#4, spec: 74.8-75.2mm actual: 75.51mm ","530455002-12","Mingshing","45.png","Respond SQE to call supplier for sorting part ok and improve","11/20/2025","Open","SQE","Material issue","Plastic",
"11/18/2025","Day shift","EEC","130597197","C2-087","PCBAs are damaged, short circuit","2","0.20%","The soldering machine is operating abnormally leading to solder tip impact PCB and components","N/A","N/A","des8.png","Inform PM to check and adjust machine. Continue follow 30 more pieces until machine stable then release the line","11/18/2025","Closed","PM","Machine issue",,
"11/18/2025","Day shift","High Mix","030369004","C2-012","Product cannot work","1","1.00%","The mistake during insert wire into slot on housing, the wiring tool impact to the switch then make  it damaged","N/A","N/A","Screenshot 2025-11-18 164504.png","Inform Leader to retrain the operator to follow the WI correctly, separate NG products from the line, and review the process.","11/18/2025","Closed","Prod","Man issue","N/A",
"11/18/2025","Night shift","High Volume","011232016","C1-55","Led not lit","1","0.10%","wrong polarity power connection","281310006-02","Long Good","Image - 2025-11-19T061816.521.jpg","Respond SQE to call supplier improve","11/19/2025","Closed","SQE","Material issue","PCBA",
"11/18/2025","Day shift","High Mix","096753201","C2-047","The tool is malfunctioning","1","1.00%","A plastic part is missing during assembly","-","-","1000016497.jpg","Retrain workers to follow the WI","11/19/2025","Closed","Prod","Man issue",,
"11/18/2025","Day shift","High Mix","095364307","C1-41​","Trigger stuck and tool can not run​","20","6.00%","Failed 3D drawing angle feature.","525492001-04​","Red sun","image (1).png","The SQE requests the supplier to implement corrective improvements.","11/20/2025","Keep monitoring","SQE","Material issue","Plastic",
"11/18/2025","Day shift","High Mix","095809304","C2-043","Tool cannot run ","2","2.00%","Improper seating during assembly caused breakage of the PCBA component.","-","-","image7.jpg","Retrain workers to follow the WI ","11/18/2025","Closed","Prod","Man issue","N/A",
"11/18/2025","Day shift","High Mix","095875301","C2-021","Tool run with high current","10","10.00%","The carrier fail dim #11, spec 4.0 - 4.1, act: 3.87 lead to the pin friction with brush -> high current","622843005","Junda","2025-11-18 1.jpg","Supplier sort material to keep line run. Feedback SQE to work with supplier for improvement.","11/18/2025","Keep monitoring","SQE","Material issue","Metal",
"11/18/2025","Day shift","High Volume","096608001DG9","C1-40","The Product Not Working","1","0.10%","The PCBA board has no 3.3V voltage at the signal pin.","282200005","DS","608 3v3.png","Feedback to SQE improvement","11/19/2025","Closed","SQE","Material issue","PCBA",
"11/17/2025","Day shift","High Volume","095633301","C1-09","The gear cannot fit","1","0.10%","The shaft failed the dimension check (dim 8)","622843007-01","Junda","Image (39).jpg","SQE contact supplier inprove","11/17/2025","Closed","SQE","Material issue","Metal",
"11/17/2025","Day shift","High Volume","054196096","C1-56","The gift box is dented","5","0.10%","The gift box failed the weight check. Spec 714.6g-873.4g. Actual 690g","910006628","Yuto","PKK.png","Feedback to SQE improvement","11/17/2025","Closed","SQE","Material issue","Packing",
"11/17/2025","Day shift","High Volume","095606319","C1-41","The motor is not working.","1","0.10%","The power source and the motor brushes have poor contact.","230403007","KangPing","411.png","Feedback to SQE improvement","11/17/2025","Closed","SQE","Material issue","Motor",
"11/17/2025","Day shift","High Mix","011203011","C2-003","The P/N has scratches","1","0.50%","The supplier will check for errors caused by handling, transportation, or packaging.","644456001","WEIDA (VIETNAM) MANUFACTURING CO.,LTD","Phương tiện truyền thông3.jpg","SQE requests the supplier to make improvements.","11/18/2025","Closed","SQE","Material issue","Metal",
"11/17/2025","Night shift","High Volume","095711001","C1-10","Screw doesn't go through all travel distance and magnet of motor is broken when shooting ","3","4.00%","Gearbox base part fail at #DIM 57","545209001-01","Chaojun","truong17.png","Feedback to SQE Team to work with supplier to improve this issue to do not repeat","11/18/2025","Closed","SQE","Material issue","Plastic",
"11/17/2025","Day shift","High Mix","096727027","C2-051","The test current is too low. Requirement: 1–7 A; Measured: 0.4 A.","1","1.00%","The connector pin is bent.","-","-","Phương tiện truyền thông4.jpg","Retrain the operators to adhere to the WI and carefully check before transferring to the next step ","11/17/2025","Closed","Prod","Man issue","N/A",
"11/17/2025","Day shift","High Mix","095450101","C2-041","Tool high current","1","0.20%","The rotor terminals are interconnected.","316620001","Foong","2025-11-17 1.jpg","Feedback SQE to work with supplier for improvement","11/17/2025","Closed","SQE","Material issue","Motor",
"11/17/2025","Day shift","High Mix","011243014","C2-054","Can not tighten screw","6","1.00%","The output shaft fail dim #3, spec M4x0.7, act: GO gauge can not go","622916003","Fuji Seiko","2025-11-17 2.jpg","Feedback SQE to work with supplier for improvement","11/18/2025","Closed","SQE","Material issue","Metal",
"11/17/2025","Day shift","High Mix","313113021","C2-111","The laser light not even","33","33.00%","Len 543002001 fail technical of parameter: When the laser through the lens, the laser light must be even and the laser line thickness: <8mm@5m","543002001 ","FOSHAN SHUNDE AOQUN ELECTRIC APPLIANCES MANUFACTURING CO., LTD.","2025-11-17 3.jpg","Feedback SQE to work with supplier for improvement","12/2/2025","Closed","SQE","Material issue","Plastic",
"11/17/2025","Day shift","High Mix","313113021","C2-111","The laser line high than spec","2","0.50%","Worker was tighten screw to fix the laser.","N/A","N/A","2025-11-17 4.jpg","Feedback leader to training operator.","11/17/2025","Closed","Prod","Man issue","N/A",
"11/16/2025","Night shift","High Mix","030383007","C2-055","The switch stuck when shooting the nail","1","0.20%","DIE CASTING,TOOL BODY NG #dim35, Spec: 16.60-16.75mm, actual: 16.00mm","642830001","SHUNDA MOLD (VIETNAM) COMPANY LIMITED","Screenshot 2025-11-16 012106.png","pull CE, single case, inform SQE to note this issue for the improvement","11/16/2025","Closed","SQE","Material issue","Metal",
"11/16/2025","Day shift","High Mix","010929007","C2-001","Tool cannot run ","4","2.00%","Solder bridging between the two pins.","-","-","Phương tiện truyền thông.jpg","Retrain the operators to adhere to the WI and carefully check before transferring to the next step ","11/16/2025","Closed","Prod","Man issue","N/A",
"11/16/2025","Day shift","High Mix","095450101","C2-041","Tool cannot run ","1","0.50%","The crimped terminal was pressed onto the plastic insulation of the wire, resulting in poor electrical contact.","-","-","Phương tiện truyền thông1.jpg","Retrain the operation to adhere to the WI and  carefully check before transferring to the next step ","11/16/2025","Closed","Prod","Man issue","N/A",
"11/16/2025","Day shift","High Mix","010929007","C2-001","Tool cannot run ","1","0.50%","The MOSFET is mechanically damaged (impacted).","-","-","Phương tiện truyền thông2.jpg","Retrain the operators to adhere to the WI and carefully check before transferring to the next step ","11/16/2025","Closed","Prod","Man issue","N/A",
"11/16/2025","Night shift","High Volume","095793002","C1-07","The drawstring slipped off the electric wire when pulling the electric wire to tighten the screw.","10","16.00%","Plastic block to prevent wire scratches is small hole so when we pull the electric wire  the drawstring is slipped",,,"truong16.png",,"11/17/2025","Closed","Prod/PM","Machine issue","Plastic",
"11/16/2025","Night shift","EEC","130597243","C2-090","PCBA Damaged at Auto soldering station","1","0.06%","Machine error (Position)","280109586","TOP-TEK","EOL Nov 17.png","Request PM to correct the welding position","11/16/2025","Closed","PM","Machine issue","PCBA",
"11/15/2025","Day shift","EEC","130597197","C2-086","Battery Pack not working, trace on PCB was burnt, poor soldering","2","0.20%","Solder wire was misalignment leading to short circuit and damaged PCBA","N/A","N/A","descri.png","Inform PM to check and adjust machine. ","11/15/2025","Closed","PM","Machine issue",,
"11/15/2025","Night shift","High Volume","159232010","C1-49","damaged threaded hole","15","1.50%","screw hole plastic extrusion","370406004-01","Mingshing","44.png","Respond SQE to call supplier for sorting part ok and improve","11/16/2025","Closed","SQE","Material issue","Plastic",
"11/14/2025","Day shift","EEC","130597196","C2-084","Poor soldering due to excess glue on the PCBA's strap","2","0.13%","Excess glue on the soldering area of negative strap led to insufficient solder > Incoming material","280109536","LONGOOD","EOL 14 Nov.png","Trigger SQE to ask Supplier for the improvement","11/21/2025","Open","SQE","Material issue","PCBA",
"11/14/2025","Day shift","High Volume","096764001DG9","C1-32","The blow tube does not fit into the groove ","20","5.00%","The Plastic blow tube P/N 552863001-01 DIM #13, #14 , #15, #19 out of spec ","55286300","Toan Thai Hung","55286300.png","SQE work with supplier to improve plastic blow tube","12/14/2025","Closed","SQE","Material issue","Plastic",
"11/14/2025","Day shift","High Volume","096918002","C1-13"," The blow tube does not fit into the groove","25","5.00%","The Plastic blow tube P/N 552863001-01 DIM #13, #14 , #15, #19 out of spec","55286300","Toan Thai Hung","552863001.png","SQE work with supplier to improve plastic blow tube","12/14/2025","Closed","SQE","Material issue","Plastic",
"11/14/2025","Day shift","High Volume","095501201","C1-26","fail balance (spec >0.04 ","5","10.00%","Plastic part failed perpendicularity (dim 6)","525555001-01","Mingsing","Image (38).jpg","SQE contact supplier improve ","11/14/2025","Keep monitoring","SQE","Material issue","Plastic",
"11/14/2025","Day shift","High Mix","030227005","C2-013","EOL detect the product cannot run","1","1.90%","The core in side wire has been broken, checked by X-ray","730337092","FU YUAN VN CO.,LTD","Screenshot 2025-11-14 182940.png","Inform SQE to have the supplier sort the materials for the line to continue running and improve the next lot.","11/14/2025","Closed","SQE","Material issue","Switch",
"11/14/2025","Day shift","High Volume","096887002","C1-43","The screw inserted into the driving gear is recessed","10","1.00%","Part number 541916001 dim 8 and dim 15 out of spec","541916001","MS","887.png","Feedback to SQE improvement","11/14/2025","Closed","SQE","Material issue","Plastic",
"11/14/2025","Day shift","High Volume","095632301","C1-10","The product not working","3","0.10%","The PCBA control signal cable has a poor connection to the motor.","292257002","TOPBAND","632.png","Feedback to SQE Improvement","11/14/2025","Closed","SQE","Material issue","Motor",
"11/14/2025","Night shift","High Volume","743039004","C1-70","Screw hole smaller than OK part's hole","1","0.10%","Part's hole fail #DIM 1 ","647119002-03","Zhengbo","truong15.png","Feedback to SQE Team to work with supplier to improve this issue to do not repeat","11/15/2025","Closed","SQE","Material issue","Metal",
"11/14/2025","Day shift","High Mix","095443001","C2-045","The P/N is misaligned with the screw hole on the fixture during assembly.","43","91.00%","Motor failed at dimensions #23 and #25. Specifically:  Dimension #23: spec 20–31 mm, actual 12.84 mm.  Dimension #25: spec 60 mm max, actual 74.66 mm.","742440006","KANGPING TECHNOLOGY (VIETNAM)CO.,LTD","photo_2025-11-15_07-41-11.jpg","SQE requests the supplier to make improvements","12/1/2025","Closed","SQE","Material issue","Motor",
"11/14/2025","Day shift","High Mix","011155039","C2-028","The tool is jammed due to torque.","51","4.50%","The warehouse issued the wrong material.","N/A","N/A","photo_2025-11-15_07-52-48.jpg","WH exchange correct material to resume the line.","11/14/2025","Closed","WH","Man issue","N/A",
"11/14/2025","Day shift","High Mix","096776010","C2-023","Tool cannot run ","1","1.00%","The connector was inserted misaligned.","-","-","photo_2025-11-15_07-56-49.jpg","Retrain the operators to adhere to the WI ","11/14/2025","Closed","Prod","Man issue","N/A",
"11/14/2025","Day shift","High Mix","095817304","C2-043","The housing is not fully closed.","120","41.00%","The housing is deformed after the overmolding process.","525346004-02, 525347006-02","CHAOJUN PRECISION VIETNAM COMPANY LIMITED","photo_2025-11-15_08-18-12.jpg","SQE requests the supplier to make improvements ","11/20/2025","Closed","SQE","Material issue","Plastic",
"11/14/2025","Night shift","High Mix","095809304","C2-043","Hardly assembly with housing","2","0.20%","Material 525370001 bigger than spec, dim 6 3.05 - 3.15, act: 3.29","525370001 ","Kim Diep","2025-11-14 2.jpg","Feedback supplier seperate NG material, SQE work with supplier to improvement","11/14/2025","Closed","SQE","Material issue","Plastic",
"11/14/2025","Night shift","High Mix","161032004","C2-171","Button stuck","40","4.00%","Material 535509001 has burr","535509001 ","Redsun","2025-11-14 3.jpg","Supplier sorting to provide good material to resume line. SQE will work with supplier to improve.","11/14/2025","Closed","SQE","Material issue","Plastic",
"11/14/2025","Day shift","High Mix","095364312","C2-025","Tool run abnotmal","1","0.10%","Poor solder in the motor brush","742065002","Junba","2025-11-14 4.jpg","Feed back SQE to work with supplier for improvement","11/14/2025","Closed","SQE","Material issue","Motor",
"11/14/2025","Day shift","High Mix","096531301","C2-021","Can not assembly","3","0.30%","Material 622738001 fail dim#5 spec 8.80 - 8.90, act 8.96 and #12 spec 9.995 - 10.008, act 10.232","622738001 ","Bach Tung","2025-11-14 5.jpg","SQE will work with supplier for improvement","11/14/2025","Closed","SQE","Material issue","Metal",
"11/13/2025","Day shift","EEC","130597243","C2-117","Indicator LED didn't lights up when press fuel gauge button","1","0.06%","Fuel gauge button contact problem > Incoming material","280109586","TOPTEK","EOL 13 Nov.png","SQE continue follow up to push supplier for the improvement as this is repeated issue.","11/20/2025","Open","SQE","Material issue","PCBA",
"11/13/2025","Day shift","High Volume","096918002","C1-13","Battery clip does not align with the tool","30","100.00%","Plastic part failed at dimensions 11 and 18","552864001-01","TTH","Image (37).jpg","SQE contact supplier improve","11/13/2025","Open","SQE","Material issue","Plastic",
"11/13/2025","Day shift","High Mix","030198006","C2-012","The product with abnormal noise was detected at the EOL station.","1","1.60%","Due to missing rubber  at the previous station, the stator rubbed against the rotor, causing abnormal noise.","N/A","N/A","Screenshot 2025-11-13 181836.png","Line leader remind this operator. Reinforce 5S at the station to avoid mixing WIP and dropping rubber after assembly","11/13/2025","Closed","Prod","Man issue","N/A",
"11/13/2025","Day shift","High Volume","095606409","C1-41","The product’s start switch does not operate smoothly.","30","2.00%","Part number 525492001(Part Deform) not good Dim 6 and Dim 3D compared to the drawing.","525492001","Redsun","image (1)1.jpg","Feedback to SQE improvement","12/13/2025","Closed","SQE","Material issue","Plastic",
"11/13/2025","Day shift","High Volume","095784301","C1-06","The product’s start switch does not operate smoothly.","20","2.00%","Part number 525492001(Part Deform) not good Dim 6 and Dim 3D compared to the drawing.","525492001","Redsun","image (1)2.jpg"," Feedback to SQE improvement","12/13/2025","Closed","SQE","Material issue","Plastic",
"11/13/2025","Day shift","High Volume","095712001","C1-34","The screw boss is cracked after screw tightening.","25","2.00%"," Part Number 532004004 Not Good Dim 40","532004004","MS","7121.png","Feedback to SQE for improvement.","12/13/2025","Closed","SQE","Material issue","Plastic",
"11/13/2025","Night shift","High Mix","001597541","C2-056","The clamshell is deformed after the P13.3 test LED process","3","0.60%","The checking gauge too sharp, impact to the clamshell surface","N/A","N/A","Screenshot 2025-11-14 042014.png","Contact PM fix the tool","11/13/2025","Closed","PM","Machine issue","N/A",
"11/13/2025","Day shift","High Mix","010929007","C2-001","The P/N is difficult to assemble with the other P/N.","1","0.50%","The P/N has burrs","643992001","VIET NAM HAI THAO MACHINERY COMPANY LIMITED","photo_2025-11-14_04-33-32.jpg","SQE requests the supplier for the improvement","11/13/2025","Closed","SQE","Material issue","Metal",
"11/13/2025","Night shift","High Volume","095606317","C1-01","screw into the housing cracked","24","2.00%","plastic extrusion screw hole","311202001-05","Kim Diep","42.png","Respond SQE to call supplier for sorting part ok and improve","11/13/2025","Closed","SQE","Material issue","Plastic",
"11/13/2025","Day shift","High Mix","316292006","C2-016","The P/N is difficult to assemble with the other P/N. ","1","1.00%","The P/N failed dim #15, spec: 9.7-9.9mm, actual: 8.31mm ","698929001","SHENZHEN YUEHUARUI HARDWARE PRODUCTS CO., LTD","photo_2025-11-14_04-40-21.jpg","SQE requests the supplier for the improvement","11/13/2025","Closed","SQE","Material issue","Metal",
"11/13/2025","Night shift","High Volume","011383011","C1-51","OUTPUT SHAFT cann't into gear box","8","0.60%","Part OUTPUT SHAFT fail dim 13","621676003-01","Jun Jam","43.png","Respond SQE to call supplier for sorting part ok and improve","11/14/2025","Closed","SQE","Material issue","Metal",
"11/13/2025","Day shift","High Mix","095443001","C2-043","The P/N disengages when assembled with the other P/N.","3","2.00%","The P/N failed at dim #2, spec: 31.25-31.35mm. Actual: 32.1231mm","639161001","SUN LUEN (H.K.) METAL MANUFACTORY CO., LTD.","photo_2025-11-14_04-58-17.jpg","SQE requests the supplier to make improvements","11/14/2025","Closed","SQE","Material issue","Metal",
"11/13/2025","Night shift","High Volume","743039004","C1-70","Motor is stiff when rotating","1","0.10%","Front endbell part is eccentric so when we assemble it  into the motor, the bearings keep motor shaft is eccentric that is the reason","647119002-03","Zhengbo","truong14.png","feedback to SQE team to work with supplier to improve this part to this issues not repeat","11/14/2025","Closed","SQE","Material issue","Motor",
"11/12/2025","Night shift","High Volume","095711001","C1-11","Guard does not fit the housing","20","8.00%","Part GUARD fail dim 10","545198002-02","Minh Viet","41.png","Respond SQE to call supplier for sorting part ok and improve","11/13/2025","Closed","SQE","Material issue","Plastic",
"11/12/2025","Day shift","High Mix","096866001","C2-051","Tool cannot run ","2","1.00%","The connector pin is bent.","-","-","photo_2025-11-12_11-57-02.jpg","Retrain the operators to adhere to the WI and carefully check before transferring next step ","11/12/2025","Closed","Prod","Man issue","N/A",
"11/12/2025","Day shift","High Mix","030169026","C2-013","Tool cannot run","5","11.60%","Excess glue on the PCBA -> PCBA's terminal and power cord cannot connect well -> Tool cannot run","280024006","H&T INTELLIGENT CONTROL (BINH DUONG) COMPANY LIMITED","Screenshot 2025-11-12 171649.png","Arrange sorting material to maintain production line. SQE inform supplier for the improvement","11/12/2025","Keep monitoring","SQE","Material issue","PCBA",
"11/12/2025","Night shift","High Mix","011328013","C2-013","Tool no run, LED no light","1","0.10%","Signal wire touch with diecasting => PCBA go to protect mode","N/A","N/A","2025-11-12 1.jpg","Feedback leader to re-training operator.","11/12/2025","Closed","Prod","Man issue","PCBA",
"11/12/2025","Night shift","High Mix","905396201","C2-047","Press double pinion","1","0.10%","5S not good, operator put pressed motor into raw tray and press again","N/A","N/A","2025-11-12 21.jpg","Feedback leader training operoter","11/12/2025","Closed","Prod","Man issue","Motor",
"11/12/2025","Night shift","High Mix","095646004","C2-047","Tool no run","1","0.20%","The connector was not completely insert together","N/A","N/A","2025-11-13 1.jpg","Feedback leader training operoter","11/12/2025","Closed","Prod","Man issue","N/A",
"11/12/2025","Day shift","High Mix","319665002DG9","C1-32","Assembly has gaps","50","100.00%","Plastic part failed at dimensions 29 and 32","547856001-01","Mingsing","Image (36).jpg","SQE contact sup improve","11/12/2025","Open","SQE","Material issue","Plastic",
"11/11/2025","Day shift","High Volume","095251202","C1-37","Pressing the pinion into the motor do not go down. There is burr after pressing.","20","1.00%","Part number 613216001 NG Dim 2,15,16","613216001","YUYAO","251.png","Part number 613216001 NG Dim 2,15,16. Feedback to SQE: material handling was not good. ","10/12/2025","Closed","SQE","Material issue","Metal",
"11/11/2025","Day shift","EEC","130597197","C2-086","Fail FCT test","1","0.06%","soldering iron misaligned > short circuit from 18V to RL1 (MCU U6)","280109537","LONGOOD","EOL1.png","PM adjust welding position","11/11/2025","Closed","PM","Machine issue","N/A",
"11/11/2025","Day shift","High Mix","316292006","C2-016","The P/N cannot be assembled ","1","1.00%","Material failed dim#15, spec: 9.7-9.9mmm, act: 8.31mm ","698929001","SHENZHEN YUEHUARUI HARDWARE PRODUCTS CO., LTD","photo_2025-11-11_17-21-22.jpg","SQE request supplier for improvement","11/11/2025","Closed","SQE","Material issue","Metal",
"11/11/2025","Day shift","High Mix","030243009","C2-012","EOL detected a product run abnormal","2","3.00%","The magnetic wire scratched during assembly","N/A","N/A","Screenshot 2025-11-11 171715.png","Reinforce 5S at motor assembly station. Ask the line arrange rotor inside original box from supplier to avoid scratching","11/7/2025","Closed","Prod","Man issue","N/A",
"11/11/2025","Day shift","High Mix","011202012","C2-008","The P/N cannot be assembled to the unit","7","6.00%","The P/N has burrs","698234007","Manh Quang Mechanics Company Limited","photo_2025-11-11_17-30-57.jpg","SQE requests supplier for improvements","11/11/2025","Closed","SQE","Material issue","Metal",
"11/11/2025","Day shift","High Volume","095805303","C1-22","The product has high current.","5","1.00%","Part Number 611906001 NG Dim 13, Dim 14. After stamping, burrs are created, causing the dimensions to be out of specification. Together with plastic part 311065002 NG Dim 28.","611906001","PU ZHOU (VIETNAM) METAL PRODUCTS CO., LTD","805.png","Feedback to SQE for improvement.","11/11/2025","Closed","SQE","Material issue","Metal",
"11/11/2025","Day shift","High Volume","095805303","C1-22","High current out of specification","10","5.00%","Gearbox missing plastic","311065002-03","jin he","Image (35).jpg","SQE contact supplier improve ","11/11/2025","Keep monitoring","SQE","Material issue","Plastic",
"11/11/2025","Day shift","High Volume","095654002","C1-45","Lock Ring could not fit into the pipe’s hole so the button to rotate handle can not lock","2","0.10%","Part number 698938001-01. Upper tube Fail Dim 26","698938001","Yu Xin","654.png","Feedback to SQE for improvement.","11/11/2025","Closed","SQE","Material issue","Metal",
"11/11/2025","Day shift","High Mix","095923311DG9","C2-043","Hard to insert the motor with plastic holder to housing case","10","3.00%","Material issue: the plastic holder failed dimension #13. Spec: 59.35-59.50mm / Actual: 59.81mm => bigger than spec","525370001","Kim Diep Vietnam","image (2).png","Request SQE sorting to maintain production line. The NG of plastic holder will pull CE => charge cost to supplier","11/11/2025","Closed","SQE","Material issue","Plastic",
"11/11/2025","Day shift","High Mix","095353201","C2-051","NG appearance: the AEG BOOM CLAMP AEXT1 paint coated was peeled off => Quality reject","7","2.50%","Material issue: found raw material AEG BOOM CLAMP AEXT1 NG appearance: paint coated peel off","644639001","NINGBO BEILUN","image (3)1.png","Request SQE sorting to maintain production line. The NG will pull CE, charge cost to supplier","11/11/2025","Closed","SQE","Material issue","Metal",
"11/11/2025","Night shift","High Volume","095606409","C1-41","Stuck trigger","12","1.42%","Part LOCK OUT TRIGGER fail dim 6","525492001-04","HONG NHAT","40.png","Respond SQE to call supplier for sorting TRIGGER ok and improve","11/12/2025","Closed","SQE","Material issue","Plastic",
"11/11/2025","Night shift","High Volume","095719306","C1-43","Housings after screw shooting is exposed , if shooting at max thresh force, housings is stripped, issues as above occurs at position number 7 that marking by red color at image","876","100.00%","screw hole is shallow","545904001-01 545905001-01","Mingshing","truong13.png","Call onsite to process this hole, provide OK parts to run the line, and feedback to SQE team to work with supplier to improve this part to this issues not repeat","11/12/2025","Open","SQE","Material issue","Plastic","Kien Minh Truong (VN.RYOBI-PIE)"
"11/11/2025","Night shift","High Mix","030169026","C2-013","The output shaft is stuck","2","0.60%","Output shaft NG#dim3*, Spec: 7.99-8.01mm, actual: 8.1mm","620371001-01","YUHUAN LIANYI MACHINERY CO., LTD.","Screenshot 2025-11-12 052931.png","pull CE, inform to SQE to work with supplier for further improvement","11/11/2025","Closed","SQE","Material issue","Metal",
"11/11/2025","Day shift","High Mix","095923311","C2-043","Hardly assembly","23","4.60%","Material fail dim#10, spec SER 8.05, act <8.04","638994003","Zhiao VN","2025-11-11 1.jpg","Feed back SQE working with supplier to sorting and resume line. SQE will work with supplier to improvement","11/12/2025","Closed","SQE","Material issue","Metal",
"11/11/2025","Day shift","High Mix","095923311","C2-043","Double painting on material => Fail visual inspection","1","3.00%","Raw material fail visual inspection","522911001","Minh Viet","2025-11-11 2.jpg","Feedback the issue to SQE for monitor","11/11/2025","Closed","SQE","Material issue","Plastic",
"11/11/2025","Day shift","High Mix","095923311","C2-007","The part cannot be assembled with the unit","10","3.00%","Plastic holder NG dim#13, spec: 59.35-59.5mm, act: 59.81mm ","525370001","KIM DIEP MTV PRODUCTION TRADE PLASTICS COMPANY LIMITED","image1.png","SQE requests the supplier for the improvement","11/11/2025","Closed","SQE","Material issue","Plastic",
"11/11/2025","Night shift","High Mix","011328013","C2-013","The tool does not light up and does not operate.","20","13.00%","The operator caused a short circuit in the safety wire during assembly.","-","-","Image4.jpg","Retrain the workers to adhere to the WI","11/12/2025","Closed","Prod","Man issue","N/A",
"11/10/2025","Day shift","EEC","130597337","C2-119","PCBA short power after FCT Tester","2","0.20%","Test probe was misalignment led to PT1(3V3) short to PT14(18V)","280109579","LONGOOD","EOL.png","PM replaced new test probe, continue monitoring 15pcs then release machine for production","11/10/2025","Closed","PM","Machine issue","N/A",
"11/10/2025","Day shift","High Mix","011396009","C2-009","Tool cannot run ","2","2.00%","The switch was jammed during housing assembly.","-","-","photo_2025-11-10_14-39-41.jpg","Retrain the operators to follow the correct WI and recheck before moving to the next step.","11/10/2025","Closed","Prod","Man issue","N/A",
"11/10/2025","Day shift","High Mix","011343002","C2-011","The product’s appearance shows exposed electrical wires.","5","2.00%","The operator did not route the wire close to the housing.","-","-","photo_2025-11-10_14-43-16.jpg","Retrain the operators to follow the correct WI and recheck before moving to the next step.","11/10/2025","Closed","Prod","Man issue","N/A",
"11/10/2025","Day shift","High Mix","011343002","C2-011","The PN cannot be assembled ","2","1.00%","The outer diameter of the P/N is out of specification. Spec: 8.9-9.0mm, act: 9.24mm","615819003","KHGEARS VIETNAM COMPANY LIMITED","photo_2025-11-10_14-48-45.jpg","SQE requests the supplier for the improvements.","11/10/2025","Closed","SQE","Material issue","Metal",
"11/10/2025","Day shift","High Mix","030319004","C2-013","EOL station detected a product that caused the power shutdown when connect power cord into power source.","1","2.00%","The wiring operation caused the cable to press against the terminal lug, leading to a short circuit and power shutdown during the power-off function test.","NA","NA","Screenshot 2025-11-10 161800.png","Replace the cable and inform the Line leader to retrain the operator and keep monitoring this station","11/10/2025","Closed","Prod","Man issue",,
"11/10/2025","Day shift","High Volume","095203102","C1-16","The machine no work","1","0.10%","Dimension failure","760034012","Zhejang","Image (34).jpg","Pull CE, informed to SQE team to work with supplier to improve this part to prevent this issue","11/10/2025","Closed","SQE","Material issue","Switch",
"11/10/2025","Night shift","High Volume","011232016","C1-55","stuck trigger","12","2.70%"," PART SWITCH TRIGGER fail dim 21","543413001-03","Mingshing","38.png","Respond SQE to call supplier for sorting trigger ok and improve","11/10/2025","Closed","SQE","Material issue","Plastic",
"11/10/2025","Night shift","High Volume","096946002","C1-43","trimmer operates with loud noises","7","0.85%","Part CONNECTING ROD NG dim4 and deformed (step)","639141003-02","WONDERWARD","39.png","Respond SQE to call supplier for sorting part ok and improve","11/10/2025","Closed","SQE","Material issue","Metal",
"11/10/2025","Night shift","High Mix","095396201","C2-009","Tool cannot run ","1","1.00%","The component is broken","-","-","photo_2025-11-11_17-32-25.jpg","Retrain the operators to adhere to the WI and carefully check before transferring next step","11/11/2025","Closed","Prod","Man issue","N/A",
"11/10/2025","Night shift","High Mix","011396009","C2-014","Tool cannot run ","4","3.00%","The operator missed installing the magnet.","-","-","photo_2025-11-11_17-39-47.jpg","Retrain the operators to adhere to the WI and carefully check before transferring next step","11/11/2025","Closed","Prod","Man issue","N/A",
"11/10/2025","Night shift","High Mix","11396009","C2-014","Tool cannot run","1","1.00%","The motor is jammed.","-","-","photo_2025-11-11_17-41-12.jpg","Retrain the operators to adhere to the WI and carefully check before transferring next step","11/11/2025","Closed","Prod","Man issue","N/A",
"11/10/2025","Night shift","High Mix","095366204","C2-001","Tool cannot run","1","1.00%","The connector pin slipped out.","-","-","photo_2025-11-11_17-47-09.jpg","Retrain the workers to adhere to the WI","11/11/2025","Closed","Prod","Man issue","N/A",
"11/9/2025","Night shift","High Volume","096918002","C1-13","GROUNDING STRAP NG","10","2.00%","Material NG Dim 4","699936001","Regent","xxx.png","pull CE, informed to SQE team to work with supplier to improve this part to prevent this issue","11/9/2025","Closed","SQE","Material issue","Metal",
"11/9/2025","Day shift","High Mix","095364307","C2-025","Unit fail speed test","1","1.90%","Man issue: Soldering the wire in wrong polar","NA","NA","photo_2025-11-09_16-55-33.jpg","Remind leader and operator follow strictly WI","11/9/2025","Closed","Prod","Man issue","N/A",
"11/9/2025","Day shift","High Mix","095403201","C2-041","Unit can not run","2","4.00%","Man issue: Assemble missing stamping plate","NA","NA","photo_2025-11-09_17-01-39.jpg","Remind leader and operator follow strictly WI","11/9/2025","Closed","Prod","Man issue","N/A",
"11/9/2025","Day shift","High Mix","095834201","C2-047","Fail low pressure (Spec: >= 10psi; Actual: ~5.5psi)","3","5.00%","The operator cut the distorted tube, and they did not insert the tube into the Y-type connector completely","N/A","N/A","834-1.jpg","Re-training the operator at assembly station to prevent this issue.","11/9/2025","Closed","Prod","Man issue","N/A",
"11/9/2025","Day shift","High Mix","095834201","C2-047","Tool cannot spray water","1","1.66%","The operator plugged in the wrong tube.","N/A","N/A","834-2.jpg","Re-training the operator at assembly station to prevent this issue.","11/9/2025","Closed","Prod","Man issue","N/A",
"11/9/2025","Day shift","High Mix","095834201","C2-047","The tank leaks air at the air pressure test station.","1","1.66%","The operator assembled a lack of parts","N/A","N/A","834-3.jpg","Re-training the operator at assembly station to prevent this issue.","11/9/2025","Closed","Prod","Man issue","N/A",
"11/9/2025","Night shift","High Mix","030267007","C2-013","Jam button load screwdriver ","1","0.30%","Due to incorrect placement of the ball by the assembly worker at stage C16-C18.","N/A","N/A","Screenshot 2025-11-09 231321.png","Line leader retrain the operator at this station",,"Closed","Prod","Man issue","N/A",
"11/9/2025","Night shift","High Mix","030267007","C2-013","Adjustment knob is stuck","1","0.30%","FEED HOUSING HEAT-TREATMENT specification #dim13(4.65-4.9mm), actual is 3.9mm => out spectificians => NG","636267002-01","SUN LUEN (H.K.) METAL MANUFACTORY CO., LTD.","Screenshot 2025-11-09 232813.png","pull CE, informed to SQE team to work with supplier to improve this part to prevent this issue","11/9/2025","Closed","SQE","Material issue","Metal",
"11/9/2025","Night shift","High Mix","313157003","C2-063","The coiled pin was deformed in stage C02 at the processing","10","1.70%","The coiled pin NG #dim2 critical, specifications: 3.15-3.25mm, actual: 3.34mm","673358001-01","CONG TY TNHH SAN XUAT KIM LOAI CHINH XAC REGENT VIET NAM","Screenshot 2025-11-10 000904.png","pull CE, informed to SQE team to work with supplier to improve this part to prevent this issue","11/9/2025","Closed","SQE","Material issue","Metal",
"11/9/2025","Day shift","High Volume","096764010","C1-10"," The product operates intermittently.","11","1.00%","The signal pin with crimped terminal has poor contact","281335132","DS","Image2.jpg","Pull CE and feedback to SQE","12/7/2025","Closed","SQE","Material issue","PCBA",
"11/9/2025","Day shift","High Volume","096320001DG9","C1-24","The product not working","1","0.10%","Potentiometer with incorrect wiring order","292745001","PYS","850cfm.png","Pull CE And Feedback to SQE","11/9/2025","Closed","SQE","Material issue","PCBA",
"11/8/2025","Night shift","High Mix","030267007","C2-013","Spocket Housing jamming","10","15.60%","NG 2 DIM# 41 #39","591111001&591112001","JINHE ELECTRICAL AND PLASTIC MANUFACTURING COMPANY LIMITED","Screenshot 2025-11-08 120637.png","Report the issue to SQE for sorting and improvement of the material ",,"Keep monitoring","SQE","Material issue","Plastic",
"11/8/2025","Day shift","High Mix","095719203","C1-43","The saw chain blade is rub against the protective cover","10","2.00%","The lam bar failed  dimensions (dim 4)","319739005-01","Oregon Tool","Image (33).jpg","CE and the SQE has contacted the supplier to request corrective actions and improvements","11/8/2025","Closed","SQE","Material issue","Metal",
"11/8/2025","Day shift","High Volume","096918002","C1-13","The product not working","1","0.10%"," signal wires are connected in the wrong order","770564003"," UNISAFETY","6077.png","Pull CE And Feedback To SQE","11/8/2025","Closed","SQE","Material issue","PCBA",
"11/7/2025","Night shift","High Mix","030383007","c2-055","Tool body air leak with 120psi air compressor","1","0.18%","Tool body NG inspection ","642830001","SHUNDA MOLD (VIETNAM) COMPANY LIMITED","Screenshot 2025-11-07 025118.png","Pull CE, informed to SQE team to work with supplier to improve this part to prevent this issue","11/7/2025","Closed","SQE","Material issue","Metal",
"11/7/2025","Day shift","High Mix","030383007","C2-055","The safety latch is jammed.","1","1.25%","NG Dim#17","  637457002","SUN LUEN (H.K.) METAL MANUFACTORY CO., LTD.","6082119985942694884_121.jpg","Replace the new material and contact SQE to improve the next material lot.","11/7/2025","Closed","SQE","Material issue","Metal",
"11/7/2025","Day shift","High Volume","096764001DG9","C1-10","The product operates intermittently. ","6","1.00%","The signal pin with crimped terminal has poor contact","281335132","DS","Image.jpg","Pull Ce and Feedback to SQE","12/7/2025","Closed","SQE","Material issue","PCBA",
"11/7/2025","Day shift","High Volume","096918002","C1-13","The product operates intermittently.","6","1.00%","The signal pin with crimped terminal has poor contact","281335132","DS","Image1.jpg","Pull CE and feedback to SQE","12/7/2025","Closed","SQE","Material issue","PCBA",
"11/7/2025","Day shift","High Volume","096918002","C1-13","The product is operating abnormally.","1","0.10%","The signal cable with crimped terminals has incorrect wire sequencing.","281335132","DS","76444.png","Pull Ce and Feedback to SQE","11/7/2025","Closed","SQE","Material issue","PCBA",
"11/7/2025","Day shift","High Volume","096880001","C1-08","Assembly has a gap","6","10.00%","Housing has burrs","544185002-01","Minh Viet","Image (32).jpg","Supplier sortting","11/7/2025","Keep monitoring","SQE","Material issue","Plastic",
"11/7/2025","Day shift","High Mix","030191008","C2-012","the screws not to be tightened properly.","1","1.53%","The PCB has excessive glue.","280013250","BESTEK ELECTRONICS (Vietnam)","Untitled2.png","Use new material and inform SQE to sort in order to keep the line running and improve the next material lot","11/7/2025","Closed","SQE","Material issue","PCBA",
"11/7/2025","Night shift","High Volume","096764001DG9","C1-10","Low curent","8","1.00%","virtual error detector. machine: 15.16A. reality: 16.75A","NA","NA","37.png","PM fix the machine","11/8/2025","Closed","PM","Machine issue","N/A",
"11/7/2025","Night shift","High Volume","743039001","C1-70","Motor shaft fail dimension","3","0.20%","Motor shaft fail at #DIM 22 in drawing","623361001-01","Bach Tung","truong12.png","Require SQE feedback to supplier to improve to this issue not repeat","11/8/2025","Closed","SQE","Material issue","Metal",
"11/7/2025","Night shift","High Mix","011235019","C2-027","Tool cannot run ","1","1.00%","The coil wire is broken.","-","-","photo_2025-11-07_17-54-03.jpg","Retrain the operators to follow the correct WI and recheck before moving to the next step.","11/7/2025","Closed","Prod","Man issue","N/A",
"11/7/2025","Night shift","High Mix","011235019","C2-027","Tool cannot run ","1","1.00%","The component is broken.","-","-","photo_2025-11-08_08-37-41.jpg","Retrain the operations to adhere to the WI ","11/7/2025","Closed","Prod","Man issue","N/A",
"11/7/2025","Night shift","High Mix","096863001","C2-41","Abnormal noise from tool during operation","94","20.00%","The part (P/N) has a short shot.","544865003","MING HAO INDUSTRIAL LIMITED","photo_2025-11-08_08-40-42.jpg","SQE requests the supplier for the improvement.","11/28/2025","Closed","SQE","Material issue","Plastic",
"11/7/2025","Night shift","High Mix","011264019","C2-002","Tool cannot run ","1","1.00%","Screw fastening into the PCBA.","-","-","photo_2025-11-08_08-45-28.jpg","Retrain the operators to adhere to the WI ","11/7/2025","Closed","Prod","Man issue","N/A",
"11/7/2025","Day shift","High Mix","010686059","C2-007","The tool operates at a single speed level.","3","2.00%","The operator damaged the wire while assembling the housing.","-","-","photo_2025-11-08_08-52-36.jpg","Retrain the operators to adhere to the WI ","11/7/2025","Closed","Prod","Man issue","N/A",
"11/6/2025","Day shift","High Mix","095419202","C2-023","The screw cannot be fully fastened","10","20.00%","Material failed dim #3, spec: 3.15-3.3mm, actual: The 3.15 mm pin gauge does not fit.","536760001","REDSUN INDUSTRIAL CO., LIMITED","photo_2025-11-06_16-43-55.jpg","SQE requests the supplier for the improvement","11/24/2025","Keep monitoring","SQE","Material issue","Plastic",
"11/6/2025","Day shift","High Mix","095396302","C2-051","Tool can not run","1","1.30%","Man issue: Operator assemble missing planet gear","NA","NA","photo_2025-11-06_16-45-351.jpg","Remind leader and operator follow strictly WI","11/6/2025","Closed","Prod","Man issue","N/A",
"11/6/2025","Day shift","High Mix","095396302","C2-051","Tool can not run","2","2.50%","Man issue: Assemble missing magnet","NA","NA","photo_2025-11-06_16-50-48.jpg","Remind leader and OP at this station follow WI strictly","11/6/2025","Closed","Prod","Man issue","N/A",
"11/6/2025","Day shift","High Mix","010945023","C2-008","The P/N cannot be assembled","5","7.00%","The small edge of the bent part has an angle greater than 90 degrees.","659097001-01","SUN LUEN (H.K.) METAL MANUFACTORY CO., LTD.","photo_2025-11-06_16-59-18.jpg","SQE requests the suplier for the improvement","11/6/2025","Closed","SQE","Material issue","Metal",
"11/6/2025","Day shift","High Mix","159309016","C2-028","Cannot screw the bolt into the housing ","100","5.00%","correct code, wrong material ","662456001","YONG FENG HARDWARE (VIETNAM) COMPANY LIMITED","photo_2025-11-06_17-09-43.jpg","SQE requests the suplier for the improvement","11/6/2025","Closed","SQE","Material issue","Metal",
"11/6/2025","Night shift","EEC","130597243","C2-088","FCT Tester detected failed charge current","1","0.01%","NTC wire trapped between PCBA and bottom housing led to NTC being damaged after PCBA screwing","280109586","TOP-TEK","NTC.png","Re-train for the Operator at this station and request IE update WI that mention this point","11/14/2025","Open","Prod","Man issue","PCBA",
"11/6/2025","Night shift","High Volume","096918002","C1-13","cannot upload firmware","2","0.30%","signal wires are connected in the wrong order","770564003-02","UNISAFETY","35.png","Pull CE And Feedback To SQE","11/7/2025","Closed","SQE","Material issue","PCBA",
"11/6/2025","Night shift","High Volume","011383011","C1-51","screw into loose housing","4","0.33%","broken screw feeder,leading to damaged threaded head","N/A","N/A","36.png","PM repair screw feeder","11/6/2025","Closed","PM","Machine issue","N/A",
"11/6/2025","Day shift","High Volume","096915001DG9","C1-06","The gearbox cannot be assembled with the input shaft.","1","1.00%","The gearbox input shaft has an incorrect thread pitch.","308210009","ADVANCE INNOVATION","893.png","Pull CE and feedback to SQE","11/6/2025","Closed","SQE","Material issue","Metal",
"11/6/2025","Day shift","High Volume","095501203","C1-23","The fan blade and motor have mismatched threads","1","0.60%","motor thread gauge failure","742165003-01","Rotong","Image (31).jpg","Reject defective product (CE)","11/6/2025","Closed","SQE","Material issue","Motor",
"11/5/2025","Day shift","High Volume","011232008","C1-55","The motor cannot hold the pinion in place.","1","0.10%","The motor shaft failed the dim","741795002","LS ELECTRIC","232.png","Pull CE And Feedback To SQE","11/6/2025","Closed","SQE","Material issue","Motor",
"11/5/2025","Day shift","High Mix","095419301","C2-023","The motor rotates in reverse","1","0.50%","Wrong wire crimped to the terminal.","292506003","FU YUAN VN COMPANY LIMITED","photo_2025-11-05_16-08-11.jpg","Inform SQE sorting material for production line; SQE work with supplier to improve this defect","11/5/2025","Closed","SQE","Material issue","PCBA",
"11/5/2025","Day shift","High Mix","010929007","C2-011","Tool cannot run ","3","3.00%","Solder bridge between pins","-","-","photo_2025-11-05_16-25-25.jpg","Retrain the operators to adhere to the WI. ","11/5/2025","Closed","Prod","Man issue","PCBA",
"11/5/2025","Day shift","High Mix","010945023","C2-008","The function test failed.","3","2.00%","Broken solder joint","315926003","SYF VIETNAM JOINT STOCK COMPANY","photo_2025-11-05_16-38-00.jpg","SQE requests the supplier for the improvement","12/1/2025","Closed","SQE","Material issue","Metal",
"11/5/2025","Day shift","High Volume","095719203","C1-43","Motor fails to rotate due to stiff shaft","1","7.00%","motor no load current fail ","230403005-01","Jinba","Image (29).jpg","SQE contact supplier improve ","11/5/2025","Closed","SQE","Material issue","Motor",
"11/5/2025","Day shift","High Volume","095264103","C1-09","The switch is missing solder.","1","1.00%","Operator missing solder",,,"264.png","Feedback to production supervisors and leaders for improvement.","11/5/2025","Closed","Prod","Man issue","N/A",
"11/5/2025","Night shift","High Mix","030041030","C2-013","EOL detected products were out of speed limit","6","13.00%","The power supply’s maximum capacity of 500 W is insufficient to operate the product within its required power range.","N/A","N/A","5.jpg","Change YF-650 power supply","11/12/2025","Keep monitoring","PM","Machine issue","N/A",
"11/5/2025","Day shift","High Mix","095396302","C2-051","Fail gap 0.3mm between 2 blades","1","0.50%","Material issue: Blade NG dim 25; Spec: 0.5-0.7mm; Actual: 0.22mm","682314001-01","YUYAO YINDA ELECTRIC APPLIANCE CO., LTD","photo_2025-11-05_17-45-20.jpg","Sorting material for production line; SQE work with supplier to improve this part for long term","11/5/2025","Closed","SQE","Material issue","Metal",
"11/5/2025","Day shift","High Mix","095396302","C2-051","Tool have abnormal sound","4","11.00%","Man issue:  Operator assemble planet gear in wrong position","NA","NA","photo_2025-11-05_17-50-54.jpg","Remind leader and operator follow strictly WI","11/5/2025","Closed","Prod","Man issue","N/A",
"11/5/2025","Day shift","EEC","130597197","C2-086","the BP failed during the function test.","2","0.16%","the probe test was stuck, causing it to misconnect with test point #TP9","N/A","N/A","photo_2025-11-06_01-44-33.jpg","informed PM/ME to check and fix the machine at that time in order to resume the line.","11/5/2025","Closed","PM","Machine issue","N/A",
"11/5/2025","Night shift","EEC","130540050","C2-113","the battery pack did not work.","1","0.07%","The strap was not inserted into the slot on the PCBA, causing the PCBA to be misconnected with the battery pack.","N/A","N/A","Screenshot.png","informed the line leader to review and remind OP need to pay more attention at this point.","11/5/2025","Closed","Prod","Man issue","N/A",
"11/5/2025","Night shift","High Mix","030412003","C2-012","Tool not run","1","0.10%","Broken carbon brush","N/A","N/A","Screenshot 2025-11-06 024800.png","Line leader retrain the operator at this station. Reinforce 5S for WIP and material box","11/6/2025","Closed","Prod","Man issue","N/A",
"11/5/2025","Night shift","High Mix","030041030","C-033","Tool run have abnormal speed and vibration","1","2.20%","Broken copper wire in the rotor ","N/A","N/A","6077756934825118932_121.jpg","Line leader retrain the operator at this station, maintain 5S on the working table, separate WIP to avoid touching together","11/6/2025","Closed","Prod","Man issue","N/A",
"11/5/2025","Night shift","EEC","130597246","C2-088","Pack top housing cover gap outspec > 0.4mm","10","5.00%","Top housing has Burr","316702006","GOOD MARK INDUSTRIAL VIETNAM COMPANY LIMITED","content.png","Supplier sorting material to resume line, Inform to SQE team to work with supplier to prevent this issue","11/6/2025","Closed","SQE","Material issue","Plastic",
"11/5/2025","Night shift","EEC","130597284","C2-120","Pack top housing cover stuck with other parts in the assembly process, make battery tower cracked","7","4.00%","pack top housing cover outspec #dim2, spec 26,95 to 27.3, actual: 26.86","541182001","GOOD MARK INDUSTRIAL VIETNAM COMPANY LIMITED","Screenshot 2025-11-06 041538.png","Supplier come to sort material to maintain production. SQE follow up for further improvement","11/6/2025","Closed","SQE","Material issue","Plastic",
"11/5/2025","Night shift","High Mix","030425002","C2-055","Stuck nail inside magazine during shooting nail in the inspection station","4","5.00%","part magazine NG Dim #59","683489002","AMA HOLDINGS INVESTMENT JOINT STOCK COMPANY","Screenshot 2025-11-06 043245.png","pull CE, informed to SQE team to work with supplier to improve this part to prevent this issue","11/6/2025","Closed","SQE","Material issue","Metal",
"11/5/2025","Night shift","High Volume","743039004","C1-70","copper coil be failed resistant values at function testing machine station","3","0.30%","According drawing, each copper coil in each phase have 7 copper wires => In each phase will have 14 wires, in fact, NG part only has 13 wires so it NG. The reason causing this case is because the supplier wiring lack of wire or be twisted","292623003-03","ACE COLOR","truong11.png","Pull CE, and require SQE strong support to work with supplier to improve this case","11/6/2025","Closed","SQE","Material issue","Motor",
"11/5/2025","Night shift","High Volume","096320001DG9","C1-24","Can't shoot Revit into the frame","1","0.18%","PART STEEL TUBE FRAME NG DIM 12","901588009-04","HECHENG","34.png","PULL CE","11/6/2025","Closed","SQE","Material issue","Metal",
"11/5/2025","Night shift","EEC","130597197","C2-116","Screw without stamper proof","20","2.00%","Material issue","662524001","YongFeng","description.jpg","Request sorting material, SQE work with vendor for further analysis. Require FA report once again","11/21/2025","Open","SQE","Material issue","Metal",
"11/4/2025","Day shift","High Mix","096812001","C2-041","Pump oil does not flow out when running at station 4","12","3.50%","Man issue: lack of spring & ball bearing during assembly","N/A","N/A","photo_2025-11-04_08-01-061.jpg","Re-train operator to perform follow WI strictly. The NG can repair by add-in spring & ball bearing agian","11/4/2025","Closed","Prod","Man issue","N/A",
"11/4/2025","Day shift","High Mix","010929007","C2-009","The light is not working","1","1.00%","The wire is cracked","-","-","photo_2025-11-04_15-28-23.jpg","Retrain the operators to adhere to the WI. ","11/4/2025","Closed","Prod","Man issue","N/A",
"11/4/2025","Day shift","High Mix","096866001","C2-051","Tool doesn't run","1","0.43%","Man issue: The operator didn't connect the terminal properly.","N/A","N/A","866.jpg","Remind the operator to ensure that the terminals are connected properly.","11/4/2025","Closed","Prod","Man issue","N/A",
"11/4/2025","Day shift","High Mix","095875005","C2-043","The gear ring cannot be assembled into the gearbox base.","20","3.30%","Material issue: Gearbox base NG dim#18 (Spec: 42.12 - 42.32 (mm); Actual: 41.98mm).","546872001","Fukai VN","875.png","Information to MQA/SQE to arrange on-site supplier for sorting raw material to resume production line and to get improvement next lots.","11/4/2025","Closed","SQE","Material issue","Plastic",
"11/4/2025","Day shift","High Volume","096878001","C1-43","The product is noise","1","1.00%","The gear has an incorrect profile","616118001","HUNAN JINCHENG","8782.png","Pull CE and feedback to SQE","11/4/2025","Closed","SQE","Material issue","Metal",
"11/4/2025","Night shift","High Volume","095719203","C1-43","Chain saw run with abnormal sound","1","0.10%","Bar pitch gauge part process is not yet finish","319739005-01","OREGON TOOL","TRUONG10.png","Require SQE feedback to supplier to improve to this issue not repeat","11/5/2025","Closed","SQE","Material issue","Metal",
"11/3/2025","Night shift","EEC","130597196","C2-083","Abnormal operation of automatic housing machine","15","5.00%","Incoming material NG #dim5","659227001","WONDERWARD TECHNOLOGY (HONG KONG) LIMITED","Screenshot 2025-11-03 005337.png","pull CE, informed to SQE team to work with supplier to improve this part to prevent this issue","11/3/2025","Closed","SQE","Material issue","Metal",
"11/3/2025","Day shift","High Volume","096608001DG9","C1-40","The liner pipe is misaligned with the tube.","10","1.00%","The liner pipe failed Dim 8 Dim 9","522519002","YAO-I","6088.png","Pull CE and feedback to SQE",,"Closed","SQE","Material issue","Plastic",
"11/3/2025","Day shift","High Volume","096764010","C1-08","The motor at the balance test station is generating a loud noise.","1","1.00%","The motor stamping station produced incorrect dimensions.",,,"7644.png"," Feedback ME Improvement",,"Closed","PM","Machine issue","Motor",
"11/3/2025","Day shift","High Mix","096866001","C2-051","Motor was stuck, can not rotate","1","0.25%","Man issue: double pressed 02pcs of bush to motor shaft","N/A","N/A","photo_2025-11-03_23-26-39.jpg","Re-train operator to perform carefully ","11/3/2025","Closed","Prod","Man issue","N/A",
"11/3/2025","Day shift","High Mix","011342005","C2-004","Tool can not run","1","0.25%","Man issue: poor wiring & casing --> electrical component on PCBA broken","N/A","N/A","photo_2025-11-03_23-31-32.jpg","Re-train operator to perform wiring & casing follow WI instructions","11/3/2025","Closed","Prod","Man issue","N/A",
"11/3/2025","Day shift","High Mix","011243014","C2-054","Press switch, tool can not run","1","0.10%","Man issue: missing to insert rubber --> press switch, tool can not run","N/A","N/A","photo_2025-11-03_23-34-41.jpg","Re-train operator to perform follow Wi, re-check WIP before transferring to next station","11/3/2025","Closed","Prod","Man issue","N/A",
"11/3/2025","Day shift","High Mix","095482103","C2-041","Tool can not run","1","0.40%","Man issue: poor wiring & casing --> wires was damaged","N/A","N/A","photo_2025-11-03_23-41-21.jpg","Re-train operator to perform follow WI strictly","11/3/2025","Closed","Prod","Man issue","N/A",
"11/3/2025","Night shift","High Volume","095203102","C1-16","stuck trigger","8","1.42%","Part HANDLE TRIGGER Fail dim 8","539169001-02","Hong Nhat","33.png","Respond SQE to call supplier for sorting part OK, feedback NPI add dim 8 is Major","11/4/2025","Closed","SQE","Material issue","Plastic",
"11/3/2025","Night shift","High Mix","011342001","C2-004","Tool cannot run ","1","1.00%","Damaged component on the PCBA.","282160124","H AND T INTELLIGENT CONTROL (BINH DUONG) COMPANY LIMITED","photo_2025-11-04_10-07-51.jpg","SQE request supplier for improvement","11/4/2025","Closed","SQE","Material issue","N/A",
"11/3/2025","Day shift","High Mix","011254021","C2-001","Tool cannot run ","1","1.00%","The part is assembled misaligned.","-","-","photo_2025-11-04_10-13-22.jpg","Retrain the opertators to adhere to the WI. ","11/3/2025","Closed","Prod","Man issue","N/A",
"11/3/2025","Day shift","High Mix","011308002","C2-005","The pellet is jammed and cannot be ejected.","1","1.00%","Material failed dim #31, spec: 5.18-5.24mm, actual: 4.77mm ","683299001","SHENZHEN YUEHUARUI HARDWARE PRODUCTS CO., LTD","photo_2025-11-04_10-32-04.jpg","SQE requests the supplier for improvement","11/3/2025","Closed","SQE","Material issue","Metal",
"11/2/2025","Night shift","High Mix","095726003","C2-0451","Can not assembly","10","1.00%","Raw material fail dim #10","543748003","FUKAI","2025-11-03 1.jpg","Change to mold A (Ok mold) to use for resume line. Feed back SQE to work with supplier for improvement.","11/2/2025","Closed","SQE","Material issue","Plastic",
"11/2/2025","Night shift","High Mix","095392202","C2-047","Can not assembly","10","1.00%","Raw material has burr => Can not assembly","534212001","Ming Shing","2025-11-03 2.jpg","Feed back SQE to work with supplier for improvement.","11/2/2025","Closed","SQE","Material issue","Plastic",
"11/1/2025","Day shift","High Volume","096887201","C1-38","The motor's gear box be stiff when turning","12","1.33%","Part  CARRIER AND PINS fail at #DIM 9, it taller than OK part so the assembled grearbox be pushed up","614671001-01","Jingding","truong8.png","Require SQE call supplier onsite to sort all of this part, and feedback to supplier to improve to this issue not repeat","11/2/2025","Closed","SQE","Material issue","Metal",
"11/1/2025","Day shift","High Volume","319666001","C1-04","The wrench is slipped out of the goods","1","0.20%"," FRONT HANDLE CAP failed at #DIM 2","541727002-02","Kim Diep","truong9.png","Scrap and require SQE work with supplier to result this issue to do not repeat","11/2/2025","Closed","SQE","Material issue","Plastic",
"11/1/2025","Night shift","EEC","130597284","C2-120","the BP can't be inserted into the top housing due to interference","2","0.16%","the top housing was out of spec at Dim#3 (check by gauge)","316478001","Yuen Fung","photo_2025-11-02_13-04-31.jpg","Ask supplier to sort raw material immediately, and inform the SQE to coordinate with supplier for improvement",,"Closed","SQE","Material issue","Plastic",
"11/1/2025","Night shift","EEC","130615014","c2-133","the Battery could not be charged","1","0.12%","resister R63 was shorted by solder.","N/A","N/A","photo.jpg","informed PM/ME check machine for 5S, replace the soldering tip at that time.","11/1/2025","Closed","PM","Machine issue","PCBA",
"11/1/2025","Night shift","High Mix","011550037","C2-028","The light is not working","1","1.00%","The wire is pinched","-","-","photo_2025-11-04_10-16-21.jpg","Retrain the operators to adhere to the WI and check carefully before next step ","11/1/2025","Closed","Prod","Man issue",,
"10/31/2025","Day shift","High Volume","096700102","C1-04","auto run","5","1.00%","PCBA shorted Vcc + GND","280588003-02","LONG GOOD","321.png","Respond SQE to call supplier for sorting PCBA OK","10/31/2025","Closed","SQE","Material issue","PCBA",
"10/31/2025","Day shift","High Volume","096608001DG9","C1-40","Liner tube after pressing is align and expose out to hole of metal tube","300 pcs","30.00%","Liner tube be deformed with symptom of twist and bend","522519002-13","YAO-I","truong7.png","Require SQE call onsite to sort liner part and working with supplier to improve this part","11/1/2025","Keep monitoring","SQE","Material issue","Plastic",
"10/31/2025","Night shift","High Volume","096878002","C1-43","The product not working","1","0.10%","The PCBA has a short circuit on the signal pin","282111001","DS","8781.png","Pull CE and feedback to SQE",,"Closed","SQE","Material issue","PCBA",
"10/31/2025","Night shift","High Volume","096764001DG9","C1-08","The product not working","1","0.10%","The PCBA has a short circuit on the signal pin","281335132","DS","7641.png","Pull CE and feedback to SQE",,"Closed","SQE","Material issue","PCBA",
"10/31/2025","Night shift","High Volume","096607002","C1-31","The charger light is not on.","3","1.00%","The charger PCBA is missing components and has defective components.","140457007","Honor","311.png","Pull Ce and Feedback to SQE",,"Closed","SQE","Material issue","PCBA",
"10/31/2025","Day shift","High Mix","095504301","C2-043","Housing has burn mark","18","6.00%","Raw material housing has burn mark => Supplier issue","528536001/528537001","LEAD CENTURY","2025-10-31-1.jpg","Feed back SQE to work with supplier for improvement.","11/27/2025","Closed","SQE","Man issue","Plastic",
"10/30/2025","Night shift","High Mix","030412003","C2-012","The material was damaged in step G01 process","10","2.00%","Defective tooling in the stamping machine caused the locating pin to sit too low, resulting in misalignment during operation and leading to NG parts","N/A","N/A","Screenshot 2025-10-30 010948.png","Contact PM fix machine issue and improve machine.","10/30/2025","Closed","PM","Machine issue","N/A",
"10/30/2025","Day shift","High Mix","095681001","C2-045","Can not insert the C-ring","20","5.00%","Material issue: rear axle failed dim #17 (Spec: 24.7-25.1mm / Actual: 22.95mm)","318334001","ZHIAO","photo_2025-10-31_00-32-22.jpg","Sorting raw material to maintain production line, charge to SQE",,"Closed","SQE","Material issue","Metal",
"10/30/2025","Day shift","High Mix","095726003DG9","C2-051","Motor was stuck, can not run","1","0.12%","Man: the black wire not yet wiring to the housing's groove, black wire damaged","N/A","N/A","photo_2025-10-31_00-37-23.jpg","Re-training operator at this process to perform follow WI.","10/30/2025","Closed","Prod","Man issue","N/A",
"10/30/2025","Day shift","High Mix","095270117","C2-043","Tool can not run","3","0.50%","Man: assembly rubber NG","N/A","N/A","photo_2025-10-31_00-42-04.jpg","Re-train operator to perform follow WI. Re-check the rubber again before transfer to next process","10/30/2025","Closed","Prod","Man issue","N/A",
"10/30/2025","Night shift","High Volume","096764001DG9","C1-08","The control LED of the product is not lighting up.","1","0.10%","The PCBA board of LED is missing solder.","281335132","DS","764.png","Pull CE and feedback to SQE",,"Closed","SQE","Material issue","PCBA",
"10/30/2025","Night shift","High Volume","096700103","C1-04","The product not working","1","0.10%","Fake solder joint",,,"7001.png","Feedback to production supervisors and leaders for improvement.",,"Closed","Prod","Man issue","N/A",
"10/30/2025","Night shift","High Volume","096607002","C1-31"," The product cannot upload the firmware.","1","0.10%","The control cable connector was plugged in backwards.",,,"6072.png","Feedback to production supervisors and leaders for improvement.",,"Closed","Prod","Man issue","N/A",
"10/30/2025","Night shift","High Mix","011230020","C2-034","Tool cannot run ","1","1.00%","The motor is misaligned.","-","-","photo_2025-10-31_16-12-59.jpg","Retrain the operators to follow the correct WI and recheck before moving to the next step.","10/30/2025","Closed","Prod","Man issue","N/A",
"10/29/2025","Day shift","High Volume","096712001","C1-01","Pressing the pin into the gear causes the pin to deform","11","3.00%","Part gear burr, fail dim 14","611906001-01","PU ZHOU","31.png","Part gear burr","10/29/2025","Closed","SQE","Material issue","Metal",
"10/29/2025","Night shift","High Mix","030412003","C2-012","Tool not run","1","1.00%","""Broken carbon brush wire","N/A","N/A","Screenshot 2025-10-29 063349.png","Line leader retrain the operator at this station",,"Closed","Prod","Man issue","N/A",
"10/29/2025","Day shift","High Mix","096727027DG9","C2-023","Can not assemble plastic trigger part","25","50.00%","Material issue:  Plastic trigger NG dim 2","544419001-01","Ming Shing","photo_2025-10-29_21-24-12.jpg","Sorting material to resume line; SQE work with supplier to improve this defect","11/4/2025","Open","SQE","Material issue","Plastic",
"10/29/2025","Day shift","High Mix","096727027DG9","c2-023","Can not insert screw to brush cutter guard","30","60.00%","Material issue: Brush cutter guard NG dim 21","544415001-01","Mingshing","photo_2025-10-29_21-27-48.jpg","SQE request SCAR from supplier to improve this defect","11/5/2025","Open","SQE","Material issue","Plastic",
"10/29/2025","Day shift","High Mix","096727027DG9","c2-023","Fasten screw to plastic lower tower not completely","15","40.00%","Material issue: Lower tower NG dim 48","549401001-02","Mingshing","photo_2025-10-29_21-36-33.jpg","Ask SQE provide 8D report from supplier to prevent this issue re occur","11/5/2025","Open","SQE","Material issue","Plastic",
"10/29/2025","Day shift","High Mix","095366205","C2-045","Can not packing unit to master carton","50","100.00%","Material issue:  Master carton NG dimension (141)","921409076-01D","YUTO","photo_2025-10-29_21-40-47.jpg","SQE request SCAR from YUTO to prevent this issue repeat","11/5/2025","Open","SQE","Material issue","Packing",
"10/29/2025","Night shift","High Volume","096607002","C1-31","The bolt for the grass shield won't go down when shot in.","6","1.00%","The bolt hole failed the thread gauge test","552520001","Redsun","6071.png","Pull CE and feedback to SQE",,"Closed","SQE","Material issue","Plastic",
"10/29/2025","Night shift","High Volume","096608001DG9","C1-40","The product is not working.","1","0.10%","The control signal wire is internally broken.","770564004","UNISAFETY","608.png","Pull CE and Feedback to SQE",,"Closed","SQE","Material issue","PCBA",
"10/29/2025","Night shift","High Volume","011252011","C1-53","The product is not working","1","0.10%","The control signal wires are not good. The wiring sequence was incorrect.","282160011","Genbyte","252.png","Pull CE And Feedback to SQE",,"Closed","SQE","Material issue","PCBA",
"10/29/2025","Day shift","EEC","130615001DG9","C2-141","the battery pack did not work.","1","0.10%","the probe test was bent during function test, lead to TP12 being shorted to GND. Causing D4 component damaged.","N/A","N/A","photo_2025-10-30_08-16-05.jpg","informed PM/ME to check and fix the machine in time.",,"Closed","PM","Machine issue","PCBA",
"10/28/2025","Day shift","High Volume","096607001","C1-31","Unable to load firmware","10","1.81%","The signal pin contact point on the machine is unstable","N/A","N/A","Image - 2025-10-28T103415.135.jpg","PE replaces new contact point","10/28/2025","Closed","PM","Machine issue","N/A",
"10/28/2025","Night shift","High Mix","030412003","C2-012","Tool not run","1","1.00%","The operator has not connected the wire to the power switch","N/A","N/A","Screenshot 2025-10-28 061342.png","Contact the line leader to remind the OP to follow the WI.","10/28/2025","Closed","Prod","Man issue","N/A",
"10/28/2025","Day shift","High Mix","002107002","C2-054","The plastic part became loose and was scratched after being pressed with the metal tube.","50","17.10%","Tube 318561001-03 fail dim #2, spec: 16.9 - 17.1, act: 16.76","318561001-03","BRT metal","2025-10-28 -1.jpg","Feed back SQE to work with supplier for improvement.","11/11/2025","Keep monitoring","SQE","Material issue","Metal",
"10/28/2025","Day shift","High Volume","096893002","C1-36","Bump knob hard rotary","120","15.00%","PART BUMP KNOB Fail dim 4 & dim 20 ( CAV F4)","530455002","FUKAI","30.png","Respond SQE to call supplier for sorting part OK","10/29/2025","Keep monitoring","SQE","Material issue","Plastic",
"10/28/2025","Day shift","High Mix","011229004","C2-003","Tool have abnormal noise","10","1.00%","Post cushion 312399003 fail dim #1, spec: 70.35 - 70.60, act: 70.74 => Housing have big gap => The motor vibrates during operation => Abnormal noise","312399003","MING SHING","2025-10-28 -2.jpg","Feed back SQE to work with supplier for improvement.","11/25/2025","Closed","SQE","Material issue","Plastic",
"10/28/2025","Day shift","High Mix","095109108","C2-047","Can not tighten screw","4","0.40%","There are burrs in thread of materia 532523002 => Screw was stuck while go in => Can not tighten","532523002 ","MING SHING","2025-10-28 -3.jpg","Feed back SQE to work with supplier for improvement.","10/29/2025","Closed","SQE","Material issue","Plastic",
"10/28/2025","Day shift","High Mix","011428008","C2-003","The motor cannot run ","1","1.00%","The black phase is lost.","742601012","TOPBAND SMART DONG NAI (VIET NAM) COMPANY LIMITED","photo_2025-10-28_17-19-49.jpg","CE","10/28/2025","Closed","SQE","Material issue","Motor",
"10/28/2025","Day shift","High Mix","011229004","C2-007","The tool cover is loose","10","12.00%","Material failed dim #1, spec: 70.35-70.6mm, actual: 70.74 mm","312399003","MING SHING (HONG KONG) COMPANY LIMITED","photo_2025-10-28_17-32-46.jpg","CE","10/28/2025","Closed","SQE","Material issue","N/A",
"10/28/2025","Day shift","High Mix","095799001","C2-043","The filter loosen while assembly with tank","5","0.50%","Tank 318424001 dail dim #38, spec: 9.9 - 10, act: 10.21","318424001 ","HK HOUHUIYU","2025-10-28 -4.jpg","Feed back SQE to work with supplier for improvement.","10/29/2025","Closed","SQE","Material issue","Plastic",
"10/28/2025","Day shift","High Mix","095366205","C2-045","Diecasting broken after tighten screw, Logo was scratched","10","5.30%","Raw material have crack mask => Tighten with high force => broken. The raw material surface was scratched.","644639001","NINGBO","2025-10-28 -5.jpg","Feed back SQE to work with supplier for improvement.","10/29/2025","Closed","SQE","Material issue","Metal",
"10/28/2025","Day shift","High Mix","096531301","C2-023","Tool have abnormal sound","2","5.00%","Man issue: Operator pressing the gear incompletely and did not check follow WI","NA","NA","photo_2025-10-28_21-26-53.jpg","Remind OP and leader to follow WI strictly","10/28/2025","Closed","Prod","Man issue",,
"10/28/2025","Day shift","High Mix","095466205","C2-045","Boom clamp is broken after fasten screw","10","20.00%","Material issue: Boom clamp is cracked at incoming","642395003","DONGGUAN","photo_2025-10-28_21-36-30.jpg","Sorting material to resume line; SQE request 8D from supplier to improve this defect","11/4/2025","Open","SQE","Material issue","Metal",
"10/28/2025","Day shift","High Mix","095366205","C2-045","The thread of coupler was damaged","10","20.00%"," Method issue: WI require the surface of plastic part lower than the thread but actual should be higher to prevent thread damaged by washer","NA","NA","photo_2025-10-28_21-52-43.jpg","IE update WI to fix this issue","10/28/2025","Closed","MQA/PIE","Method issue",,
"10/28/2025","Night shift","High Volume","096608001DG9","C1-40","The charger light is not on.","2","0.10%","The red LED on the charger is faulty.","140458020","GIGA","Screenshot 2025-10-29 064259.png","Pull CE and feedback to SQE",,"Closed","SQE","Material issue","PCBA",
"10/28/2025","Night shift","High Volume","096852002","C1-06","Gap handle assembly","1","0.40%","The root cause is improper assembly, where the parts did not fit correctly into the housing",,,"Image (28).jpg","OQC hold the products  and production sorted the items","10/28/2025","Closed","Prod","Man issue","Plastic",
"10/27/2025","Night shift","High Mix","030409002","c2-053","Tool run abnomal ","1","1.00%","=> Cylinder tube lacks venting","698735001- 03","YUEQING SHENJIAN","6339267185557048152_121.jpg","pull ce and Scrap, respond to SQE to work with supplier to improve this part to not repeat issue","10/27/2025","Closed","SQE","Material issue","Metal",
"10/27/2025","Day shift","High Volume","096946001","C1-24","Stuck trigger","3","0.48%","Do not insert the wire into the housing groove.","N/A","N/A","28.png","training for OP","10/27/2025","Closed","Prod","Man issue","N/A",
"10/27/2025","Day shift","High Volume","095606203","C1-38","Station 3 - step 4: fail gauge NO GO","202","28.00%","Part Steel tube NG dim 19 ( NO GO)","695761001-03","SHENZEN","29.png","Respond SQE to call supplier for sorting part OK","10/27/2025","Open","SQE","Material issue","Metal",
"10/27/2025","Day shift","EEC","130597176","C2-121","NTC was damaged","3","0.21%","the worker did not stretch the NTC wire before PCBA assembly, as required in the WI.","N/A","N/A","photo_3_2025-10-27_16-30-53.jpg","informed the line leader to remind the OP to follow the WI closely.","10/27/2025","Closed","Prod","Man issue","PCBA",
"10/27/2025","Day shift","EEC","130597184","C2-147","the battery pack failed during the semi-function test","1","0.07%","The battery pack was assembled with reverse polarity.","N/A","N/A","photo_1_2025-10-27_16-30-53.jpg","informed the line leader to remind the OP to follow the WI closely.","10/27/2025","Closed","Prod","Man issue","N/A",
"10/27/2025","Day shift","High Mix"," 150396002","C2-004","The part cannot be assembled","1","1.00%","The part failed dim #6, spec: 7.97-7.98mm, actual: 8.14mm","625007001","JUNENG TECHNOLOGY (VIETNAM) COMPANY LIMITED","photo_2025-10-27_17-13-03.jpg","CE","10/27/2025","Closed","SQE","Material issue","Metal",
"10/27/2025","Day shift","High Mix","096866001","C2-045","Can not assemble steel tube to housing","1","2.00%","Material issue:  The steel tube was out of profile. ","695397006-05","Zhongshan","photo_2025-10-27_20-49-14.jpg","MRCE to close job -> SQE will work with supplier to improve this defect","10/27/2025","Closed","SQE","Material issue","Metal",
"10/26/2025","Day shift","High Mix","095270107","C2-041","Can not assemble rubber tube  to gun","1","2.00%","Rubber tube NG dim note 1 (NG thread) -> Can not assemble to gun","307479001-04","CTY TNHH KY THUAT VA CONG NGHE LONG BAO VIET NAM","photo_2025-10-26_13-32-34.jpg","MRCE to close job -> SQE will work with supplier to improve this defect","10/26/2025","Closed","SQE","Material issue","Metal",
"10/26/2025","Day shift","High Mix","096866001","C2-042","Tool can not run","3","7.00%","Man issue: Operator insert connector not seated properly","NA","NA","photo_2025-10-26_16-29-58.jpg","Remind leader and operator focus on work at this station.","10/26/2025","Closed","Prod","Man issue",,
"10/26/2025","Day shift","High Mix","095726003","C2-043","The fan rubbing against the stator","90","100.00%","Material issue: Stator fail dim 4. Spec: 90.3-91.35 mm;  Actual: 90.14 mm ","543753001-04","FUKAI TECHNOLOGY (SINGAPORE) PTE.LTD.","photo_2025-10-26_16-32-57.jpg","Short term: SQE sorting material to resume line/ Long term:  Request 8D from supplier to improve dim 4.","11/2/2025","Open","SQE","Material issue","Plastic",
"10/26/2025","Day shift","High Mix","095817301","C2-051","Tool can not run","4","12.00%","Man issue: Place the PCBA to housing in wrong position -> Cause electronic device damaged","NA","NA","photo_2025-10-26_16-44-03.jpg","Remind OP and leader focus on work, follow WI strictly","10/26/2025","Closed","Prod","Man issue",,
"10/26/2025","Night shift","High Mix","011309014","C2-014","Tool is high current","70","100.00%","Material issue: Bit holder NG dim 26. Spec: 6-6.03mm/ Actual: 5.88mm","671562240-01","JUN JAM METAL PRODUCTS TECHNOLOGY LIMITED","photo_2025-10-26_16-53-26.jpg","Request SQE work with supplier to improve dim 26","10/26/2025","Closed","SQE","Material issue","Metal",
"10/26/2025","Night shift","High Mix","011309014","C2-028","The gearbox was assembled tightly, causing high current.","70","50.00%","Bit holder NG dim#26 , spec: 6-6.03mm, actual: 5.88mm","671562240","JUN JAM METAL PRODUCTS TECHNOLOGY LIMITED","photo_2025-10-27_12-47-01.jpg","CE, 8D report for supplier","10/28/2025","Closed","SQE","Material issue","Metal",
"10/26/2025","Night shift","High Mix","095726003","C2-043","The part cannot be assembled ","20","11.00%","The part failed dim #4, spec: 90.3-91.35mm , actual : 90.14mm ","543753001","FUKAI TECHNOLOGY (SINGAPORE) PTE.LTD.","photo_2025-10-27_12-55-58.jpg","CE","10/27/2025","Closed","SQE","Material issue","Plastic",
"10/26/2025","Night shift","High Mix","095726003","C2-043","The tool runs with noise.","90","25.00%","The fan blade is rubbing","-","-","photo_2025-10-27_14-03-23.jpg","Retrain the operators to adhere to the WI and check carefully before tranfer to the next step","10/26/2025","Closed","Prod","Man issue","N/A",
"10/26/2025","Night shift","High Mix","096866001","C2-042","Tool cannot run ","1","1.00%","The wire is broken","-","-","photo_2025-10-27_14-08-38.jpg","Retrain the operators to adhere to the WI ","10/26/2025","Closed","Prod","Man issue","N/A",
"10/26/2025","Night shift","High Mix","096866001","C2-042","The tool cannot run ","2","2.00%","The connector was inserted misaligned.","-","-","photo_2025-10-27_14-12-27.jpg","Retrain the operators to adhere to the WI ","10/26/2025","Closed","Prod","Man issue","N/A",
"10/26/2025","Night shift","High Mix","095270107","C2-023","The part cannot be assembled","1","1.00%","The thread of the part number (PN) is NG.","307479001","ZHEJIANG FOONG TECHNOLOGY CO., LTD","photo_2025-10-27_14-21-55.jpg","CE","10/26/2025","Closed","SQE","Material issue","N/A",
"10/25/2025","Day shift","High Volume","095794004","C1-34","Station 3:  rotational force failure>30 kgf.cm","60","10.00%","Part TOP COVER fail dim 34","537187002-14","HONG NHAT","27.png","Pull CE and feedback to SQE","10/25/2025","Closed","SQE","Material issue","Plastic",
"10/25/2025","Night shift","High Mix","030218010","C2-013","Tool no run","1","0.30%","The operator performed the wire installation but did not insert the wire into the connector housing linked to the power source, resulting in an incorrect operation at process step C18.","N/A","N/A","Screenshot 2025-10-09 1130351.png","'-Line leader retrain the operator at this station","10/25/2025","Closed","Prod","Man issue","N/A",
"10/25/2025","Night shift","High Volume","096852002DG9","C1-06","Bump head is difficult to rotate","120","16.60%","bump knob/ arborless string head is failed at #DIM 3","530455002-12","Fukai","truong5.png","pull CE, informed to SQE team to work with supplier to improve this part to prevent this issue","10/27/2025","Closed","SQE","Material issue","Plastic",
"10/25/2025","Night shift","High Volume","096852002DG9","C1-06","Bump head is difficult to rotate","100","13.80%","bump knob/ arborless string head is failed at #DIM 16","530670001-05","Fukai","truong6.png","Inform to SQE team to work with supplier to prevent this issue","10/25/2025","Closed","SQE","Material issue","Plastic",
"10/24/2025","Day shift","EEC","130597180","C2-124","Strap burned","2","1.80%","The heat press stroke is too deep, causing the positive strap to shift after heat pressing led to burned strap after spot welding","NA","NA","C2-124.jpg","PM adjust pressing stroke","10/24/2025","Closed","PM","Machine issue","Metal",
"10/24/2025","Day shift","High Volume","096003001DG9","C1-03","Led not light","2","0.30%","Diot D101 is reverse","281169036-03","DS","25.png","Pull CE and feedback to SQE","10/24/2025","Closed","SQE","Material issue","PCBA",
"10/24/2025","Day shift","High Volume","096880001","C1-10","battery not fit foot battery","50","20.00%","part foot battery NG dim 43","534208001-07","TOAN THAI HUNG","26.png","Pull CE and feedback to SQE","10/24/2025","Closed","SQE","Material issue","Plastic",
"10/24/2025","Day shift","High Mix","095726003DG9","C2-051","Strong vibration occurred while the machine was running.","2","4.00%","The fan blade was not fully seated in the groove during assembly.","-","-","photo_2025-10-24_14-54-05.jpg","Retrain the operators to follow the correct WI and recheck before moving to the next step.","10/24/2025","Closed","Prod","Man issue","N/A",
"10/24/2025","Day shift","High Mix","011396009","C2-009","The screw was not fully seated in the hole.","100","50.00%","The hole has no chamfer.","657403002","JIN JUE HARDWARE AND PLASTIC (VIETNAM) COMPANY LIMITED","photo_2025-10-24_15-10-22.jpg","CE, 8D report for supplier","10/24/2025","Closed","SQE","Material issue","Metal",
"10/24/2025","Day shift","High Mix","315636002","C2-003","The laser light is not even ","20","15.00%","The len fail technique of parameter","543002001","FOSHAN SHUNDE AOQUN ELECTRIC APPLIANCES MANUFACTURING CO., LTD.","photo_2025-10-24_15-26-51.jpg","CE","10/24/2025","Closed","SQE","Material issue","N/A",
"10/24/2025","Day shift","High Mix","095109108","C2-045","The screw is hard to thread into the hole.","10","10.00%","Fail dim #13, The check gauge does not pass as shown in the picture.","308210013","ZHEJIANG YINGKE INDUSTRY AND TRADE CO., LTD","photo_2025-10-24_16-05-20.jpg","CE","10/24/2025","Closed","SQE","Material issue","Metal",
"10/24/2025","Night shift","High Volume","095794004","C1-34","Unable to assemble","2","5.00%","The material failed the dimensional check","635322002-02","Sun Luen","Image (27).jpg","SQE contact supplier improve ","10/25/2025","Closed","SQE","Material issue","Metal",
"10/23/2025","Day shift","High Volume","096003001DG9","C1-03","The tool cannot upload the firmware.","1","0.10%","T2 signal line is cut","N/A","N/A","0033.png","Feedback to production supervisors and leaders for improvement.",,"Closed","Prod","Man issue",,
"10/23/2025","Day shift","High Volume","096003001DG9","C1-03"," The charger light is not on.","1","0.10%","The red LED on the charger is faulty.","140458020","GIGA","NG .png","Pull CE and feedback to SQE",,"Closed","SQE","Material issue","PCBA",
"10/23/2025","Day shift","High Mix","095172207","C2-043","Part cannot be assembled","20","50.00%","Part (special shape nut) fail dim #3, spec: 6.8-7mm, actual: 7.39mm","662137002","TAIMING HARDWARE CO., LIMITED","photo_2025-10-23_14-44-39.jpg","CE","10/23/2025","Closed","SQE","Material issue","N/A",
"10/23/2025","Day shift","High Volume","096003010","C1-03"," GROUNDING STRAP NG","5","0.10%","Material NG Dim 6,  Dim 7","699936001","Regent","671.png","Pull CE and Feedback to SQE",,"Closed","SQE","Material issue","Metal",
"10/23/2025","Day shift","High Mix","011309014","C2-028","Can not assembly","1","0.02%","Material 671488233 fail dim #1, spec: 11.98-11.99 act: 12.13","671488210","Weida VN","2025-10-23 -1.png","Feed back SQE to work with supplier for improve","10/24/2025","Closed","SQE","Material issue","Metal",
"10/23/2025","Day shift","High Mix","010897002","C2-008","Clamp didnt work","2","0.04%","Operator assembly 2 washers instead one => Clamp stuck","N/A","N/A","2025-10-23 -2.png","Rework and re-training operator","10/23/2025","Closed","Prod","Man issue","Metal",
"10/23/2025","Day shift","High Mix","010897002","C2-008","Output shaft broken","5","0.10%","Operotor assembly the clamp reverse way -> Hall sensor cannot get signal from magnet => Tool run without stop => Output shaft broken","N/A","N/A","2025-10-23 -3.png","Re-training operator","10/23/2025","Closed","Prod","Man issue","Metal",
"10/23/2025","Day shift","High Mix","095932303","C2-043","Can not assemble plastic handle bracket into steel tube","3","5.00%","Material issue: Plastic handle bracket missing grove","522984002-02","Minh Viet Electronic","ádfghjk.jpg","MRCE","10/23/2025","Closed","SQE","Material issue","Plastic",
"10/23/2025","Day shift","High Mix","095270005","C2-026","Sprayer not spraying water","3","5.00%","Man issue: Operator assemble rubber in wrong direction","NA","NA","photo_2025-10-23_20-27-43.jpg","Re-train operation to perform follow WI strictly","10/23/2025","Closed","Prod","Man issue",,
"10/23/2025","Day shift","High Mix","095270005","C2-026","Sprayer not spraying water","2","3.00%","Man issue: Assemble plastic part is not completely => Pump can not generate pressure","NA","NA","photo_2025-10-23_20-34-28.jpg","Re-train operation to perform follow WI strictly","10/23/2025","Closed","Prod","Man issue",,
"10/23/2025","Night shift","High Volume","096880001","C1-10","The Goods fail at function machine with low current in WI ( 15.3-20.3 A) ","2","0.20%","The button adding operation is misaligned with the trigger",,,"truong4.png","Remind the group lead to re-train the OP to improve and pay attention to this issue","10/25/2025","Closed","Prod","Man issue","Switch",
"10/23/2025","Night shift","High Volume","096914001","C1-43","excessive current","8","11.00%","motor fail dim notes 2 (MOTOR NO LOAD AT 19.3V DC, CURRENT : 3.0 A MAX; SPEED: 20000±10% RPM)","742391006-01","Rotong","Image (26).jpg","Supplier sorting ","10/24/2025","Closed","SQE","Material issue","Motor",
"10/23/2025","Day shift","High Mix","010831004","C2-001","Tool didnt stop at right position (Run without stop)","2","0.29%","Operator didnt assemble magnet => Hall sensor cannot detect end position => tool didnt stop","N/A","N/A","2025-10-23 -4.png",,"10/23/2025","Closed","Prod","Man issue","PCBA",
"10/23/2025","Night shift","EEC","130597184","C2-147","the Positive terminal was burnt.","1","0.11%","the solder tip collided with terminal. causing the positive Pole shorted Negative pole during the soldering process at negative point.","n/a","n/a","photo_2025-10-24_08-54-27.jpg","informed PM/ME to check and fix the machine in time.","10/23/2025","Closed","PM","Machine issue","PCBA",
"10/23/2025","Day shift","High Mix","030412003","C2-012","The housing had a gap over 0.3mm","3","0.62%","PCBA's Wire had not arranged in correct place","280159006","Top Tek","Screenshot 2025-10-24 095733.png","Contact SQE to arrange resources to sorting incoming material","10/23/2025","Closed","SQE","Material issue","PCBA",
"10/23/2025","Night shift","High Mix","011397001","C2-003","The fan cannot be assembled","7","14.00%","The hole has burrs","647234001","NINGBO LIANYOU PRECISION MFG CO.,LTD","photo_2025-10-24_16-10-26.jpg","CE","10/23/2025","Closed","SQE","Material issue","N/A",
"10/23/2025","Night shift","High Mix","096776010","C2-009","Tool cannot run ","1","1.00%","The motor plug was disconnected.","-","-","photo_2025-10-24_16-27-25.jpg","Retrain the operators to adhere to the WI","10/24/2025","Closed","Prod","Man issue","N/A",
"10/22/2025","Day shift","High Mix","030383007","C2-055","Can't shoot the nail","1","0.17%","Place wrong direction of spring when assembly with switch",,,"Picture1.png","'Remind OP to focus on the process","10/22/2025","Closed","Prod","Man issue",,
"10/22/2025","Day shift","High Volume","095723023","C1-34","low current","2","0.30%","PCBA NG speed signal control","282047013-02","Longgood","231.png","Pull CE and feedback to SQE","10/22/2025","Closed","SQE","Material issue","PCBA",
"10/22/2025","Day shift","High Volume","011363022","C1-64","The tool not working","2","0.10%","PCBA NG: Voltage output between TP23 and GND out of spec.","281080006","Genbyte","363.png","Pull CE and feedback to SQE","10/22/2025","Closed","SQE","Material issue","PCBA",
"10/22/2025","Day shift","High Volume","096946001","C1-24","Gap, not keep after assembly","10","1.60%","Part SHEAR SCABBARD NG dim 16","547832001-02","FUKAI","24.png","Pull CE and feedback to SQE","10/22/2025","Closed","SQE","Material issue","Plastic",
"10/22/2025","Day shift","High Mix","095875301","C2-023","Tube NG dimension #12. Spec: 29.65-29.8mm. Actual measured: 29.46mm => smaller than spec","300","100.00%","Material Issue","697307007-02","JONGSHAN","photo_2025-10-22_22-35-04.jpg","Add HC to support production, charge to SQE","10/22/2025","Closed","SQE","Material issue","Metal",
"10/22/2025","Day shift","High Mix","096752001","C2-045","Can not assembly the blade to tool smoothly","400","100.00%","Material issue: Motor mount with metal shaft inserts NG No go (dim# 14 & 20 & 21)","549115002-05","Kim Diep Plastic","photo_2025-10-22_22-43-57.jpg","Sorting material to resume production line","10/22/2025","Closed","SQE","Material issue","Plastic",
"10/22/2025","Day shift","High Mix","096752001","C2-045","Tool can not run","1","0.25%","Man issue: assembly double x2pcs of washer. Motor was stuck after closing housing case","N/A","N/A","photo_2025-10-22_22-50-37.jpg","Repair, remove 1pc washer tool can run normal","10/22/2025","Closed","Prod","Man issue","N/A",
"10/22/2025","Day shift","High Mix","095875005","C2-023","Can not tighten screw to drive shaft","162","14.20%","Material issue: thread of drive shaft was NG","623315002-01","JUNDA","photo_2025-10-22_22-57-10.jpg","Sorting material to maintain production line","10/22/2025","Closed","SQE","Material issue","Metal",
"10/22/2025","Day shift","High Mix","095172207","C2-051","Big gap of battery insertion","5","1.60%","Man issue: assembly the battery clip wrong","N/A","N/A","photo_2025-10-22_23-05-10 (2).jpg","Re-train operation to perform follow WI strictly","10/22/2025","Closed","Prod","Man issue","N/A",
"10/22/2025","Night shift","High Volume","096914001","C1-44","Motor after screwing be stiff and difficult to rotate","2",,"Part plastic holder-motor NG #DIM 16","522990008-02",,"truong3.png","Toàn Thái Hưng","10/23/2025","Closed","SQE","Material issue","Plastic",
"10/22/2025","Night shift","High Volume","011420004","C1-57","High current ","15","8.00%","Dimension failure of materia","647398001-02","Jingjiang","Image (25).jpg","Waiting for information confirmation from the day shift",,"Open","SQE","Material issue","Metal",
"10/22/2025","Day shift","High Mix","010694007","C2-008","Tool cannot be assembled ","100","100.00%","material fail dim #5, spec: 14.965mm-14.99mm, actual: 15.175mm","641573001","YILISHA TECHNOLOGY CO., LTD","photo_2025-10-23_14-30-12.jpg","CE/The supplier is required to submit an 8D report.","10/22/2025","Closed","SQE","Material issue","Metal",
"10/21/2025","Day shift","High Volume","096003302","C1-03","The stripped wire is too short, making it difficult to work with.","60","5.00%","The stripped wire is too short, causing a failure in DIM 5.","281169036","DS","003.png","Feedback to SQE for Improvement",,"Closed","SQE","Material issue","PCBA",
"10/21/2025","Night shift","High Volume","095723023","C1-34","Tubo open button is slow","6","3.00%","burr are affecting the travel Tubo","543750001-01","Fukai","Image (24).jpg","Supplier sorting ","10/22/2025","Closed","SQE","Material issue","Metal",
"10/21/2025","Night shift","High Volume","096003001DG9","C1-03","Firmware cannot be loaded","10","5.00%","Error caused by operator's incorrect operation, broke the switch pin",,,"Image (4).png","The leader retrains the operator on the procedure","10/22/2025","Closed","Prod","Man issue","Switch",
"10/21/2025","Day shift","EEC","130597100","C2-121","Fuel gauge button is deform","1","0.10%","The battery pack was placed incorrectly, causing the cylinder to press too deeply on the fuel gauge button.","N/A","N/A","des4.png","Inform PM follow and adjust machine",,"Closed","PM","Machine issue","PCBA",
"10/21/2025","Night shift","High Mix","011249025","C2-010","Air leakage","22","0.85%","Rubber was asssembled wrong way, dust on the rubber, rubber damage","N/A","N/A","2025-10-22 -1.png","Rework and feed back production","10/22/2025","Closed","Prod","Man issue",,
"10/21/2025","Day shift","High Mix","030383007","C2-055","Air Leakage","3","0.75%","Top Cap had an unexpected hole. Therefore, this caused air leakage at nail shooting station.","642831001-03","Shunda Mold VN","Screenshot 2025-10-22 094320.png","Contact SQE to allocate resources to sorting incoming material and improve next future lots.","10/21/2025","Closed","SQE","Material issue","Metal",
"10/21/2025","Day shift","High Mix","011397002","C2-003","The motor shaft is loosely fitted with the bearing.","1","1.00%","The motor shaft failed dim 2","292093008","VIETNAM ROTONG ELECTRO-MECHANICS COMPANY LIMITED","photo_2025-10-23_15-53-39.jpg","CE","10/22/2025","Closed","SQE","Material issue","Motor",
"10/20/2025","Day shift","High Volume","095394202","C1-28","hight curent","1","0.30%","rework part CAM deform","N/A","N/A","Screenshot 2025-10-21 080613.png","information to the production scrap part rework","10/20/2025","Closed","Prod","Method issue","Metal",
"10/20/2025","Day shift","High Volume","095251109","C1-36","the machine is not function","2","0.50%","PCBA-NG, open signal pin (+)","281335057","Long good","Image (99).jpg",,"10/20/2025","Closed","SQE","Material issue","Plastic",
"10/20/2025","Day shift","High Volume","159228002","C1-49","RUBBER FOAM WRONG SIZE","15","0.10%","Material NG Dim 1","566194001","Century","228.png","Pull CE and feedback to SQE",,"Closed","SQE","Material issue","Plastic",
"10/20/2025","Day shift","High Volume","095712002","C1-29","The device is not following the proper process.","1","0.10%","Solder short on PCBA","281476001","Longgood","712.png","Pull CE and Feedback to SQE",,"Closed","SQE","Material issue","PCBA",
"10/20/2025","Day shift","High Volume","003015018DG9","C1-18","The charger light is not on.","1","0.10%"," The red LED on the charger is faulty.","140458020","GIGA","Screenshot 2025-10-20 161716.png"," Pull CE and feedback to SQE",,"Closed","SQE","Material issue","PCBA",
"10/20/2025","Day shift","High Volume","096836001","C1-10","The latch is assembled too tightly","10","1.00%","The trigger fail dim 13","545324001","Minh Viet","10.png","Pull CE and Feedback to SQE",,"Closed","SQE","Material issue","Plastic",
"10/20/2025","Day shift","High Volume","096887002","C1-08","Stamping has incorrect profile","1100","100.00%","Mold tooling was broken","644651003","YONGFENG","8.png","PULL CE and Feedback to SQE",,"Closed","SQE","Material issue","Metal",
"10/20/2025","Night shift","High Volume","096003302","C1-03","Housings be exposed ","1","0.13%","adding PCBA into housings operation of operator is wrong, mismatched",,,"truong1.png","Require line lead and group lead to re-train Operator for this operation","10/21/2025","Closed","Prod","Man issue","Plastic",
"10/20/2025","Night shift","High Volume","316132005","C1-66","Jammed pin during stamping","30","15.00%","The pin did not meet the required dimensions (fail dim 2)","673358001-01","Regent","Image (23).jpg","The supplier performed sorting of the goods",,"Open","SQE","Material issue","Metal",
"10/20/2025","Night shift","High Volume","095293301","C1-45","Motor and fan assembly running be failed balance","10","30.00%","balance testing fixture of ME is loose so putting motor and fan assembly on it will be failed",,,"truong2.png","Require ME fix this fixture","10/21/2025","Closed","Prod/PM","Machine issue","Motor",
"10/19/2025","Day shift","High Volume","096607002","C1-31","Stamping deformed after pressed into foot battery ","10","100.00%","fixture NG - misalign pressing fixture",,,"111d.png","ME fix issue ","10/19/2025","Closed","PM","Machine issue","Plastic",
"10/18/2025","Night shift","High Volume","095606414","C1-17","TELESCOPE COUPLER NOT FIT STEEL TUBE","100","30.00%","TELESCOPE COUPLER Fail dim 7( go), STEEL TUBE fail dim 3 (go)","531892001-02, 695760001-3","DESHENG, SHENZHEN ","221.png","Respond SQE to call supplier for sorting part ok","10/18/2025","Open","SQE","Material issue","Metal",
"10/18/2025","Night shift","High Mix","011342001","C2-004","The tool generates noise","1","1.00%","The clamp was stamped in reverse orientation.","-","-","photo_2025-10-19_13-59-18.jpg","Retrain the operators to follow the correct WI and recheck before moving to the next step.","10/18/2025","Closed","Prod","Man issue","N/A",
"10/18/2025","Night shift","High Mix","095403301","C2-023","Tool cannot run ","5","3.00%","Wiring not following WI caused wire to be pinched","-","-","photo_2025-10-19_14-27-47.jpg","Retrain the operators to adhere to the WI. ","10/18/2025","Closed","Prod","Man issue","N/A",
"10/18/2025","Night shift","High Mix","095403301","C2-023","The tool operates without pressing the safety switch","1","1.00%","Switch latch installed in the wrong position","-","-","photo_2025-10-19_14-38-38.jpg","Retrain operators, update WI with clear visuals, and implement poka-yoke to ensure correct switch latch installation.","10/18/2025","Closed","Prod","Man issue","N/A",
"10/18/2025","Night shift","High Mix","095403301","C2-023","Tool cannot run ","2","2.00%","Battery pin is bent.","-","-","photo_2025-10-19_14-43-29.jpg","Retrain the operators to adhere to WI and carefully check before the next step","10/18/2025","Closed","Prod","Man issue","N/A",
"10/18/2025","Night shift","High Mix","095403301","C2-023","Level 1 light not working","1","1.00%","LED is craked","-","-","photo_2025-10-19_14-43-55.jpg","Retrain the worker to adhere to the WI. ","10/18/2025","Closed","Prod","Man issue","N/A",
"10/18/2025","Day shift","High Volume",,"C1- 04","pin cannot pressed into trigger","8","4.00%","fail ID dim 13 ","545324001-02","Minh Hao","Image (22).jpg","SQE contact Sup sorting part ok","10/19/2025","Closed","SQE","Material issue","Plastic",
"10/16/2025","Day shift","High Volume","011416009","C1-65","Gap or looseness in the housing cover","6","0.10%","Screw not fully tightened",,"N/A","Screenshot 2025-10-16 185402.png","Feedback to production supervisors and leaders for improvement.",,"Closed","Prod","Man issue",,
"10/16/2025","Day shift","High Volume","095606409","C1-17","trigger stuck","10","5.00%","trigger deform , fail 3D","531888001","Minh Hao","Image (21).jpg","SQE contact supplier improve ","10/16/2025","Closed","SQE","Machine issue","Plastic",
"10/16/2025","Day shift","High Mix","011256014","C2-028","Tool cannot run ","2","4.00%","Wire damaged/cut by screw hole","-","-","photo_2025-10-17_15-56-01.jpg","Retrain the operators to follow the correct WI and recheck before moving to the next step.","10/16/2025","Closed","Prod","Man issue","N/A",
"10/16/2025","Night shift","High Mix","095834102","C2-044","Tool not spraying water","1","2.00%","Pinched wire caused air blockage.","-","-","photo_2025-10-17_16-03-28.jpg","Train the operators to follow the WI correctly and recheck before transferring to the next step","10/16/2025","Closed","Prod","Man issue","N/A",
"10/16/2025","Night shift","High Mix","095834102","C2-044","Pressure test failed","1","2.00%","Valve installed in reverse","-","-","photo_2025-10-17_16-06-34.jpg","Retrain the operators to adhere to WI ","10/16/2025","Closed","Prod","Man issue","N/A",
"10/16/2025","Night shift","High Mix","011381001","C2-027","Tool cannot run ","2","2.00%","Screw fastening caused component damage","-","-","photo_2025-10-17_16-11-49.jpg","Retrain the operators to adhere to WI ","10/16/2025","Closed","Prod","Man issue","N/A",
"10/16/2025","Night shift","High Volume","096607002","C1-13","motor not fit fixture","30 pcs","1.00%","motor out max dim 27","743093002-01","topband","21.png","Rework, Respond SQE to call supplier improve","10/17/2025","Closed","SQE","Material issue","Motor",
"10/16/2025","Day shift","High Mix","096620201","C2-026","Tool cannot be assembled","100","100.00%"," trigger fail dim21","537286003","Kim Long ","photo_2025-10-18_05-46-55.jpg","CE","10/16/2025","Closed","SQE","Material issue","Switch",
"10/16/2025","Day shift","High Mix","095241010","C2-043","Tool cannot be assembled","2","2.00%","Material fail dim #11, spec: 10+0.01/+0.02 mm, actual: 9.96mm","CL00095191","-","photo_2025-10-18_05-54-44.jpg","CE","10/16/2025","Closed","SQE","Machine issue","N/A",
"10/15/2025","Day shift","High Volume","011416002","C1-65","leakage current ","4","2.00%","Thick coating layer, limiting contact of ground wire","660145008","china","Image (20).jpg","Increase gun force to break the coating","10/15/2025","Closed","PM","Method issue","Metal",
"10/15/2025","Day shift","High Volume","096878002","C1-17","The chainsaw chain tensioning assembly is stiff.","1","0.10%","The chain adjustment gear failed at dimension 9.","610624007","ZHEJIANG CHAOHONG","878.png"," Pull CE and feedback to SQE",,"Closed","SQE","Material issue","Metal",
"10/15/2025","Day shift","High Mix","011377006","C2-026","Tool ","1","1.00%","Solder short between two nearby leads.","-","-","photo_2025-10-16_13-04-07.jpg","Require operators to carefully inspect after soldering.","10/15/2025","Closed","Prod","Man issue","N/A",
"10/15/2025","Day shift","High Mix","011377006","C2-026","Tool cannot run ","1","1.00%","The jack is not fully inserted","-","-","photo_2025-10-16_12-59-12.jpg","Train the operators to follow the WI correctly and recheck before transferring to the next step","10/15/2025","Closed","Prod","Man issue","N/A",
"10/15/2025","Night shift","High Mix","095110104","C2-044","Tool cannot be assembled. ","2","2.00%","Material fail dim #9","308210009","ADVANCE INNOVATION TECHNOLOGY (VIET NAM) COMPANY LIMITED","photo_2025-10-16_13-11-58.jpg","CE","10/15/2025","Closed","SQE","Material issue","Metal",
"10/15/2025","Night shift","High Mix","096725026","C2-026","Screw cannot be fastened.","20","10.00%","Burrs inside the hole","549401001","MING SHING (HONG KONG) COMPANY LIMITED","photo_2025-10-17_17-42-38.jpg","CE","10/16/2025","Closed","SQE","Material issue","N/A",
"10/14/2025","Day shift","High Mix","030319004","C2-012","Cannot assemble the part into housing","10","100.00%","Material issue: ID #11 out of spec","526035005 & 526034005","MINGKING","Screenshot 2025-10-15 081016.png","Stop the line then waiting for new delivery with fully inspection for Dim #11. Request 8D report from Supplier","10/15/2025","Open","SQE","Material issue","Plastic",
"10/14/2025","Day shift","High Volume","011416002","C1-65","The device starts operating unexpectedly without manual trigger activation.","1",,"Assembly causes interference with the trigger control wire.",,,"416.png","Feedback to production supervisors and leaders for improvement.",,"Closed","Prod","Man issue","N/A",
"10/14/2025","Day shift","High Volume","095654002","C1-11","The tool is not working.","1",,"The connection wire between the power source and the motor has poor contact.",,,"11.png","Feedback to production supervisors and leaders for improvement.",,"Closed","Prod","Man issue","N/A",
"10/14/2025","Day shift","High Volume","096700102","C1-34","The tool is not working.","2",,"There is a faulty solder joint between the PCBA and the motor.",,,"700.png","Feedback to production supervisors and leaders for improvement.",,"Closed","Prod","Man issue","N/A",
"10/14/2025","Night shift","High Mix","011342001","C2-023","Cannot lock the saw blade","5","8.00%","Material not fully loaded","-","-","photo_2025-10-15_12-57-27.jpg","Retrain the operators to follow the correct WI and recheck before moving to the next step.","10/14/2025","Closed","Prod","Man issue","N/A",
"10/13/2025","Day shift","High Volume"," 096887002","C1-08","gear cannot be assembled onto shaft ","2","0.20%"," 622738003-01 fail dim 2","622738003-01","Bach Tung","Image (18).jpg","supplier sorting, Feedback to SQE for Improvement","10/13/2025","Closed","SQE","Material issue","Metal",
"10/13/2025","Day shift","High Volume","011420010","C1-58","hight curent (spec  <= 13.5A) ","10","1.00%","Fixture NG- tilted rotor & stator when screw in -> R & S can not align -> contact -> High current",,,"Image (19).jpg","ME chỉnh lại fixture, fix lại lực súng về min(6kgf)","10/13/2025","Closed","PM","Machine issue","Motor",
"10/13/2025","Day shift","High Volume","095653008","C1-23","The battery is not fully seated in the groove","15","2.00%","Part plastic 534208001 fail dim #12, Dim #15, Dim #17, Dim 43-2","534208001","Toan Thai Hung","23.png","Feedback to SQE for Improvement","10/14/2025","Closed","SQE","Material issue","Plastic",
"10/13/2025","Day shift","High Volume","316132005","C1-66","The coiled pin was deformed during the pressing process.","30","2.00%","The fixture from ME is not pokayoke",,,"sub.png","Feedback ME Improvement","10/14/2025","Closed","PM","Machine issue","Metal",
"10/13/2025","Night shift","High Volume","096918002","C1-13","The machine operates with loud noise and vibration","7","0.80%","OUTPUT SHAFT- fail dim 6 (runout)","
313201005-01","HONG KONH SHAN YUAN","20.png","Feedback to SQE for Improvement","10/13/2025","Closed","SQE","Material issue","Metal",
"10/13/2025","Day shift","EEC","130597100","C2-131","BP fail in step 12 (Charge/Discharge testing step)","2","0.20%","NTC wire is not positioned correctly leading to in is burnt during soldering process","280109564","Toptek","des3.png","Training for OP and inform IPQC to follow the step","10/13/2025","Closed","Prod","Man issue","PCBA",
"10/13/2025","Night shift","High Mix","095241010","C2-043","Tool cannot run ","9","13.00%","Wire routing caused breakage at D5","-","-","photo_2025-10-14_12-32-57.jpg","Retrain the operators to follow the correct WI and recheck before moving to the next step.","10/13/2025","Closed","Prod","Man issue","PCBA",
"10/13/2025","Night shift","High Mix","096241010","C2-043","Tool cannot run ","1","1.00%","Screw slippage caused PCB crack","-","-","photo_2025-10-14_12-40-27.jpg","Retrain the workers carefully . Check the circuit again after screwing","10/13/2025","Closed","Prod","Man issue","PCBA",
"10/13/2025","Day shift","High Mix","159117002","C2-026","Tool runs with abnormal noise","1","1.00%","The gear has burrs ","-","-","photo_2025-10-14_12-50-59.jpg","Train operators to carefully check for burrs before assembly.","10/13/2025","Closed","Prod","Man issue","N/A",
"10/13/2025","Day shift","High Mix","011268014","C2-003","Tool cannot run ","1","1.00%","The wire is broken ","-","-","photo_2025-10-14_12-51-02.jpg","Retrain the operators comply with WI","10/13/2025","Closed","Prod","Man issue","N/A",
"10/12/2025","Day shift","High Volume","096915001DG9","C1-06","The unit is not working.","1","0.10%","The switch is faulty","760952015","WEIDA","06.png","Pull CE and feedback to SQE",,"Closed","SQE","Material issue","Switch",
"10/12/2025","Day shift","High Volume","003015018DG9","C1-18","The charger light is not on.","2","0.10%","The red LED on the charger is faulty.","140458020","GIGA","18.png","Pull CE and feedback to SQE",,"Closed","SQE","Material issue","PCBA",
"10/12/2025","Night shift","High Volume","096914001","C1-36","GAP ASSEMBLY HOUSING AND BATTERY FOOT ","ALL","100.00%","Part BATTERY FOOT fail dim 3","534208001-07","TOAN THAI HUNG","191.png","Respond SQE to call supplier for sorting Switch button",,"Open","SQE","Material issue","Plastic",
"10/12/2025","Night shift","High Mix","095598202","C2-045","Tool cannot be assembled ","245","100.00%","the material has burrs","522991008","MING HAO INDUSTRIAL LIMITED","photo_2025-10-13_11-56-48.jpg","CE","10/12/2025","Closed","SQE","Material issue","N/A",
"10/12/2025","Night shift","High Mix","011092016","C2-028","Tool cannot run ","3","4.00%","U1 is cracked","-","-","photo_2025-10-13_12-54-03.jpg","Retrain the operators to follow the correct WI and recheck before moving to the next step.","10/12/2025","Closed","Prod","Man issue","PCBA",
"10/12/2025","Night shift","High Mix","095598202","C2-045","Tool cannot run ","2","1.00%","Terminal pulled out","-","-","photo_2025-10-13_13-05-57.jpg","Retrain the operators to follow the correct WI and recheck before moving to the next step","10/12/2025","Closed","Prod","Man issue","N/A",
"10/11/2025","Day shift","High Volume","096607002","C1-13","kẹt cò an toàn","1","0.50%","lỗi thao tác lắp cấn lò xo",,,"Image (17).jpg","IPQC hold hàng trên line, prod sort hàng ","10/11/2025","Closed","Prod","Man issue","Switch",
"10/11/2025","Night shift","High Volume","743039004","C1-59","copper coil be failed resistant values at function testing machine station","5","0.41%","According drawing, each copper coil in each phase have 7 copper wires => In each phase will have 14 wires, in fact, NG part only has 13 wires so it NG. The reason causing this case is because the supplier wiring lack of wire or be twisted","292623003-03","ACE COLOR","truong_2.png","Pull CE, and require SQE strong support to work with supplier to improve this case","10/13/2025","Closed","SQE","Material issue","Motor",
"10/11/2025","Night shift","High Mix","011207004","C2-030","Tool cannot run ","1","2.00%","Install extra washers","-","-","photo_2025-10-12_23-36-14.jpg","Retrain the operators to follow the correct WI and recheck before moving to the next step.","10/11/2025","Closed","Prod","Man issue","N/A",
"10/10/2025","Day shift","High Mix","159245002","C2-008","Tool no run","1","0.11%","The motor experienced an open circuit fault, due to a loose connection between brush and rotor.","741284004-01","FDVN","9Oct2025-1.jpg","Feed back SQE to work with supplier for improvement.","10/10/2025","Closed","SQE","Material issue","Motor",
"10/10/2025","Day shift","High Mix","312982004","C2-016","Tool cannot be assembled ","2","1.00%","The dimension deviates significantly compared to the OK sample.","683297001","SHENZHEN YUEHUARUI HARDWARE PRODUCTS CO., LTD","photo_2025-10-10_16-15-47.jpg","CE","10/10/2025","Closed","SQE","Material issue","Metal",
"10/10/2025","Day shift","High Volume","011252011","C1-63","The deformed washer cannot fit into the large cylinder during assembly","28","2.00%","The washer is deformed and failed Dim 13","634212002","JCL","fail dim 13.png","Pull CE and feedback to SQE",,"Closed","SQE","Material issue","Metal",
"10/10/2025","Day shift","High Mix","096866001","C2-051","Tool cannot run ","2","1.00%","Misaligned insertion, bent pin","-","-","photo_2025-10-10_17-09-45.jpg","Short-term: Adjust the pin to repair the tool. Long-term: Retrain operators to carefully inspect before moving to the next step.","10/10/2025","Closed","Prod","Man issue","N/A",
"10/10/2025","Day shift","High Volume","011252011","C1-63","The large cylinder was deformed, which resulted in the washer becoming warped.","10","2.00%","The large cylinder failed to meet dimensions 9 and 19","636064004","HUARUI","9 19.png","Pull CE and feedback to SQE",,"Closed","SQE","Material issue","Metal",
"10/10/2025","Day shift","High Mix","011031035","C2-026","The tool rotates off-center","10","5.00%","Runout test failed.","670794017","SHANDONG WEIDA MACHINERY CO., LTD","photo_2025-10-10_17-19-14.jpg","CE for sort term action. Feed back SQE to work with supplier for improvement for longterm action.",,"Closed","SQE","Material issue","Metal",
"10/10/2025","Day shift","High Volume","096887002","C1-08","The bearing could not be press-fitted into the output shaft.","1","0.10%","The output shaft has not been finish machined.","622738003","Bach Tung","gc.png","Pull CE and feedback to SQE",,"Closed","SQE","Material issue","Metal",
"10/10/2025","Night shift","High Mix","011207004","C2-030","The switch functions but does not hold","10","10.00%","The switch is not assembled properly into position","-","-","photo_2025-10-13_11-41-48.jpg","Retrain the operators to follow the correct WI and recheck before moving to the next step.","10/10/2025","Closed","Prod","Man issue","N/A",
"10/9/2025","Day shift","EEC","130597297","C2-099","Housing GAP over spec (> 0.3) after Auto screwing process","2","0.60%","The actual torque force is 7.2 kgf.cm > over spec (6+/- 1 kgf.cm)",,,"Image.png","Inform PM to adjust the torque force meet spec","10/9/2025","Closed","PM","Machine issue","Plastic",
"10/9/2025","Day shift","High Mix","030218010","C2-013","Tool cannot work","2","0.68%","The operator inserted the wire into switch incompletely","N/A","N/A","Screenshot 2025-10-09 113035.png","Call line leader come to train operator again. Do sorting for the WIPs on the line to ensure no more defectives flow to EOL","10/9/2025","Closed","Prod","Man issue","N/A",
"10/9/2025","Night shift","High Mix","011362016","C2-001","Tool cannot run ","1","1.00%","The battery terminal is bent.","-","-","photo_2025-10-10_16-08-11.jpg","Train the operators to follow the WI correctly and recheck before transferring to the next step","10/9/2025","Closed","Prod","Man issue","PCBA",
"10/9/2025","Night shift","High Volume","743044003","C1-59","When testing motor in testing function station ( test diff), motor run intermittently","3","0.40%","Copper wire of the stator touches the metal shell of motor causing leakage current so this symptom is be appear","292623003-03","ACE COLOR","truong_1.png","Pull CD for NPI in charge as project cost with code 23UI10","10/13/2025","Closed","PIE/PST/NPI","Design issue","Motor",
"10/8/2025","Day shift","High Volume","096918002","C1-13","đèn led không sáng","5","0.80%","PCBA short chì ","281335132-02","DS","Image (16).jpg","SQE contact sup improve","10/10/2025","Open","SQE","Material issue","PCBA",
"10/8/2025","Day shift","EEC","130597196","C2-081","LEDs are not light on when press fuel gauge button","1","0.00%","Workmanship - Welding strap is not assembly into PCBA slot","130597559","LG","Des2.png","Remind OP follow WI","10/8/2025","Closed","Prod","Man issue","PCBA",
"10/8/2025","Day shift","EEC","130597100","C2-123","The LED blinked abnormally after pressing the fuel gauge.","1","0.08%","worker assembled the PCBA on the battery pack incorrectly. As the result, the straps were not inserted into the hole of the PCBA",,,"photo_2025-10-09_10-52-37.jpg","Inform the line leader to re-train the worker at this station","10/8/2025","Closed","Prod","Man issue",,
"10/7/2025","Day shift","High Volume","159216009","C1-70","Noise issue ","1 ","0.30%","do the wrong operation","740202022","KPVN","Image (15).jpg","training OP","10/7/2025","Closed","Prod","Man issue","Motor",
"10/7/2025","Day shift","High Volume","096203102DG9","C1-26","The chainsaw brake handle is loose.","2","0.10%","The latch was missing during the assembly of the chainsaw brake unit.",,,"203.png","Feedback to production supervisors and leaders for improvement.",,"Closed","Prod","Man issue","N/A",
"10/7/2025","Day shift","High Volume","096607001","C1-13","The unit experiences vibration while operating.","1","0.10%","The metal part with dimension 17 is NG and does not secure the motor properly, causing vibration during unit operation.","645037001","YU XIN","607.png","Pull CE and feedback to SQE",,"Closed","SQE","Material issue","Metal",
"10/7/2025","Day shift","High Mix","159243005","C2-029","Button on PCBA broken","5","0.55%","Operator pressed the switch on button during assembly, resulting in the button breaking.","N/A","N/A","7Oct2025.jpg","Training operator and update WI to remind this point","10/8/2025","Closed","Prod","Man issue",,
"10/7/2025","Day shift","High Mix","011362016","C2-001","Tool no run - LED flash 9 times","1","0.20%","CNT and B+ were shorted","N/A","N/A","7Oct2025-2.jpg","Rework and re-training operator","10/8/2025","Closed","Prod","Man issue",,
"10/7/2025","Day shift","EEC","130690039","C2-096","Rating label pasted at wrong layout","5","1.50%","Machine issue: Stopper of cylinder was loosed -> misalignment between housing and label","N/A",,"6280496717094390999_119.jpg","Stop the labeling process and call PM come to fix machine. Inform IPQC help follow up 30 more pcs then release production","10/6/2025","Closed","PM","Machine issue","N/A",
"10/6/2025","Day shift","High Volume"," 743044003","C1-59","motor cannot into fixture","2","1.00%","p/n 623382003 fail dim 11","623382003","Bach Tung","Image (14).jpg","SQE contact supplier improve ",,"Closed","SQE","Material issue","Metal",
"10/6/2025","Day shift","High Volume","095653008","C1-39","The motor failed the balance test at the testing station.","5",,"The machine failed during operation",,,"Screenshot 2025-10-06 184411.png","The ME team recalibrated the machine.",,"Closed","PM","Machine issue","Motor",
"10/6/2025","Day shift","High Volume","159196029","C1-53","The unit failed the run-out test.","1",,"The chuck head is NG due to a faulty clamp.","670794026","WEIDA","53.png","Pull CE and feedback to SQE",,"Closed","SQE","Material issue","Metal",
"10/6/2025","Day shift","EEC","130597297","C2-099","Components on PCBA damaged","5","4.00%","Workmanship issue: The Operator put the battery pack on fixture improperly -> damaged by the head of coating nozzle","N/A","N/A","6280501716436323093_119.jpg","Stop the line and call Line leader come to train operator again","10/6/2025","Closed","Prod","Man issue","N/A",
"10/4/2025","Day shift","High Mix","011342001","C2-001","Tool no run and LED no light","2","0.30%","The wire not fully insert into housing's groove => After tighten screw, the wire damage","N/A","N/A","4Oct2025-1.jpg","Training operator follow WI. Request leader/ training team monitor this station.","10/4/2025","Closed","Prod","Man issue","PCBA",
"10/4/2025","Day shift","High Mix","010928009","C2-011","Tool no run and LED no light","2","0.55%","The operator pushed the wire too tightly, causing the small wire to break.","N/A","N/A","4Oct2025-2.jpg","Training operator follow WI. Request leader/ training team monitor this station.","10/4/2025","Closed","Prod","Man issue","PCBA",
"10/3/2025","Day shift","High Volume"," 743044003","C1-59","Copper wire contact with front endbell","6","0.01%"," Copper wire above plastic cover ","292623008-01","ACE COLOR","Image (12).jpg","Reject CD with model 743044003 , NPI improve design with add in material ","10/3/2025","Open","PIE/PST/NPI","Material issue","Motor",
"10/3/2025","Day shift","High Volume","096764001DG9","C1-58","The unit is experiencing high current.","1","0.00%","The stamping station's motor has incorrect dimensions.",,"ME","Screenshot 2025-10-03 092700.png","Feedback on ME department's machine improvement.","10/3/2025","Closed","PM","Machine issue","Motor",
"10/3/2025","Day shift","High Volume","000996053","C1-74","The green knob is hard to turn","20","3.00%","Plastic part has dimensional failure at position 16.","530670001","MS","74.png","Feedback to SQE: The supplier has sorted the parts as 'Good' for production line","10/3/2025","Closed","SQE","Material issue","Plastic",
"10/3/2025","Day shift","High Mix","011404002","C2-001","Tool cannot be assembled ","3","2.00%","Machining step missing compared to the drawing.","647144001","TIAN YAO VIET NAM HARDWARE INDUSTRIAL CO., LTD","photo_2025-10-03_13-23-10.jpg","CE","10/3/2025","Closed","SQE","Material issue","Metal",
"10/3/2025","Day shift","EEC","130606062","C2-095","Wrong color on fuel gauge LEDs","8","0.08%","Material Issue","280373139-01","Bestek","Des1.png","Ask SQE for sorting and working with vendor for further analysis","10/17/2025","Open","SQE","Material issue","PCBA",
"10/2/2025","Day shift","EEC","130690039","C2-096","Testing","Testing","1.00%","Testing","Testing","Testing","photo_2025-08-28_08-38-49.jpg","Testing","10/2/2025","Closed","PIE","Method issue","N/A",
"10/2/2025","Day shift","EEC","130597049","C2-124","Screw hole blocked, unable to fasten screw","10","0.01%","Material issue, Screw hole blocked,","541327002-02","YUDA","Des.png","Ask SQE for sorting and working with vendor for further analysis","10/3/2025","Closed","SQE","Material issue","Plastic",
"10/2/2025","Night shift","High Mix","011344004","C2-027","Cannot hold the screw head","4","1.00%","Material fail dim 20.08mm","671562245","JUN JAM METAL PRODUCTS TECHNOLOGY LIMITED","photo_2025-10-03_17-49-43.jpg","CE","10/2/2025","Closed","SQE","Material issue","Metal",
"10/1/2025","Day shift","High Volume","096608001DG9","C1-34","The motor is running in reverse","1","0.10%","Motor wires are connected incorrectly.","743094002","Huajie","Untitled1.png","Pull CE and feedback to SQE",,"Closed","SQE","Material issue","Motor",
"10/1/2025","Day shift","High Volume","011078015","C1-051","-Unit not run (The LED is blinking) -Unit not run at mode T3 -Unit not run (The LED not light) -Wrong mode T1 and T3","8","1.30%","Material issue (incoming)","282160045-01","Genbyte","PCBA PN 282160045 issue .jpg","8D report from supplier","10/11/2025","Open","SQE","Material issue","PCBA",
"9/30/2025","Day shift","High Mix","159264010","C2-001","Tool cannot be assembled","2","2.00%","Material fail dim #19","671488166","JUN HANG METAL PRODUCTS LTD.","photo_2025-09-29_14-05-17.jpg","CE","9/29/2025","Closed","SQE","Material issue","Metal",
"9/30/2025","Day shift","High Mix","010945022","C2-009","Tool cannot be assembled","2","3.00%","Material fail dim #11","697297002","WEIDA (VIETNAM) MANUFACTURING CO.,LTD","photo_2025-09-29_17-33-04.jpg","CE","9/29/2025","Closed","SQE","Material issue","Metal",
"9/30/2025","Day shift","High Mix","095241010","C2-021","The blade can not open","1","2.27%","Man issue: Operator soldering motor wrong polar","NA","NA","Motor.png","Remind leader and operator focus on work at this station.","9/30/2025","Closed","Prod","Man issue",,
"9/30/2025","Day shift","High Mix","011306006","C2-026","Tool cannot be assembled","10","10.00%","Material fail dim #1, #2","370016001","SUN LUEN (H.K.) METAL MANUFACTORY CO., LTD.","photo_2025-09-30_16-37-48.jpg","Supplier sorting the defective parts, CE ","9/30/2025","Closed","SQE","Material issue","Plastic",
"9/29/2025","Night shift","High Volume"," 011252011","C1-63","The machine is running weakly","1","2.00%","PCBA is missing solder","282160011","Genbyte","thumbnail1.png","Missing solder","10/2/2025","Closed","SQE","Material issue","PCBA",
"9/29/2025","Night shift","High Mix","010897002","C2-008","LED not lighting","2","2.00%","LED was damaged by mechanical interference during housing assembly. ","NA","NA","photo_2025-09-29_12-51-52.jpg","Update the WI include the correct assembly sequence to avoid LED collision.  Train operators again on proper housing assembly techniques, highlighting the critical LED areas. ","9/29/2025","Closed","Prod","Man issue","PCBA",
"9/26/2025","Day shift","EEC"," Test System","C2-100","NTC NG - ","1","0.10%","Workmanship issue","280109330","LG","6242194301824124850_121.jpg","Train for OP",,"Closed","Prod","Man issue","PCBA",
"9/26/2025","Day shift","High Volume","011252011","C1-063","1 pcs fgs's LED can't be on when we do shark-fin function","1","0.10%","PCBA issues, we refer to K2 document ( it have noted: If power on and press shark-fin switch , work LED will be on. And if release shark-fin switch, work led will be delay 10s and fade 1s offf)","282160011-02","Genbyte","PCBA1.png","pull ce and Scrap, respond to SQE to work with supplier to improve this part to not repeat issues","9/27/2025","Closed","SQE","Material issue","PCBA",
"9/26/2025","Day shift","High Mix","011399001","C2-007","The tool cannot be assembled","1","2.00%","Material NG dim#1, Spec: 7mm+0.008mm/-0, Actual: 7.17mm","622034021","Manh Quang Mechanics Company Limited","photo_2025-09-26_09-03-07.jpg","CE","9/30/2025","Closed","SQE","Material issue","Metal",
"9/25/2025","Day shift","High Mix","161024004","C2-034","Tool no run","1","0.11%","The wire has soldered reverse way","NA","NA","20250925_101119929_iOS.jpg","Rework and training operator follow WI","9/25/2025","Closed","Prod","Man issue","PCBA",
"9/22/2025","Day shift","High Volume","095653008","C1-35","The switch button slide so difficult","5","3.00%","Part switch button NG at #DIM 17","541953002-03","Mingshing","thumbnail2.png","Respond SQE to call supplier for sorting Switch button","9/24/2025","Closed","SQE","Material issue","Plastic",
,"Night shift","High Mix","030345003","C2-033",,"5","1.60%","Sleeve disk NG #dim1, spec: 19.987-20.007, actual: 20.015","695054001-01","BTR METAL (VIET NAM) COMPANY LIMITED","Screenshot 2025-12-24 051123.png","pull CE, informed to SQE team to work with supplier to improve this part to prevent this issue","12/24/2025","Closed","SQE","Material issue","Metal",
,,,,,,,,,,,,,,,,,,
,"Day shift","EEC","130606098","C2-100","External visual inspection at step 24.5 of the work instruction failed.","4","3.50%","Material issue: The push button showed no elastic recovery during the pressing test","316522092","GOOD MARK INDUSTRIAL VIETNAM COMPANY LIMITED","2026-04-23_17h00_29.png","Inform to SQE team to work with supplier to prevent this issue.",,"Closed","SQE","Material issue","Plastic","Nguyen Ngoc Dinh (VN.RYOBI-PIE)"
